{
  "type": "FeatureCollection",
  "name": "oN5 Building",
  "metadata": {
    "project_name": "oN5 Building",
    "center": {
      "latitude": 49.2666163,
      "longitude": -123.1042273
    },
    "requested_tree_count": 564,
    "generated_tree_count": 564,
    "maximum_search_radius_m": 1200,
    "used_radius_m": 224.82,
    "tree_placement_method": "matern_cluster_process_with_random_thinning",
    "initial_growth_radius_m": 50.0,
    "growth_radius_step_m": 25.0,
    "matern_parent_intensity_per_m2": 0.0044,
    "matern_mean_trees_per_cluster": 5.0,
    "matern_cluster_radius_m": 20.0,
    "forest_area_method": "tree_concave_hull_with_feature_clearances",
    "forest_area_clipped_to_exclusions": true,
    "forest_area_buffer_m": 8.0,
    "forest_hull_ratio": 0.2,
    "ignored_highways": [
      "footway"
    ],
    "forest_area_clearances_m": {
      "blocked_areas": 2.5,
      "footways_paths_and_cycleways": 1.0,
      "road_edge": 1.5,
      "railways": 5.0
    },
    "generated_at": "2026-08-25T19:10:13.933116+00:00",
    "source": "OpenStreetMap contributors, queried through the Overpass API",
    "source_url": "https://www.openstreetmap.org/copyright"
  },
  "features": [
    {
      "type": "Feature",
      "geometry": {
        "type": "Polygon",
        "coordinates": [
          [
            [
              -123.10686220104749,
              49.267684932620845
            ],
            [
              -123.10682535821165,
              49.267808793252264
            ],
            [
              -123.10682280641322,
              49.267815587348316
            ],
            [
              -123.10681925555133,
              49.26782218762182
            ],
            [
              -123.10681473919372,
              49.2678285316777
            ],
            [
              -123.10680930003537,
              49.26783455954305
            ],
            [
              -123.10680298949481,
              49.267840214233985
            ],
            [
              -123.10679586722817,
              49.267845442294444
            ],
            [
              -123.10678800056512,
              49.26785019430143
            ],
            [
              -123.10678588160229,
              49.26785135471785
            ],
            [
              -123.10673251671352,
              49.26785033237639
            ],
            [
              -123.10669221849895,
              49.26784958319472
            ],
            [
              -123.10669669647254,
              49.26773867338417
            ],
            [
              -123.10670569494151,
              49.26751891077578
            ],
            [
              -123.10670639315533,
              49.26750275211254
            ],
            [
              -123.10670810605653,
              49.26746389372543
            ],
            [
              -123.10675089825553,
              49.26746475038527
            ],
            [
              -123.10675106685116,
              49.26746475361066
            ],
            [
              -123.10692595309071,
              49.2674679440355
            ],
            [
              -123.10692634485495,
              49.267469817208365
            ],
            [
              -123.10692676451501,
              49.267476711366584
            ],
            [
              -123.1069261702152,
              49.26748360005415
            ],
            [
              -123.10692456742122,
              49.267490419916946
            ],
            [
              -123.10692197087369,
              49.26749710823382
            ],
            [
              -123.10692173354097,
              49.26749761592647
            ],
            [
              -123.10679699065152,
              49.26749622029479
            ],
            [
              -123.10679360953948,
              49.26749629084857
            ],
            [
              -123.10679025532697,
              49.26749657742229
            ],
            [
              -123.10678696034793,
              49.26749707725345
            ],
            [
              -123.10678375636533,
              49.267497785523766
            ],
            [
              -123.10678067426495,
              49.267498695405635
            ],
            [
              -123.10677774375768,
              49.267499798127986
            ],
            [
              -123.10677499309301,
              49.26750108306077
            ],
            [
              -123.10677244878684,
              49.2675025378175
            ],
            [
              -123.1067701353658,
              49.26750414837458
            ],
            [
              -123.10676807513083,
              49.267505899206554
            ],
            [
              -123.1067662879422,
              49.26750777343573
            ],
            [
              -123.10676479102806,
              49.26750975299491
            ],
            [
              -123.10676359881838,
              49.267511818801516
            ],
            [
              -123.10676272280583,
              49.267513950941556
            ],
            [
              -123.10676217143502,
              49.267516128861615
            ],
            [
              -123.10676195002104,
              49.267518331566954
            ],
            [
              -123.10675925002104,
              49.26762583156696
            ],
            [
              -123.10675936076603,
              49.267628038362815
            ],
            [
              -123.10675980269669,
              49.267630227428526
            ],
            [
              -123.10676057155077,
              49.267632377651594
            ],
            [
              -123.10676165991306,
              49.26763446829414
            ],
            [
              -123.10676305728683,
              49.2676364791929
            ],
            [
              -123.10676475019505,
              49.26763839095372
            ],
            [
              -123.10676672231044,
              49.26764018513856
            ],
            [
              -123.10676895461287,
              49.267641844443354
            ],
            [
              -123.10677142557284,
              49.2676433528649
            ],
            [
              -123.10677411135913,
              49.26764469585519
            ],
            [
              -123.10677698606857,
              49.26764586046171
            ],
            [
              -123.10678002197598,
              49.26764683545239
            ],
            [
              -123.10678318980145,
              49.2676476114239
            ],
            [
              -123.1067864589928,
              49.26764818089235
            ],
            [
              -123.10678979802024,
              49.26764853836551
            ],
            [
              -123.10679317468043,
              49.267648680395716
            ],
            [
              -123.10679888025871,
              49.26764873716764
            ],
            [
              -123.10679865009507,
              49.26765782863135
            ],
            [
              -123.10679876001599,
              49.26766003238733
            ],
            [
              -123.10679920021371,
              49.26766221851969
            ],
            [
              -123.10679996645446,
              49.26766436600253
            ],
            [
              -123.10680105136866,
              49.26766645418168
            ],
            [
              -123.10680244452178,
              49.26766846297336
            ],
            [
              -123.10680413251465,
              49.26767037305731
            ],
            [
              -123.10680609911245,
              49.267672166062624
            ],
            [
              -123.1068083254007,
              49.26767382474445
            ],
            [
              -123.10681078996734,
              49.26767533314984
            ],
            [
              -123.1068134691085,
              49.267676676771174
            ],
            [
              -123.10681633705661,
              49.267677842685714
            ],
            [
              -123.1068193662282,
              49.26767881967985
            ],
            [
              -123.10682252748913,
              49.26767959835702
            ],
            [
              -123.10682579043488,
              49.267680171228015
            ],
            [
              -123.10682912368293,
              49.26768053278304
            ],
            [
              -123.10683249517459,
              49.26768067954473
            ],
            [
              -123.10686305805277,
              49.26768102969227
            ],
            [
              -123.10686220104749,
              49.267684932620845
            ]
          ]
        ]
      },
      "properties": {
        "feature_type": "forest_area",
        "patch_id": 1,
        "tree_count": 5
      }
    },
    {
      "type": "Feature",
      "geometry": {
        "type": "Polygon",
        "coordinates": [
          [
            [
              -123.10655929393927,
              49.26797370847832
            ],
            [
              -123.10654978194506,
              49.26797676587033
            ],
            [
              -123.10654457722886,
              49.267978049990234
            ],
            [
              -123.10654574472939,
              49.267946238278626
            ],
            [
              -123.10654565972756,
              49.26794403264082
            ],
            [
              -123.10654524383561,
              49.26794184305997
            ],
            [
              -123.10654450105866,
              49.26793969062212
            ],
            [
              -123.10654343854976,
              49.267937596055624
            ],
            [
              -123.10654206654108,
              49.26793557953151
            ],
            [
              -123.10654039824527,
              49.26793366046926
            ],
            [
              -123.10653844972833,
              49.26793185734977
            ],
            [
              -123.10653623975482,
              49.2679301875374
            ],
            [
              -123.10653378960714,
              49.267928667112734
            ],
            [
              -123.10653112288065,
              49.26792731071771
            ],
            [
              -123.1065282652564,
              49.26792613141466
            ],
            [
              -123.1065252442538,
              49.26792514056047
            ],
            [
              -123.10652208896562,
              49.267924347697246
            ],
            [
              -123.10651882977783,
              49.26792376046039
            ],
            [
              -123.10651549807697,
              49.267923384505096
            ],
            [
              -123.10651212594792,
              49.267923223451874
            ],
            [
              -123.10633749633945,
              49.267920490982895
            ],
            [
              -123.10633727887931,
              49.267919063224795
            ],
            [
              -123.10633725190758,
              49.26791212125007
            ],
            [
              -123.10633825035883,
              49.26790520989476
            ],
            [
              -123.10634011912906,
              49.26789888685176
            ],
            [
              -123.10652881124466,
              49.2679023681374
            ],
            [
              -123.10656642496527,
              49.267903051333136
            ],
            [
              -123.10656476441693,
              49.26797150068022
            ],
            [
              -123.10655929393927,
              49.26797370847832
            ]
          ]
        ]
      },
      "properties": {
        "feature_type": "forest_area",
        "patch_id": 2,
        "tree_count": 2
      }
    },
    {
      "type": "Feature",
      "geometry": {
        "type": "Polygon",
        "coordinates": [
          [
            [
              -123.10625083046068,
              49.26768578137547
            ],
            [
              -123.1065185747429,
              49.26769047490073
            ],
            [
              -123.10652195654109,
              49.26769042579132
            ],
            [
              -123.10652531466155,
              49.26769016052775
            ],
            [
              -123.10652861673658,
              49.26768968166678
            ],
            [
              -123.10653183093865,
              49.267688993823995
            ],
            [
              -123.10653492628722,
              49.26768810362926
            ],
            [
              -123.10653787294733,
              49.267687019662844
            ],
            [
              -123.10654064251719,
              49.267685752372714
            ],
            [
              -123.1065432083019,
              49.267684313973824
            ],
            [
              -123.10654554557077,
              49.26768271833038
            ],
            [
              -123.10654763179572,
              49.26768098082222
            ],
            [
              -123.10654944686837,
              49.26767911819657
            ],
            [
              -123.10655097329388,
              49.267677148406605
            ],
            [
              -123.10655219635959,
              49.26767509043842
            ],
            [
              -123.1065531042768,
              49.267672964128046
            ],
            [
              -123.10655368829443,
              49.26767078997022
            ],
            [
              -123.10655394278332,
              49.26766858892087
            ],
            [
              -123.10656014278332,
              49.26751418892087
            ],
            [
              -123.10656006549627,
              49.26751198405677
            ],
            [
              -123.10655965753179,
              49.26750979474186
            ],
            [
              -123.10655892281545,
              49.267507642042546
            ],
            [
              -123.10655786841697,
              49.26750554667289
            ],
            [
              -123.10655650448216,
              49.26750352879532
            ],
            [
              -123.10655484413529,
              49.26750160782657
            ],
            [
              -123.10655290335285,
              49.26749980225092
            ],
            [
              -123.10655070080973,
              49.26749812944229
            ],
            [
              -123.10654825769966,
              49.267496605497044
            ],
            [
              -123.10654559753108,
              49.26749524507916
            ],
            [
              -123.10654274590117,
              49.267494061279066
            ],
            [
              -123.10653973024931,
              49.267493065487734
            ],
            [
              -123.10653657959324,
              49.267492267287025
            ],
            [
              -123.10653332424974,
              49.267491674357515
            ],
            [
              -123.10652999554289,
              49.26749129240461
            ],
            [
              -123.10652662550275,
              49.267491125103575
            ],
            [
              -123.10615022613541,
              49.26748452511467
            ],
            [
              -123.10567183230246,
              49.267476125222956
            ],
            [
              -123.10486703783675,
              49.267461825321284
            ],
            [
              -123.10486365820626,
              49.26746187352288
            ],
            [
              -123.10486030208075,
              49.267462137604454
            ],
            [
              -123.10485700176672,
              49.267462615023916
            ],
            [
              -123.10485378903338,
              49.26746330118558
            ],
            [
              -123.10485069480688,
              49.26746418948436
            ],
            [
              -123.10484774887264,
              49.26746527136939
            ],
            [
              -123.10484497958856,
              49.267466536426305
            ],
            [
              -123.10484241361212,
              49.26746797247753
            ],
            [
              -123.1048400756437,
              49.26746956569946
            ],
            [
              -123.10483798818886,
              49.26747130075554
            ],
            [
              -123.10483617134172,
              49.267473160943915
            ],
            [
              -123.10483464259144,
              49.26747512835819
            ],
            [
              -123.10483341665399,
              49.26747718405979
            ],
            [
              -123.10483250533035,
              49.2674793082603
            ],
            [
              -123.10483191739307,
              49.26748148051189
            ],
            [
              -123.10483165850168,
              49.26748367990422
            ],
            [
              -123.10481759431312,
              49.267816302881464
            ],
            [
              -123.10481372713052,
              49.267816235963316
            ],
            [
              -123.10476886085412,
              49.26781505527183
            ],
            [
              -123.10478150118074,
              49.267456850722155
            ],
            [
              -123.10478271091125,
              49.26742391910969
            ],
            [
              -123.10483133918422,
              49.26742475148553
            ],
            [
              -123.10485830469634,
              49.267425346313004
            ],
            [
              -123.10485840869289,
              49.26742534855005
            ],
            [
              -123.1058077116624,
              49.267445248612255
            ],
            [
              -123.1065291116624,
              49.26746034861225
            ],
            [
              -123.106529229318,
              49.26746035100203
            ],
            [
              -123.10658412669237,
              49.267461432029094
            ],
            [
              -123.10658240634847,
              49.267500459370645
            ],
            [
              -123.10658170634848,
              49.26751665937064
            ],
            [
              -123.10658170383607,
              49.26751671907901
            ],
            [
              -123.10657409874554,
              49.26770245237862
            ],
            [
              -123.10654142782084,
              49.26770169658438
            ],
            [
              -123.10621530439124,
              49.26769416552594
            ],
            [
              -123.10625083046068,
              49.26768578137547
            ]
          ]
        ]
      },
      "properties": {
        "feature_type": "forest_area",
        "patch_id": 3,
        "tree_count": 22
      }
    },
    {
      "type": "Feature",
      "geometry": {
        "type": "Polygon",
        "coordinates": [
          [
            [
              -123.10529550040917,
              49.26803528439041
            ],
            [
              -123.10529005106201,
              49.268093740437024
            ],
            [
              -123.10530766442324,
              49.26810783420666
            ],
            [
              -123.10530286082708,
              49.26821252715336
            ],
            [
              -123.10530292560108,
              49.26821473319647
            ],
            [
              -123.10530332144035,
              49.26821692447312
            ],
            [
              -123.1053040445325,
              49.26821907987879
            ],
            [
              -123.10530508791332,
              49.26822117865441
            ],
            [
              -123.10530644153386,
              49.26822320058635
            ],
            [
              -123.10530809235716,
              49.26822512620105
            ],
            [
              -123.1053100244839,
              49.26822693695263
            ],
            [
              -123.10531221930545,
              49.26822861540145
            ],
            [
              -123.10531465568313,
              49.268230145382084
            ],
            [
              -123.10531731015182,
              49.26823151215907
            ],
            [
              -123.1053201571459,
              49.26823270256875
            ],
            [
              -123.10532316924551,
              49.2682337051461
            ],
            [
              -123.10532631744067,
              49.26823451023515
            ],
            [
              -123.10532957141059,
              49.26823511008195
            ],
            [
              -123.10533289981578,
              49.268235498909284
            ],
            [
              -123.10533627059984,
              49.26823567297229
            ],
            [
              -123.10565927059983,
              49.26824197297229
            ],
            [
              -123.10566264986441,
              49.268241930658526
            ],
            [
              -123.10566600651629,
              49.268241672494916
            ],
            [
              -123.10566930825445,
              49.26824120096576
            ],
            [
              -123.10567252330634,
              49.268240520608586
            ],
            [
              -123.10567562073355,
              49.26823963797046
            ],
            [
              -123.10567857072962,
              49.26823856154498
            ],
            [
              -123.10568134490676,
              49.26823730169058
            ],
            [
              -123.10568391656912,
              49.268235870530816
            ],
            [
              -123.10568626096965,
              49.268234281837714
            ],
            [
              -123.1056883555482,
              49.26823255089924
            ],
            [
              -123.1056901801487,
              49.268230694372185
            ],
            [
              -123.10569171721302,
              49.268228730121876
            ],
            [
              -123.10569295195006,
              49.268226677050265
            ],
            [
              -123.10569387247793,
              49.26822455491402
            ],
            [
              -123.10569446993841,
              49.268222384134425
            ],
            [
              -123.10569473858217,
              49.26822018560085
            ],
            [
              -123.1057008892587,
              49.268088629463875
            ],
            [
              -123.1058522998702,
              49.26809151740469
            ],
            [
              -123.10584635877684,
              49.26823057343023
            ],
            [
              -123.10584643056802,
              49.26823277989963
            ],
            [
              -123.10584683353228,
              49.26823497114562
            ],
            [
              -123.1058475637868,
              49.26823712605402
            ],
            [
              -123.10584861429503,
              49.268239223860824
            ],
            [
              -123.10584997493464,
              49.268241244352225
            ],
            [
              -123.10585163259492,
              49.26824316805939
            ],
            [
              -123.10585357130319,
              49.268244976446084
            ],
            [
              -123.10585577237863,
              49.26824665208726
            ],
            [
              -123.10585821461241,
              49.26824817883696
            ],
            [
              -123.1058608744719,
              49.26824954198391
            ],
            [
              -123.10586372632754,
              49.268250728393255
            ],
            [
              -123.10586674269973,
              49.26825172663311
            ],
            [
              -123.10586989452368,
              49.26825252708477
            ],
            [
              -123.10587315142936,
              49.26825312203531
            ],
            [
              -123.10587648203429,
              49.268253505752
            ],
            [
              -123.10587985424577,
              49.26825367453744
            ],
            [
              -123.10589336244573,
              49.26825391658422
            ],
            [
              -123.10588739329302,
              49.26825625359482
            ],
            [
              -123.10587761410561,
              49.26825927521203
            ],
            [
              -123.1058674281278,
              49.26826165678887
            ],
            [
              -123.10585693345986,
              49.268263375388564
            ],
            [
              -123.10585126988126,
              49.26826392525802
            ],
            [
              -123.10584895759362,
              49.26826965877189
            ],
            [
              -123.10574259601482,
              49.26826784643402
            ],
            [
              -123.10500177885075,
              49.26825514614228
            ],
            [
              -123.10484342645144,
              49.26825246706845
            ],
            [
              -123.10475532265409,
              49.268172243216824
            ],
            [
              -123.10476681282364,
              49.26787080456179
            ],
            [
              -123.10481057842742,
              49.267871956288204
            ],
            [
              -123.10481116744737,
              49.26787196913409
            ],
            [
              -123.10531836000419,
              49.26788074564918
            ],
            [
              -123.10531822771983,
              49.267881227703896
            ],
            [
              -123.10531796082708,
              49.267883427153365
            ],
            [
              -123.1053114730156,
              49.26802482707117
            ],
            [
              -123.10529550040917,
              49.26803528439041
            ]
          ]
        ]
      },
      "properties": {
        "feature_type": "forest_area",
        "patch_id": 4,
        "tree_count": 38
      }
    },
    {
      "type": "Feature",
      "geometry": {
        "type": "Polygon",
        "coordinates": [
          [
            [
              -123.10567785990256,
              49.268463686796544
            ],
            [
              -123.10566704250752,
              49.26846283515624
            ],
            [
              -123.1056564067546,
              49.26846129094776
            ],
            [
              -123.10564614371741,
              49.268459449261535
            ],
            [
              -123.10564804588026,
              49.26840430594865
            ],
            [
              -123.10564795603595,
              49.26840210055827
            ],
            [
              -123.10564753538675,
              49.26839991153135
            ],
            [
              -123.10564678798298,
              49.26839775994544
            ],
            [
              -123.10564572102118,
              49.268395666517556
            ],
            [
              -123.10564434477482,
              49.268393651404764
            ],
            [
              -123.1056426724954,
              49.268391734010024
            ],
            [
              -123.10564072028488,
              49.26838993279541
            ],
            [
              -123.10563850694052,
              49.26838826510432
            ],
            [
              -123.10563605377405,
              49.2683867469945
            ],
            [
              -123.10563338440629,
              49.26838539308343
            ],
            [
              -123.10563052453989,
              49.268384216407526
            ],
            [
              -123.10562750171172,
              49.26838322829669
            ],
            [
              -123.10562434502775,
              49.26838243826518
            ],
            [
              -123.10562108488286,
              49.268381853919976
            ],
            [
              -123.10561775266805,
              49.26838148088759
            ],
            [
              -123.10561438046834,
              49.26838132275985
            ],
            [
              -123.10505188189074,
              49.268373006117116
            ],
            [
              -123.10505188188257,
              49.26836286640216
            ],
            [
              -123.10505184784193,
              49.26834056978757
            ],
            [
              -123.10568775630382,
              49.268351471565545
            ],
            [
              -123.10568693047787,
              49.268375061700645
            ],
            [
              -123.10568593090136,
              49.26840484908053
            ],
            [
              -123.10568388605417,
              49.2684637701931
            ],
            [
              -123.10567785990256,
              49.268463686796544
            ]
          ]
        ]
      },
      "properties": {
        "feature_type": "forest_area",
        "patch_id": 5,
        "tree_count": 5
      }
    },
    {
      "type": "Feature",
      "geometry": {
        "type": "Polygon",
        "coordinates": [
          [
            [
              -123.10478936248413,
              49.26863624313756
            ],
            [
              -123.10477884253359,
              49.26863710233255
            ],
            [
              -123.10476824475408,
              49.26863729821424
            ],
            [
              -123.1047576671394,
              49.26863682897136
            ],
            [
              -123.10474720749681,
              49.268635698942845
            ],
            [
              -123.10473894262316,
              49.26863426267545
            ],
            [
              -123.10474784849033,
              49.26838686992245
            ],
            [
              -123.10478620002225,
              49.2683361462233
            ],
            [
              -123.10479159553735,
              49.26833624978405
            ],
            [
              -123.10479205123232,
              49.26833625748347
            ],
            [
              -123.10483303618585,
              49.26833685580396
            ],
            [
              -123.10494848128592,
              49.26833880895369
            ],
            [
              -123.10494851809179,
              49.26836291679892
            ],
            [
              -123.10494851809179,
              49.26837147235904
            ],
            [
              -123.1048401550533,
              49.26836992239021
            ],
            [
              -123.10483677659933,
              49.268369982257354
            ],
            [
              -123.1048334233875,
              49.268370257826156
            ],
            [
              -123.10483012768215,
              49.26837074644511
            ],
            [
              -123.10482692119426,
              49.26837144341277
            ],
            [
              -123.10482383477641,
              49.268372342022964
            ],
            [
              -123.10482089812584,
              49.26837343362935
            ],
            [
              -123.10481813949876,
              49.268374707728576
            ],
            [
              -123.10481558543846,
              49.268376152061364
            ],
            [
              -123.10481326051989,
              49.268377752730466
            ],
            [
              -123.10481118711323,
              49.26837949433438
            ],
            [
              -123.10480938516861,
              49.268381360115534
            ],
            [
              -123.1048078720242,
              49.26838333212154
            ],
            [
              -123.10480666223934,
              49.26838539137791
            ],
            [
              -123.10480576745451,
              49.26838751807066
            ],
            [
              -123.10480519627923,
              49.268389691736935
            ],
            [
              -123.1048049542093,
              49.26839189146189
            ],
            [
              -123.10479651848726,
              49.26863519544476
            ],
            [
              -123.10478936248413,
              49.26863624313756
            ]
          ]
        ]
      },
      "properties": {
        "feature_type": "forest_area",
        "patch_id": 6,
        "tree_count": 2
      }
    },
    {
      "type": "Feature",
      "geometry": {
        "type": "Polygon",
        "coordinates": [
          [
            [
              -123.10459666183179,
              49.26801379074381
            ],
            [
              -123.10459944262725,
              49.267944992794455
            ],
            [
              -123.10459936572002,
              49.26794278608431
            ],
            [
              -123.10459895758123,
              49.26794059492979
            ],
            [
              -123.10459822214469,
              49.26793844045016
            ],
            [
              -123.10459716649886,
              49.267936343411236
            ],
            [
              -123.1045958008185,
              49.26793432402517
            ],
            [
              -123.10459413826663,
              49.26793240175567
            ],
            [
              -123.10459308108081,
              49.26793141897313
            ],
            [
              -123.104593162317,
              49.26793072849768
            ],
            [
              -123.10459588867505,
              49.2678661347842
            ],
            [
              -123.10464286591699,
              49.26786744558033
            ],
            [
              -123.10463616368175,
              49.2680432752552
            ],
            [
              -123.10459666183179,
              49.26801379074381
            ]
          ]
        ]
      },
      "properties": {
        "feature_type": "forest_area",
        "patch_id": 7,
        "tree_count": 3
      }
    },
    {
      "type": "Feature",
      "geometry": {
        "type": "Polygon",
        "coordinates": [
          [
            [
              -123.10427055656903,
              49.26822335032121
            ],
            [
              -123.10427024444269,
              49.268230345332114
            ],
            [
              -123.10426889235099,
              49.26823728746568
            ],
            [
              -123.10426725344638,
              49.26824198773733
            ],
            [
              -123.10399673917456,
              49.26823694898432
            ],
            [
              -123.10339658017594,
              49.26822582484474
            ],
            [
              -123.10342829790287,
              49.26820533988672
            ],
            [
              -123.10344873210164,
              49.26820567587504
            ],
            [
              -123.10344875058932,
              49.26820567558631
            ],
            [
              -123.10344876904549,
              49.26820567646955
            ],
            [
              -123.10371555460513,
              49.26820987624223
            ],
            [
              -123.1039365401651,
              49.268213476007006
            ],
            [
              -123.10393991801365,
              49.26821342288797
            ],
            [
              -123.10394327164659,
              49.26821315412885
            ],
            [
              -123.10394656881209,
              49.2682126723143
            ],
            [
              -123.10394977780149,
              49.26821198207791
            ],
            [
              -123.10395286775402,
              49.26821109005765
            ],
            [
              -123.10395580895373,
              49.26821000483205
            ],
            [
              -123.10395857311522,
              49.268208736837686
            ],
            [
              -123.10396113365564,
              49.268207298268806
            ],
            [
              -123.10396346595039,
              49.26820570296009
            ],
            [
              -123.10396554756984,
              49.268203966253544
            ],
            [
              -123.10396735849517,
              49.26820210485102
            ],
            [
              -123.10396888131076,
              49.26820013665356
            ],
            [
              -123.10397010137174,
              49.26819808058924
            ],
            [
              -123.10397100694486,
              49.26819595643115
            ],
            [
              -123.10397158932123,
              49.26819378460725
            ],
            [
              -123.10397184290017,
              49.26819158600389
            ],
            [
              -123.10398284290015,
              49.26791628600389
            ],
            [
              -123.10398276516068,
              49.26791408102083
            ],
            [
              -123.10398235670931,
              49.267911891617956
            ],
            [
              -123.10398162147676,
              49.267909738864915
            ],
            [
              -123.10398056653851,
              49.267907643478644
            ],
            [
              -123.10397920204672,
              49.267905625624024
            ],
            [
              -123.10397754113252,
              49.2679037047198
            ],
            [
              -123.10397559977967,
              49.267901899251726
            ],
            [
              -123.10397339667072,
              49.26790022659466
            ],
            [
              -123.10397095300719,
              49.26789870284537
            ],
            [
              -123.1039682923056,
              49.26789734266759
            ],
            [
              -123.10396544017111,
              49.267896159150936
            ],
            [
              -123.10396242405115,
              49.267895163684955
            ],
            [
              -123.10395927297121,
              49.26789436584947
            ],
            [
              -123.10395601725564,
              49.26789377332243
            ],
            [
              -123.10395268823568,
              49.267893391805984
            ],
            [
              -123.10394931794802,
              49.26789322497165
            ],
            [
              -123.10373081794803,
              49.26788942497165
            ],
            [
              -123.10373080839227,
              49.267889425110575
            ],
            [
              -123.10373079892925,
              49.267889424644316
            ],
            [
              -123.1036666117323,
              49.26788833148954
            ],
            [
              -123.10366500215835,
              49.26788516493452
            ],
            [
              -123.10366260710627,
              49.26787821625892
            ],
            [
              -123.10366127666273,
              49.267871147105375
            ],
            [
              -123.1036610238661,
              49.26786402675179
            ],
            [
              -123.10366185119379,
              49.26785692497783
            ],
            [
              -123.10366375029085,
              49.26784991229364
            ],
            [
              -123.1037478293964,
              49.26785121936994
            ],
            [
              -123.10374801559301,
              49.26785131477285
            ],
            [
              -123.10375229245082,
              49.26785309369157
            ],
            [
              -123.10375681592332,
              49.26785459049603
            ],
            [
              -123.10376154244702,
              49.26785579077118
            ],
            [
              -123.10376642650287,
              49.267856682957714
            ],
            [
              -123.10377142105479,
              49.26785725846339
            ],
            [
              -123.10377647800249,
              49.26785751174577
            ],
            [
              -123.1037815486448,
              49.26785744036561
            ],
            [
              -123.10378658414866,
              49.267857045010345
            ],
            [
              -123.10379153601944,
              49.26785632948745
            ],
            [
              -123.10379635656788,
              49.26785530068781
            ],
            [
              -123.1038009993695,
              49.26785396851933
            ],
            [
              -123.10380541971155,
              49.26785234581152
            ],
            [
              -123.10380591553101,
              49.267852119384074
            ],
            [
              -123.10414644823177,
              49.26785737826398
            ],
            [
              -123.10414499130813,
              49.267916858755505
            ],
            [
              -123.10414476450919,
              49.26791690731475
            ],
            [
              -123.1041416696654,
              49.26791779769339
            ],
            [
              -123.10413872351846,
              49.267918881791076
            ],
            [
              -123.10413595445937,
              49.26792014916072
            ],
            [
              -123.10413338917262,
              49.26792158758913
            ],
            [
              -123.10413105237899,
              49.26792318321465
            ],
            [
              -123.10412896659734,
              49.26792492066078
            ],
            [
              -123.10412715192768,
              49.26792678318437
            ],
            [
              -123.10412562585732,
              49.2679287528369
            ],
            [
              -123.1041244030925,
              49.26793081063751
            ],
            [
              -123.10412349541657,
              49.26793293675587
            ],
            [
              -123.10412291157651,
              49.26793511070332
            ],
            [
              -123.10412265719857,
              49.26793731153026
            ],
            [
              -123.10411235719857,
              49.26819401153026
            ],
            [
              -123.10411243457975,
              49.26819621663145
            ],
            [
              -123.10411284270913,
              49.26819840617346
            ],
            [
              -123.1041135776587,
              49.26820055908315
            ],
            [
              -123.10411463235496,
              49.26820265463994
            ],
            [
              -123.10411599664708,
              49.268204672675274
            ],
            [
              -123.10411765740446,
              49.26820659376667
            ],
            [
              -123.10411959864325,
              49.26820839942467
            ],
            [
              -123.1041218016801,
              49.26821007227083
            ],
            [
              -123.10412424531197,
              49.268211596204914
            ],
            [
              -123.10412690602027,
              49.26821295655991
            ],
            [
              -123.10412975819715,
              49.26821414024314
            ],
            [
              -123.10413277439197,
              49.26821513586231
            ],
            [
              -123.10413592557555,
              49.26821593383514
            ],
            [
              -123.10413918141944,
              49.268216526481574
            ],
            [
              -123.10414251058799,
              49.26821690809772
            ],
            [
              -123.10414588103974,
              49.26821707501074
            ],
            [
              -123.1042701261414,
              49.268219238179505
            ],
            [
              -123.10427055656903,
              49.26822335032121
            ]
          ]
        ]
      },
      "properties": {
        "feature_type": "forest_area",
        "patch_id": 8,
        "tree_count": 10
      }
    },
    {
      "type": "Feature",
      "geometry": {
        "type": "Polygon",
        "coordinates": [
          [
            [
              -123.10388032007951,
              49.26835213762054
            ],
            [
              -123.10373759565317,
              49.26834863289325
            ],
            [
              -123.1037342002515,
              49.26834865878051
            ],
            [
              -123.10373082524438,
              49.26834890263615
            ],
            [
              -123.1037275034128,
              49.268349362091634
            ],
            [
              -123.1037242670212,
              49.26835003268433
            ],
            [
              -123.10372114750423,
              49.268350907900874
            ],
            [
              -123.10371817516129,
              49.26835197924041
            ],
            [
              -123.10371537886235,
              49.26835323629716
            ],
            [
              -123.10371278576743,
              49.26835466686152
            ],
            [
              -123.10371042106291,
              49.26835625703862
            ],
            [
              -123.10370830771684,
              49.2683579913833
            ],
            [
              -123.10370646625583,
              49.2683598530501
            ],
            [
              -123.10370491456575,
              49.26836182395694
            ],
            [
              -123.10370366771792,
              49.26836388496066
            ],
            [
              -123.10370273782283,
              49.26836601604303
            ],
            [
              -123.10370213391238,
              49.268368196505165
            ],
            [
              -123.10370186185229,
              49.268370405168525
            ],
            [
              -123.10369449003115,
              49.26852598360278
            ],
            [
              -123.10366415196064,
              49.26853824246418
            ],
            [
              -123.1036678667688,
              49.26843811623297
            ],
            [
              -123.1036677407027,
              49.26843480873223
            ],
            [
              -123.10366711858435,
              49.268431525208634
            ],
            [
              -123.10366600640133,
              49.26842829726438
            ],
            [
              -123.10366441485779,
              49.26842515596674
            ],
            [
              -123.10366235927154,
              49.268422131549045
            ],
            [
              -123.10365985942649,
              49.268419253119745
            ],
            [
              -123.10365693938235,
              49.2684165483822
            ],
            [
              -123.10365362724302,
              49.268414043368104
            ],
            [
              -123.10364995488608,
              49.268411762186894
            ],
            [
              -123.10364595765607,
              49.26840972679374
            ],
            [
              -123.10364167402423,
              49.268407956778255
            ],
            [
              -123.10363714521824,
              49.268406469175886
            ],
            [
              -123.10363241482553,
              49.26840527830404
            ],
            [
              -123.10362752837361,
              49.26840439562422
            ],
            [
              -123.10362253289203,
              49.26840382963178
            ],
            [
              -123.10361747645969,
              49.26840358577408
            ],
            [
              -123.10340037645969,
              49.268400085774076
            ],
            [
              -123.10339530366043,
              49.2684001665942
            ],
            [
              -123.10339026745788,
              49.26840057164039
            ],
            [
              -123.10338531640105,
              49.268401297008005
            ],
            [
              -123.10338049821813,
              49.2684023357045
            ],
            [
              -123.1033758593564,
              49.26840367771685
            ],
            [
              -123.1033714445345,
              49.26840531010803
            ],
            [
              -123.10336729631133,
              49.26840721714181
            ],
            [
              -123.10336345467576,
              49.26840938043437
            ],
            [
              -123.10335995666115,
              49.26841177913157
            ],
            [
              -123.10335683598836,
              49.26841439010997
            ],
            [
              -123.10335412274071,
              49.26841718819973
            ],
            [
              -123.10335184307388,
              49.26842014642727
            ],
            [
              -123.10335001896388,
              49.268423236275254
            ],
            [
              -123.10334866799512,
              49.268426427957564
            ],
            [
              -123.10334780319094,
              49.26842969070638
            ],
            [
              -123.10334743288806,
              49.26843299306878
            ],
            [
              -123.10334526848406,
              49.26849200370596
            ],
            [
              -123.1033378256817,
              49.26848324481363
            ],
            [
              -123.10334173781588,
              49.26840150179942
            ],
            [
              -123.10334167828987,
              49.268399304412384
            ],
            [
              -123.10334129027231,
              49.26839712131599
            ],
            [
              -123.10334057747079,
              49.26839497337018
            ],
            [
              -123.10333954669628,
              49.26839288109899
            ],
            [
              -123.10333820779802,
              49.26839086449451
            ],
            [
              -123.10333657356948,
              49.26838894282581
            ],
            [
              -123.10333465962604,
              49.26838713445482
            ],
            [
              -123.1033324842558,
              49.26838545666089
            ],
            [
              -123.10333006824489,
              49.268383925475675
            ],
            [
              -123.10332743467877,
              49.268382555529975
            ],
            [
              -123.1033246087217,
              49.268381359913896
            ],
            [
              -123.10332161737628,
              49.268380350051785
            ],
            [
              -123.10331848922542,
              49.268379535593084
            ],
            [
              -123.10331525415923,
              49.26837892432012
            ],
            [
              -123.10331194308944,
              49.26837852207372
            ],
            [
              -123.10330858765398,
              49.26837833269743
            ],
            [
              -123.1032697553977,
              49.2683773850317
            ],
            [
              -123.10326995800992,
              49.26837572547408
            ],
            [
              -123.1032719582982,
              49.268332819271734
            ],
            [
              -123.10327310343992,
              49.268308106374576
            ],
            [
              -123.10390830470516,
              49.26831988003381
            ],
            [
              -123.10388032007951,
              49.26835213762054
            ]
          ]
        ]
      },
      "properties": {
        "feature_type": "forest_area",
        "patch_id": 9,
        "tree_count": 11
      }
    },
    {
      "type": "Feature",
      "geometry": {
        "type": "Polygon",
        "coordinates": [
          [
            [
              -123.10353566814867,
              49.268590159584065
            ],
            [
              -123.10352636775487,
              49.26859352404532
            ],
            [
              -123.1035166139118,
              49.26859628820143
            ],
            [
              -123.10350649735372,
              49.26859842633907
            ],
            [
              -123.103496112189,
              49.268599918568405
            ],
            [
              -123.10348555502473,
              49.268600751008115
            ],
            [
              -123.10347492406798,
              49.26860091591449
            ],
            [
              -123.10346431821227,
              49.2686004117535
            ],
            [
              -123.10345383611767,
              49.26859924321508
            ],
            [
              -123.10344478748357,
              49.268597636421795
            ],
            [
              -123.10344952955722,
              49.268468347809794
            ],
            [
              -123.10356328299592,
              49.268470181697566
            ],
            [
              -123.10355918421219,
              49.268580657326396
            ],
            [
              -123.10353566814867,
              49.268590159584065
            ]
          ]
        ]
      },
      "properties": {
        "feature_type": "forest_area",
        "patch_id": 10,
        "tree_count": 2
      }
    },
    {
      "type": "Feature",
      "geometry": {
        "type": "Polygon",
        "coordinates": [
          [
            [
              -123.10284696411793,
              49.26840533039424
            ],
            [
              -123.10284811665103,
              49.26833947973165
            ],
            [
              -123.10284809594972,
              49.26833912127343
            ],
            [
              -123.10284810415911,
              49.268338762600756
            ],
            [
              -123.10284805141094,
              49.268338350051565
            ],
            [
              -123.10284802752001,
              49.26833793636261
            ],
            [
              -123.10284795307487,
              49.268337580954515
            ],
            [
              -123.102847907369,
              49.26833722348388
            ],
            [
              -123.10284779290637,
              49.268336816295005
            ],
            [
              -123.10284770699083,
              49.268336406126146
            ],
            [
              -123.10284757951881,
              49.26833605719096
            ],
            [
              -123.10284748033784,
              49.26833570436499
            ],
            [
              -123.10284730526311,
              49.268335306457885
            ],
            [
              -123.10284715815038,
              49.26833490375927
            ],
            [
              -123.10284697887909,
              49.268334564657415
            ],
            [
              -123.10284682717821,
              49.268334219874035
            ],
            [
              -123.10284659317742,
              49.26833383508076
            ],
            [
              -123.10284638628427,
              49.26833344373059
            ],
            [
              -123.1028461569402,
              49.26833311772782
            ],
            [
              -123.10284595418037,
              49.26833278430747
            ],
            [
              -123.1028456635071,
              49.26833241633379
            ],
            [
              -123.10284539882602,
              49.26833204010099
            ],
            [
              -123.10284512161788,
              49.26833173033688
            ],
            [
              -123.10284486975176,
              49.26833141149058
            ],
            [
              -123.10281647276713,
              49.26829942188609
            ],
            [
              -123.10286543006772,
              49.26830054209551
            ],
            [
              -123.1028657918781,
              49.26830054971375
            ],
            [
              -123.1028969918781,
              49.26830114971375
            ],
            [
              -123.10289708872077,
              49.26830115152881
            ],
            [
              -123.10297246987943,
              49.26830252753409
            ],
            [
              -123.1029720217403,
              49.268327399256016
            ],
            [
              -123.10297184927894,
              49.26833676965695
            ],
            [
              -123.10289776804056,
              49.26833512991412
            ],
            [
              -123.10289438456748,
              49.268335163516994
            ],
            [
              -123.10289102246368,
              49.26833541353432
            ],
            [
              -123.10288771415884,
              49.26833587755451
            ],
            [
              -123.1028844915637,
              49.268336551101804
            ],
            [
              -123.1028813857623,
              49.26833742767939
            ],
            [
              -123.10287842671211,
              49.268338498832115
            ],
            [
              -123.10287564295508,
              49.26833975422801
            ],
            [
              -123.10287306134236,
              49.26834118175797
            ],
            [
              -123.10287070677529,
              49.268342767652534
            ],
            [
              -123.10286860196518,
              49.26834449661472
            ],
            [
              -123.10286676721431,
              49.26834635196757
            ],
            [
              -123.10286522022002,
              49.268348315815004
            ],
            [
              -123.10286397590411,
              49.26835036921443
            ],
            [
              -123.1028630462688,
              49.26835249235948
            ],
            [
              -123.102862440281,
              49.26835466477104
            ],
            [
              -123.10286216378589,
              49.26835686549479
            ],
            [
              -123.10285970906283,
              49.26840587014903
            ],
            [
              -123.10284696411793,
              49.26840533039424
            ]
          ]
        ]
      },
      "properties": {
        "feature_type": "forest_area",
        "patch_id": 11,
        "tree_count": 2
      }
    },
    {
      "type": "Feature",
      "geometry": {
        "type": "Polygon",
        "coordinates": [
          [
            [
              -123.1026221328437,
              49.26839580867723
            ],
            [
              -123.10262394291145,
              49.26835048572096
            ],
            [
              -123.10262386507705,
              49.26834828026503
            ],
            [
              -123.10262345638932,
              49.26834609040327
            ],
            [
              -123.10262272078299,
              49.268343937218795
            ],
            [
              -123.10262166534014,
              49.268341841441604
            ],
            [
              -123.10262030022218,
              49.268339823249015
            ],
            [
              -123.10261863857193,
              49.26833790207138
            ],
            [
              -123.10261669638707,
              49.26833609640504
            ],
            [
              -123.1026144923662,
              49.26833442363422
            ],
            [
              -123.10261204772877,
              49.2683328998637
            ],
            [
              -123.10260938601076,
              49.26833153976374
            ],
            [
              -123.10260653283814,
              49.26833035642885
            ],
            [
              -123.10260351568012,
              49.26832936125169
            ],
            [
              -123.1026003635847,
              49.26832856381344
            ],
            [
              -123.102597106899,
              49.268327971791514
            ],
            [
              -123.1025937769771,
              49.26832759088567
            ],
            [
              -123.10259040587816,
              49.268327424763115
            ],
            [
              -123.10248330981125,
              49.26832558672993
            ],
            [
              -123.10248308541075,
              49.268323053748084
            ],
            [
              -123.10248354905902,
              49.268315877273906
            ],
            [
              -123.10248667542504,
              49.26829378269477
            ],
            [
              -123.10256350506725,
              49.26829524996651
            ],
            [
              -123.10256494044945,
              49.268295266993334
            ],
            [
              -123.10260752620148,
              49.26829546414959
            ],
            [
              -123.1026591590967,
              49.268296342384524
            ],
            [
              -123.10263396456762,
              49.26831532456397
            ],
            [
              -123.10263316491532,
              49.26831599044657
            ],
            [
              -123.10263236111486,
              49.26831665419909
            ],
            [
              -123.1026323307734,
              49.26831668504919
            ],
            [
              -123.10263229612386,
              49.2683167139024
            ],
            [
              -123.10263160034341,
              49.26831742772443
            ],
            [
              -123.10263090011482,
              49.26831813969197
            ],
            [
              -123.10263087455343,
              49.26831817233416
            ],
            [
              -123.10263084440473,
              49.26831820326463
            ],
            [
              -123.10263025919689,
              49.2683189581516
            ],
            [
              -123.10262966928374,
              49.26831971147752
            ],
            [
              -123.10262964874858,
              49.268319745597445
            ],
            [
              -123.10262962339107,
              49.26831977830728
            ],
            [
              -123.10262915439169,
              49.268320566989225
            ],
            [
              -123.1026286804752,
              49.268321354418575
            ],
            [
              -123.10262866516402,
              49.268321389687635
            ],
            [
              -123.10262864484191,
              49.268321423861835
            ],
            [
              -123.10262829656774,
              49.268322238743316
            ],
            [
              -123.10262794321196,
              49.26832305269273
            ],
            [
              -123.10262793327223,
              49.26832308877126
            ],
            [
              -123.10262791818124,
              49.2683231240807
            ],
            [
              -123.10262769398632,
              49.26832395731396
            ],
            [
              -123.10262746459428,
              49.26832478994466
            ],
            [
              -123.10262746012171,
              49.268324826485205
            ],
            [
              -123.10262745040717,
              49.26832486258985
            ],
            [
              -123.10262735245064,
              49.26832570615039
            ],
            [
              -123.10262724923149,
              49.268326549443685
            ],
            [
              -123.10262399517053,
              49.2683958875477
            ],
            [
              -123.1026221328437,
              49.26839580867723
            ]
          ]
        ]
      },
      "properties": {
        "feature_type": "forest_area",
        "patch_id": 12,
        "tree_count": 1
      }
    },
    {
      "type": "Feature",
      "geometry": {
        "type": "Polygon",
        "coordinates": [
          [
            [
              -123.10250279963086,
              49.2681798300938
            ],
            [
              -123.10254111076418,
              49.268180475519884
            ],
            [
              -123.10254449645608,
              49.268180423914345
            ],
            [
              -123.10254785802887,
              49.268180155663835
            ],
            [
              -123.10255116300527,
              49.26817967336001
            ],
            [
              -123.1025543794548,
              49.268178981662565
            ],
            [
              -123.10255747630225,
              49.26817808725423
            ],
            [
              -123.10256042362795,
              49.26817699877617
            ],
            [
              -123.10256319295678,
              49.268175726744545
            ],
            [
              -123.10256575753334,
              49.268174283448886
            ],
            [
              -123.10256809258037,
              49.26817268283335
            ],
            [
              -123.1025701755382,
              49.268170940362026
            ],
            [
              -123.10257198628271,
              49.26816907286951
            ],
            [
              -123.10257350731965,
              49.26816709839829
            ],
            [
              -123.10257354991143,
              49.26816702619894
            ],
            [
              -123.10257638995976,
              49.26816707516529
            ],
            [
              -123.10257977001598,
              49.26816702516108
            ],
            [
              -123.10258312628866,
              49.26816675922734
            ],
            [
              -123.10258642646063,
              49.26816627992474
            ],
            [
              -123.10258963875488,
              49.268165591868424
            ],
            [
              -123.10259273224054,
              49.26816470168361
            ],
            [
              -123.10259567713078,
              49.268163617941795
            ],
            [
              -123.10259844506956,
              49.26816235107822
            ],
            [
              -123.10260100940468,
              49.26816091329137
            ],
            [
              -123.10260334544445,
              49.26815931842556
            ],
            [
              -123.10260543069536,
              49.26815758183757
            ],
            [
              -123.10260724507876,
              49.268155720248835
            ],
            [
              -123.10260877112414,
              49.26815375158439
            ],
            [
              -123.10260999413738,
              49.26815169480031
            ],
            [
              -123.1026109023422,
              49.26814956970113
            ],
            [
              -123.10261148699361,
              49.26814739674923
            ],
            [
              -123.10261174246205,
              49.26814519686772
            ],
            [
              -123.10261299809807,
              49.26811434409693
            ],
            [
              -123.1026158832974,
              49.26811351765125
            ],
            [
              -123.10261883688631,
              49.2681124344755
            ],
            [
              -123.1026216131632,
              49.268111167242274
            ],
            [
              -123.10262418528237,
              49.26810972820533
            ],
            [
              -123.1026265283722,
              49.26810813127971
            ],
            [
              -123.10262861977574,
              49.26810639190719
            ],
            [
              -123.1026304392698,
              49.26810452690696
            ],
            [
              -123.1026319692604,
              49.26810255431299
            ],
            [
              -123.10263319495303,
              49.268100493199654
            ],
            [
              -123.10263410449559,
              49.26809836349728
            ],
            [
              -123.10263468909314,
              49.26809618579943
            ],
            [
              -123.10263494309275,
              49.268093981163766
            ],
            [
              -123.10263600019881,
              49.2680673041948
            ],
            [
              -123.10269578055616,
              49.268055146809715
            ],
            [
              -123.10268857075704,
              49.26818071747785
            ],
            [
              -123.10268855858102,
              49.26818094607362
            ],
            [
              -123.10268702107196,
              49.26821225146668
            ],
            [
              -123.10261028785337,
              49.26821094629499
            ],
            [
              -123.10260905955055,
              49.268210933006664
            ],
            [
              -123.10256657738624,
              49.26821073632998
            ],
            [
              -123.10249861009108,
              49.26820943830895
            ],
            [
              -123.10250279963086,
              49.2681798300938
            ]
          ]
        ]
      },
      "properties": {
        "feature_type": "forest_area",
        "patch_id": 13,
        "tree_count": 1
      }
    },
    {
      "type": "Feature",
      "geometry": {
        "type": "Polygon",
        "coordinates": [
          [
            [
              -123.1028337009598,
              49.26802745158807
            ],
            [
              -123.10284424639346,
              49.26802636361677
            ],
            [
              -123.10285490364656,
              49.26802594631137
            ],
            [
              -123.10286557278764,
              49.26802620358487
            ],
            [
              -123.10287533346317,
              49.2680270609683
            ],
            [
              -123.10286935755364,
              49.26817380274673
            ],
            [
              -123.10286943372164,
              49.26817600884527
            ],
            [
              -123.1028698409398,
              49.26817819944581
            ],
            [
              -123.10287057528542,
              49.26818035344631
            ],
            [
              -123.10287162968456,
              49.26818245009729
            ],
            [
              -123.10287299398016,
              49.26818446920173
            ],
            [
              -123.10287465502999,
              49.2681863913096
            ],
            [
              -123.10287659683318,
              49.268188197905246
            ],
            [
              -123.10287880068434,
              49.26818987158574
            ],
            [
              -123.10288124535377,
              49.26819139622853
            ],
            [
              -123.10288390729198,
              49.268192757146736
            ],
            [
              -123.10288676085656,
              49.26819394123064
            ],
            [
              -123.10288977855912,
              49.26819493707397
            ],
            [
              -123.10289293133015,
              49.26819573508378
            ],
            [
              -123.10289618879901,
              49.26819632757283
            ],
            [
              -123.10289951958653,
              49.26819670883369
            ],
            [
              -123.10290289160726,
              49.26819687519367
            ],
            [
              -123.10323409160725,
              49.26820257519367
            ],
            [
              -123.1032374676628,
              49.26820252527139
            ],
            [
              -123.1032408200137,
              49.26820225992949
            ],
            [
              -123.10324411645692,
              49.268201781716854
            ],
            [
              -123.10324732532644,
              49.26820109522726
            ],
            [
              -123.10325041579752,
              49.2682002070552
            ],
            [
              -123.10325335818276,
              49.26819912573255
            ],
            [
              -123.10325612421725,
              49.26819786164662
            ],
            [
              -123.1032586873302,
              49.26819642694035
            ],
            [
              -123.10325912805054,
              49.268196126617035
            ],
            [
              -123.10326173685912,
              49.26819617422303
            ],
            [
              -123.10326512148409,
              49.268196127414775
            ],
            [
              -123.10326848273127,
              49.26819586408514
            ],
            [
              -123.10327178815012,
              49.268195386776405
            ],
            [
              -123.10327500582909,
              49.268194700096636
            ],
            [
              -123.10327810470369,
              49.26819381067528
            ],
            [
              -123.10328105485638,
              49.26819272709908
            ],
            [
              -123.10328382780547,
              49.26819145982922
            ],
            [
              -123.10328487561983,
              49.26819087301112
            ],
            [
              -123.1032851713824,
              49.268191297065485
            ],
            [
              -123.10328684848888,
              49.268193189228306
            ],
            [
              -123.10328879925048,
              49.26819496617625
            ],
            [
              -123.10329100522824,
              49.268196611113275
            ],
            [
              -123.10329344557084,
              49.26819810849112
            ],
            [
              -123.10329609721171,
              49.268199444156295
            ],
            [
              -123.10329893508704,
              49.26820060548384
            ],
            [
              -123.10330193237269,
              49.268201581496676
            ],
            [
              -123.10330506073775,
              49.26820236296933
            ],
            [
              -123.10330829061233,
              49.26820294251519
            ],
            [
              -123.10331159146706,
              49.268203314656276
            ],
            [
              -123.10331493210164,
              49.26820347587503
            ],
            [
              -123.10332712500292,
              49.26820367635622
            ],
            [
              -123.10338716116837,
              49.26822565026041
            ],
            [
              -123.10322524435378,
              49.26822264908031
            ],
            [
              -123.10302671127923,
              49.26821894847119
            ],
            [
              -123.10290075970161,
              49.26821664935509
            ],
            [
              -123.10286978904341,
              49.26821605376551
            ],
            [
              -123.10281651003187,
              49.268214834669486
            ],
            [
              -123.10281803580492,
              49.26818376823501
            ],
            [
              -123.10282694530085,
              49.26802859451412
            ],
            [
              -123.1028337009598,
              49.26802745158807
            ]
          ]
        ]
      },
      "properties": {
        "feature_type": "forest_area",
        "patch_id": 14,
        "tree_count": 3
      }
    },
    {
      "type": "Feature",
      "geometry": {
        "type": "Polygon",
        "coordinates": [
          [
            [
              -123.10371787553038,
              49.26749141000066
            ],
            [
              -123.10370708356243,
              49.26749140410815
            ],
            [
              -123.10369634417576,
              49.26749070976503
            ],
            [
              -123.10368576026359,
              49.26748933362373
            ],
            [
              -123.10367543322947,
              49.26748728886895
            ],
            [
              -123.10366546201585,
              49.26748459509132
            ],
            [
              -123.10366195445954,
              49.267483372958296
            ],
            [
              -123.10366274405622,
              49.26746255631823
            ],
            [
              -123.1036626617597,
              49.267460350569245
            ],
            [
              -123.10366224853324,
              49.26745816070553
            ],
            [
              -123.10366150835654,
              49.26745600781715
            ],
            [
              -123.10366044835806,
              49.26745391263806
            ],
            [
              -123.10365907874639,
              49.26745189534643
            ],
            [
              -123.10365741271194,
              49.26744997537031
            ],
            [
              -123.1036554662999,
              49.26744817120054
            ],
            [
              -123.10365325825568,
              49.26744650021264
            ],
            [
              -123.10365080984444,
              49.26744497849951
            ],
            [
              -123.10364814464624,
              49.2674436207164
            ],
            [
              -123.10364528832898,
              49.2674424399398
            ],
            [
              -123.10364226840117,
              49.26744144754148
            ],
            [
              -123.10363911394701,
              49.26744065307899
            ],
            [
              -123.1036358553463,
              49.267440064203626
            ],
            [
              -123.10363252398184,
              49.2674396865867
            ],
            [
              -123.10362915193723,
              49.26743952386494
            ],
            [
              -123.10360660556186,
              49.26743915996917
            ],
            [
              -123.10360569076987,
              49.26743720940443
            ],
            [
              -123.10360355666107,
              49.26743030627626
            ],
            [
              -123.10360246701623,
              49.26742330007074
            ],
            [
              -123.10360243227515,
              49.26741625791373
            ],
            [
              -123.10360345277067,
              49.26740924727556
            ],
            [
              -123.1036039078071,
              49.267407724885274
            ],
            [
              -123.10456995706166,
              49.26742036128806
            ],
            [
              -123.10457004585145,
              49.267420362407975
            ],
            [
              -123.10459449544229,
              49.267420659366564
            ],
            [
              -123.10465871736974,
              49.267421778038305
            ],
            [
              -123.10465749814576,
              49.26745496836416
            ],
            [
              -123.10464491001406,
              49.26781169380209
            ],
            [
              -123.10459662520971,
              49.267810346521316
            ],
            [
              -123.10459585996409,
              49.26781032965011
            ],
            [
              -123.10457999144937,
              49.26781007267011
            ],
            [
              -123.10459224461368,
              49.26747814142181
            ],
            [
              -123.10459216005219,
              49.26747593549182
            ],
            [
              -123.10459174451198,
              49.26747374559547
            ],
            [
              -123.10459100199583,
              49.267471592827285
            ],
            [
              -123.10458993965614,
              49.26746949792416
            ],
            [
              -123.10458856772605,
              49.26746748106557
            ],
            [
              -123.10458689942092,
              49.267465561679245
            ],
            [
              -123.10458495081096,
              49.26746375825397
            ],
            [
              -123.10458274066647,
              49.26746208816153
            ],
            [
              -123.10458029027701,
              49.26746056748936
            ],
            [
              -123.10457762324636,
              49.26745921088557
            ],
            [
              -123.10457476526511,
              49.267458031417874
            ],
            [
              -123.10457174386323,
              49.26745704044768
            ],
            [
              -123.10456858814484,
              49.26745624752066
            ],
            [
              -123.10456532850793,
              49.26745566027483
            ],
            [
              -123.10456199635146,
              49.2674552843669
            ],
            [
              -123.10455862377297,
              49.26745512341789
            ],
            [
              -123.10406523012507,
              49.26744742351702
            ],
            [
              -123.10376233647712,
              49.26744262361768
            ],
            [
              -123.10375895466507,
              49.267442678425574
            ],
            [
              -123.10375559738978,
              49.26744294937503
            ],
            [
              -123.103752297015,
              49.26744343385413
            ],
            [
              -123.10374908535601,
              49.26744412719254
            ],
            [
              -123.10374599337287,
              49.267445022706546
            ],
            [
              -123.10374305087193,
              49.267446111763505
            ],
            [
              -123.1037402862186,
              49.26744738386502
            ],
            [
              -123.10373772606383,
              49.26744882674816
            ],
            [
              -123.10373539508724,
              49.2674504265037
            ],
            [
              -123.1037333157592,
              49.26745216771016
            ],
            [
              -123.10373150812421,
              49.2674540335825
            ],
            [
              -123.10372998960767,
              49.26745600613392
            ],
            [
              -123.10372877484792,
              49.26745806634922
            ],
            [
              -123.10372787555511,
              49.26746019436816
            ],
            [
              -123.10372730039832,
              49.26746236967686
            ],
            [
              -123.103727054922,
              49.26746457130559
            ],
            [
              -123.103726096794,
              49.26749115163075
            ],
            [
              -123.10371787553038,
              49.26749141000066
            ]
          ]
        ]
      },
      "properties": {
        "feature_type": "forest_area",
        "patch_id": 15,
        "tree_count": 14
      }
    },
    {
      "type": "Feature",
      "geometry": {
        "type": "Polygon",
        "coordinates": [
          [
            [
              -123.10372027420894,
              49.26730620235959
            ],
            [
              -123.1039757405829,
              49.2673098775472
            ],
            [
              -123.10397592799997,
              49.267309874239295
            ],
            [
              -123.1039761136773,
              49.267309881595764
            ],
            [
              -123.1041810797037,
              49.26731138134717
            ],
            [
              -123.10428545266564,
              49.26731227939369
            ],
            [
              -123.10438093994102,
              49.26731379958912
            ],
            [
              -123.10440864831413,
              49.26733729619712
            ],
            [
              -123.103690443535,
              49.267327901722844
            ],
            [
              -123.10372027420894,
              49.26730620235959
            ]
          ]
        ]
      },
      "properties": {
        "feature_type": "forest_area",
        "patch_id": 16,
        "tree_count": 2
      }
    },
    {
      "type": "Feature",
      "geometry": {
        "type": "Polygon",
        "coordinates": [
          [
            [
              -123.10443614676431,
              49.26731363722778
            ],
            [
              -123.1044583223924,
              49.26731387984953
            ],
            [
              -123.10446169723326,
              49.267313808791876
            ],
            [
              -123.10446504520877,
              49.267313522514335
            ],
            [
              -123.1044683341641,
              49.26731302376639
            ],
            [
              -123.10447153251124,
              49.267312317338146
            ],
            [
              -123.10447460953245,
              49.26731141001433
            ],
            [
              -123.1044775356752,
              49.26731031050912
            ],
            [
              -123.10448028283606,
              49.26730902938244
            ],
            [
              -123.10448282463061,
              49.26730757893857
            ],
            [
              -123.10448326604826,
              49.26730727234815
            ],
            [
              -123.10454307597998,
              49.26730797932133
            ],
            [
              -123.1045464585395,
              49.267307910834234
            ],
            [
              -123.10454981448606,
              49.26730762613888
            ],
            [
              -123.10455311144318,
              49.267307127981866
            ],
            [
              -123.10455631760352,
              49.26730642116915
            ],
            [
              -123.10455940203568,
              49.26730551251971
            ],
            [
              -123.10456233498263,
              49.267304410799724
            ],
            [
              -123.10456508814882,
              49.267303126638026
            ],
            [
              -123.1045676349731,
              49.26730167242354
            ],
            [
              -123.10456995088501,
              49.2673000621858
            ],
            [
              -123.10457201354181,
              49.26729831145954
            ],
            [
              -123.10457380304406,
              49.26729643713488
            ],
            [
              -123.10457530212756,
              49.26729445729435
            ],
            [
              -123.1045764963299,
              49.26729239103842
            ],
            [
              -123.10457737413005,
              49.26729025830128
            ],
            [
              -123.10457792705942,
              49.267288079658485
            ],
            [
              -123.10457814978365,
              49.26728587612847
            ],
            [
              -123.10457907298142,
              49.267249871415416
            ],
            [
              -123.10458205918425,
              49.26724981080044
            ],
            [
              -123.10458541107751,
              49.26724952653986
            ],
            [
              -123.10458870415717,
              49.26724902933134
            ],
            [
              -123.10459190673032,
              49.267248323960075
            ],
            [
              -123.10459498797509,
              49.26724741721462
            ],
            [
              -123.10459791823729,
              49.26724631782158
            ],
            [
              -123.10460066931581,
              49.26724503636162
            ],
            [
              -123.10460321473398,
              49.267243585167634
            ],
            [
              -123.10460552999449,
              49.26724197820605
            ],
            [
              -123.10460759281501,
              49.26724023094242
            ],
            [
              -123.10460938334279,
              49.26723836019258
            ],
            [
              -123.1046108843456,
              49.26723638396079
            ],
            [
              -123.10461208137765,
              49.267234321266514
            ],
            [
              -123.10461296291861,
              49.267232191961305
            ],
            [
              -123.10461352048442,
              49.2672300165378
            ],
            [
              -123.10461374870901,
              49.26722781593249
            ],
            [
              -123.10461520843161,
              49.267176336382015
            ],
            [
              -123.10462452504792,
              49.267176421637544
            ],
            [
              -123.10466757094117,
              49.26717678850596
            ],
            [
              -123.10466269886005,
              49.267312248335195
            ],
            [
              -123.10466166513949,
              49.26734086172036
            ],
            [
              -123.10459755492109,
              49.26733974499447
            ],
            [
              -123.10459705414856,
              49.267339737592025
            ],
            [
              -123.10457239854405,
              49.267339438131245
            ],
            [
              -123.10441808035594,
              49.2673374195729
            ],
            [
              -123.10443614676431,
              49.26731363722778
            ]
          ]
        ]
      },
      "properties": {
        "feature_type": "forest_area",
        "patch_id": 17,
        "tree_count": 3
      }
    },
    {
      "type": "Feature",
      "geometry": {
        "type": "Polygon",
        "coordinates": [
          [
            [
              -123.10355502973557,
              49.26697934793478
            ],
            [
              -123.10345373216863,
              49.26697851875961
            ],
            [
              -123.10345024896623,
              49.26697860531472
            ],
            [
              -123.10344679699146,
              49.26697892108173
            ],
            [
              -123.10344341157567,
              49.266979462828736
            ],
            [
              -123.10344012736891,
              49.2669802250109
            ],
            [
              -123.10343697798538,
              49.26698119982721
            ],
            [
              -123.10343399565933,
              49.26698237730031
            ],
            [
              -123.1034312109152,
              49.266983745378646
            ],
            [
              -123.10342865225512,
              49.26698529005981
            ],
            [
              -123.10342634586722,
              49.26698699553382
            ],
            [
              -123.10342431535764,
              49.26698884434497
            ],
            [
              -123.10342258150885,
              49.2669908175705
            ],
            [
              -123.1034213315038,
              49.26699264703263
            ],
            [
              -123.10325220362422,
              49.26699336918412
            ],
            [
              -123.10325188195824,
              49.26699181795952
            ],
            [
              -123.10325112485047,
              49.266989714136734
            ],
            [
              -123.1032500617044,
              49.26698766746472
            ],
            [
              -123.10324870234237,
              49.26698569685256
            ],
            [
              -123.10324705932342,
              49.266983820506596
            ],
            [
              -123.10324514782731,
              49.266982055762284
            ],
            [
              -123.1032429855142,
              49.266980418923964
            ],
            [
              -123.10324059236159,
              49.26697892511428
            ],
            [
              -123.10323799047964,
              49.266977588134445
            ],
            [
              -123.10323520390698,
              49.26697642033673
            ],
            [
              -123.10323225838854,
              49.26697543251033
            ],
            [
              -123.1032291811378,
              49.26697463378172
            ],
            [
              -123.10322600058528,
              49.26697403153029
            ],
            [
              -123.10322274611586,
              49.266973631320205
            ],
            [
              -123.1032194477974,
              49.266973436848986
            ],
            [
              -123.10319515370921,
              49.26697277011586
            ],
            [
              -123.10319673929938,
              49.2669380700847
            ],
            [
              -123.10319667578658,
              49.266935880109045
            ],
            [
              -123.10319665315234,
              49.26693575377748
            ],
            [
              -123.10361450613642,
              49.26694411501417
            ],
            [
              -123.10355502973557,
              49.26697934793478
            ]
          ]
        ]
      },
      "properties": {
        "feature_type": "forest_area",
        "patch_id": 18,
        "tree_count": 5
      }
    },
    {
      "type": "Feature",
      "geometry": {
        "type": "Polygon",
        "coordinates": [
          [
            [
              -123.1031886120061,
              49.267321329669926
            ],
            [
              -123.10295385105535,
              49.26731823881846
            ],
            [
              -123.10295071885886,
              49.26731824920451
            ],
            [
              -123.10292255228671,
              49.267318806958414
            ],
            [
              -123.10285830699148,
              49.26731719349209
            ],
            [
              -123.10286121417388,
              49.26727332618612
            ],
            [
              -123.10286124788132,
              49.26727271523584
            ],
            [
              -123.10287635319749,
              49.26693001916703
            ],
            [
              -123.10291985322321,
              49.26693031942605
            ],
            [
              -123.10291977189075,
              49.266930918434994
            ],
            [
              -123.10289927189075,
              49.26727181843499
            ],
            [
              -123.10289930771611,
              49.26727405166352
            ],
            [
              -123.1028996829057,
              49.267276271554564
            ],
            [
              -123.10290039375735,
              49.26727845620347
            ],
            [
              -123.10290143325679,
              49.26728058405331
            ],
            [
              -123.10290279114678,
              49.26728263410762
            ],
            [
              -123.10290445402839,
              49.267284586137606
            ],
            [
              -123.10290640549326,
              49.26728642088169
            ],
            [
              -123.10290862628537,
              49.26728812023562
            ],
            [
              -123.10291109449118,
              49.26728966743111
            ],
            [
              -123.10291378575577,
              49.267291047201276
            ],
            [
              -123.10291667352321,
              49.2672922459313
            ],
            [
              -123.10291972929862,
              49.26729325179278
            ],
            [
              -123.10292292292925,
              49.26729405486042
            ],
            [
              -123.10292622290213,
              49.26729464720999
            ],
            [
              -123.1029295966549,
              49.2672950229965
            ],
            [
              -123.10293301089725,
              49.2672951785119
            ],
            [
              -123.10314740550838,
              49.267297977136195
            ],
            [
              -123.10317313763828,
              49.267298415829934
            ],
            [
              -123.1031886120061,
              49.267321329669926
            ]
          ]
        ]
      },
      "properties": {
        "feature_type": "forest_area",
        "patch_id": 19,
        "tree_count": 5
      }
    },
    {
      "type": "Feature",
      "geometry": {
        "type": "Polygon",
        "coordinates": [
          [
            [
              -123.10338816287035,
              49.26784802393469
            ],
            [
              -123.1033902820729,
              49.267855091838705
            ],
            [
              -123.10339130777257,
              49.267862262585204
            ],
            [
              -123.10339122969143,
              49.267869464320086
            ],
            [
              -123.10339004861184,
              49.26787662487874
            ],
            [
              -123.10338777636878,
              49.26788367250915
            ],
            [
              -123.10338761248472,
              49.26788400924533
            ],
            [
              -123.10332595718175,
              49.267883322150574
            ],
            [
              -123.10317222599441,
              49.2678806251122
            ],
            [
              -123.10316884449684,
              49.267880674160274
            ],
            [
              -123.10316548666275,
              49.26788093932431
            ],
            [
              -123.1031621848513,
              49.267881418048944
            ],
            [
              -123.10315897088178,
              49.267882105720744
            ],
            [
              -123.10315587572696,
              49.26788299571268
            ],
            [
              -123.10315292921457,
              49.26788407944797
            ],
            [
              -123.10315015973994,
              49.267885346482736
            ],
            [
              -123.10314759399223,
              49.26788678460669
            ],
            [
              -123.10314525669736,
              49.26788837996073
            ],
            [
              -123.10314317037965,
              49.26789011717057
            ],
            [
              -123.10314135514476,
              49.26789197949487
            ],
            [
              -123.10313982848595,
              49.267893948986554
            ],
            [
              -123.10313967167755,
              49.26789421273446
            ],
            [
              -123.10313835434422,
              49.267892531176074
            ],
            [
              -123.10313445901744,
              49.26788610040501
            ],
            [
              -123.10313152777888,
              49.26787945531378
            ],
            [
              -123.10311774665885,
              49.26784142423468
            ],
            [
              -123.10338724615272,
              49.26784561381779
            ],
            [
              -123.10338816287035,
              49.26784802393469
            ]
          ]
        ]
      },
      "properties": {
        "feature_type": "forest_area",
        "patch_id": 20,
        "tree_count": 2
      }
    },
    {
      "type": "Feature",
      "geometry": {
        "type": "Polygon",
        "coordinates": [
          [
            [
              -123.10285454630998,
              49.26778087766038
            ],
            [
              -123.1028405604679,
              49.267780404592
            ],
            [
              -123.10285255372095,
              49.26742618525768
            ],
            [
              -123.10285381461938,
              49.26739807942508
            ],
            [
              -123.10291991488239,
              49.26739973947735
            ],
            [
              -123.10292418114113,
              49.2673997507955
            ],
            [
              -123.1029529152439,
              49.26739918180336
            ],
            [
              -123.10322566550637,
              49.26740277282
            ],
            [
              -123.10322444215942,
              49.26742937075072
            ],
            [
              -123.10321674299374,
              49.2675911532192
            ],
            [
              -123.10321683450083,
              49.26759446224739
            ],
            [
              -123.10321742261188,
              49.2675977494889
            ],
            [
              -123.10321818580995,
              49.26760003670908
            ],
            [
              -123.10313467249331,
              49.26759875295639
            ],
            [
              -123.1031399446684,
              49.267455539937686
            ],
            [
              -123.10313985993005,
              49.26745333441857
            ],
            [
              -123.10313944433652,
              49.2674511449375
            ],
            [
              -123.10313870188958,
              49.267448992577215
            ],
            [
              -123.10313763973834,
              49.26744689806301
            ],
            [
              -123.10313626811036,
              49.26744488156315
            ],
            [
              -123.10313460021318,
              49.26744296249473
            ],
            [
              -123.10313265210715,
              49.26744115933665
            ],
            [
              -123.10313044255078,
              49.26743948945169
            ],
            [
              -123.10312799282009,
              49.267437968919346
            ],
            [
              -123.10312532650381,
              49.267436612380976
            ],
            [
              -123.10312246927614,
              49.26743543289882
            ],
            [
              -123.10311944864964,
              49.26743444183023
            ],
            [
              -123.10311629371019,
              49.2674336487183
            ],
            [
              -123.10311303483702,
              49.267433061199995
            ],
            [
              -123.10310970341017,
              49.26743268493258
            ],
            [
              -123.10310633150826,
              49.26743252353917
            ],
            [
              -123.10293493150826,
              49.267429823539175
            ],
            [
              -123.10293155084048,
              49.26742987861059
            ],
            [
              -123.10292819472986,
              49.26743014967692
            ],
            [
              -123.10292489550726,
              49.26743063412685
            ],
            [
              -123.10292168495549,
              49.267431327293494
            ],
            [
              -123.10291859400321,
              49.26743222249925
            ],
            [
              -123.10291565242687,
              49.26743331112023
            ],
            [
              -123.10291288856398,
              49.26743458266927
            ],
            [
              -123.10291032903997,
              49.267436024897
            ],
            [
              -123.10290799851188,
              49.26743762390981
            ],
            [
              -123.10290591943067,
              49.267439364303726
            ],
            [
              -123.10290411182504,
              49.26744122931278
            ],
            [
              -123.10290259310842,
              49.26744320097054
            ],
            [
              -123.10290137791128,
              49.26744526028317
            ],
            [
              -123.10290047794011,
              49.267447387412425
            ],
            [
              -123.10289990186476,
              49.267449561866755
            ],
            [
              -123.10289965523478,
              49.267451762698705
            ],
            [
              -123.10288855523478,
              49.2677547626987
            ],
            [
              -123.102888640246,
              49.26775696712708
            ],
            [
              -123.10288905578507,
              49.26775915551833
            ],
            [
              -123.1028897978547,
              49.26776130682094
            ],
            [
              -123.10289085931645,
              49.2677634003402
            ],
            [
              -123.10289222995944,
              49.26776541593724
            ],
            [
              -123.10289366146252,
              49.2677670635834
            ],
            [
              -123.10285454630998,
              49.26778087766038
            ]
          ]
        ]
      },
      "properties": {
        "feature_type": "forest_area",
        "patch_id": 21,
        "tree_count": 15
      }
    },
    {
      "type": "Feature",
      "geometry": {
        "type": "Polygon",
        "coordinates": [
          [
            [
              -123.10167956805597,
              49.26784477819883
            ],
            [
              -123.10168057346199,
              49.267837664580185
            ],
            [
              -123.10168265502917,
              49.26783065109318
            ],
            [
              -123.10168579223446,
              49.267823806886604
            ],
            [
              -123.1016897629794,
              49.26781750293755
            ],
            [
              -123.10185642946088,
              49.26782122040553
            ],
            [
              -123.10185492912417,
              49.26786237964236
            ],
            [
              -123.10181689077686,
              49.26786174411223
            ],
            [
              -123.10181618932967,
              49.267860709084744
            ],
            [
              -123.10181452583625,
              49.26785878891109
            ],
            [
              -123.10181258200271,
              49.267856984345805
            ],
            [
              -123.1018103765387,
              49.267855312758066
            ],
            [
              -123.10180793067211,
              49.26785379023713
            ],
            [
              -123.10180526794474,
              49.267852431437476
            ],
            [
              -123.10180241398571,
              49.267851249437726
            ],
            [
              -123.10179939626475,
              49.267850255614796
            ],
            [
              -123.10179624382785,
              49.26784945953436
            ],
            [
              -123.10179298701762,
              49.267848868858806
            ],
            [
              -123.10178965718133,
              49.26784848927347
            ],
            [
              -123.10178628636909,
              49.267848324431895
            ],
            [
              -123.10167958786816,
              49.267846532685454
            ],
            [
              -123.10167956805597,
              49.26784477819883
            ]
          ]
        ]
      },
      "properties": {
        "feature_type": "forest_area",
        "patch_id": 22,
        "tree_count": 1
      }
    },
    {
      "type": "Feature",
      "geometry": {
        "type": "Polygon",
        "coordinates": [
          [
            [
              -123.10164149687147,
              49.26747865163335
            ],
            [
              -123.10162118014023,
              49.26748071594683
            ],
            [
              -123.1016261890725,
              49.2674005223978
            ],
            [
              -123.10162780295022,
              49.267374385451376
            ],
            [
              -123.10261239104129,
              49.2673962460108
            ],
            [
              -123.10261286192757,
              49.26739625529751
            ],
            [
              -123.10264186192757,
              49.26739675529752
            ],
            [
              -123.10264369343466,
              49.26739676921952
            ],
            [
              -123.10272427593961,
              49.26739660521171
            ],
            [
              -123.10272305307987,
              49.267423863149894
            ],
            [
              -123.10272304114545,
              49.26742416636268
            ],
            [
              -123.10271105732652,
              49.267778107061446
            ],
            [
              -123.10266343954459,
              49.267778022105546
            ],
            [
              -123.10257432550411,
              49.267776439825
            ],
            [
              -123.10258047575807,
              49.26751632026091
            ],
            [
              -123.10258030507285,
              49.26751301256869
            ],
            [
              -123.10257963836561,
              49.267509731720956
            ],
            [
              -123.10257848205714,
              49.26750650931407
            ],
            [
              -123.10257684728329,
              49.26750337638156
            ],
            [
              -123.10257474978783,
              49.267500363095294
            ],
            [
              -123.1025722097708,
              49.26749749847486
            ],
            [
              -123.10256925169395,
              49.26749481010811
            ],
            [
              -123.10256590404516,
              49.2674923238855
            ],
            [
              -123.10256219906415,
              49.26749006375071
            ],
            [
              -123.10255817243188,
              49.26748805147006
            ],
            [
              -123.10255386292705,
              49.267486306422924
            ],
            [
              -123.10254931205253,
              49.26748484541506
            ],
            [
              -123.10254456363572,
              49.267483682516776
            ],
            [
              -123.10253966340649,
              49.267482828927406
            ],
            [
              -123.1025346585567,
              49.267482292867484
            ],
            [
              -123.10252959728582,
              49.26748207949957
            ],
            [
              -123.10252452833664,
              49.26748219087852
            ],
            [
              -123.10251950052591,
              49.26748262593166
            ],
            [
              -123.10251456227421,
              49.26748338046923
            ],
            [
              -123.10250976113959,
              49.2674844472246
            ],
            [
              -123.1025051433596,
              49.26748581592433
            ],
            [
              -123.10250075340599,
              49.267487473387106
            ],
            [
              -123.1024966335564,
              49.26748940365065
            ],
            [
              -123.10249282348727,
              49.267491588125466
            ],
            [
              -123.1024893598916,
              49.26749400577387
            ],
            [
              -123.10248627612575,
              49.26749663331258
            ],
            [
              -123.10248360188804,
              49.267499445436975
            ],
            [
              -123.10248136293286,
              49.26750241506475
            ],
            [
              -123.10247958082259,
              49.26750551359677
            ],
            [
              -123.10247827271988,
              49.26750871119247
            ],
            [
              -123.10247745122251,
              49.26751197705726
            ],
            [
              -123.10247712424193,
              49.26751527973909
            ],
            [
              -123.10247098643565,
              49.26777487283969
            ],
            [
              -123.10233769877223,
              49.26777319274309
            ],
            [
              -123.10233344281777,
              49.267771419448344
            ],
            [
              -123.10232892114915,
              49.26776992032484
            ],
            [
              -123.10232419607235,
              49.267768717626424
            ],
            [
              -123.10231931309238,
              49.26776782293575
            ],
            [
              -123.10231431923505,
              49.26776724486918
            ],
            [
              -123.10230926259393,
              49.267766988993806
            ],
            [
              -123.10230419186722,
              49.26776705777385
            ],
            [
              -123.10229915588882,
              49.26776745054693
            ],
            [
              -123.10229420315791,
              49.267768163530405
            ],
            [
              -123.10228938137203,
              49.26776918985788
            ],
            [
              -123.10228473696762,
              49.26777051964524
            ],
            [
              -123.10228031467281,
              49.267772140085924
            ],
            [
              -123.10228017228982,
              49.2677722049997
            ],
            [
              -123.10224612384599,
              49.26777146481614
            ],
            [
              -123.1022501424249,
              49.26770441799959
            ],
            [
              -123.10225009172741,
              49.26770110859803
            ],
            [
              -123.10224954417339,
              49.267697818374764
            ],
            [
              -123.10224850503607,
              49.267694579016435
            ],
            [
              -123.10224698432293,
              49.26769142171983
            ],
            [
              -123.10224499667925,
              49.267688376891456
            ],
            [
              -123.10224256124712,
              49.26768547385466
            ],
            [
              -123.10223970148111,
              49.26768274056729
            ],
            [
              -123.10223644492231,
              49.26768020335237
            ],
            [
              -123.10223282293316,
              49.26767788664469
            ],
            [
              -123.1022319777288,
              49.26767744316752
            ],
            [
              -123.10233193779452,
              49.26767907596834
            ],
            [
              -123.10233531822853,
              49.267679022877694
            ],
            [
              -123.10233867440776,
              49.267678753817165
            ],
            [
              -123.1023419740066,
              49.26767827137825
            ],
            [
              -123.1023451852444,
              49.267677580207646
            ],
            [
              -123.10234827719152,
              49.26767668696248
            ],
            [
              -123.10235122006736,
              49.2676756002462
            ],
            [
              -123.10235398552709,
              49.267674330525715
            ],
            [
              -123.10235654693469,
              49.267672890030546
            ],
            [
              -123.1023588796195,
              49.267671292635086
            ],
            [
              -123.10236096111387,
              49.26766955372493
            ],
            [
              -123.10236277136953,
              49.26766769004869
            ],
            [
              -123.10236429295065,
              49.2676657195567
            ],
            [
              -123.1023655112019,
              49.2676636612281
            ],
            [
              -123.10236641438945,
              49.267661534888035
            ],
            [
              -123.1023669938141,
              49.267659361016726
            ],
            [
              -123.10236724389502,
              49.2676571605522
            ],
            [
              -123.10237454389502,
              49.267466160552196
            ],
            [
              -123.1023744624008,
              49.267463956266056
            ],
            [
              -123.10237405041282,
              49.267461767789165
            ],
            [
              -123.10237331189354,
              49.26745961617005
            ],
            [
              -123.10237225394596,
              49.26745752210275
            ],
            [
              -123.1023708867453,
              49.26745550572777
            ],
            [
              -123.10236922344113,
              49.26745358643838
            ],
            [
              -123.10236728003095,
              49.26745178269409
            ],
            [
              -123.10236507520624,
              49.26745011184311
            ],
            [
              -123.10236263017278,
              49.26744858995551
            ],
            [
              -123.1023599684466,
              49.267447231668626
            ],
            [
              -123.10235711562792,
              49.26744605004631
            ],
            [
              -123.10235409915482,
              49.26744505645328
            ],
            [
              -123.1023509480394,
              49.26744426044581
            ],
            [
              -123.10234769258875,
              49.26744366967979
            ],
            [
              -123.10234436411342,
              49.26744328983717
            ],
            [
              -123.10234099462632,
              49.26744312457121
            ],
            [
              -123.10227507244306,
              49.26744200724607
            ],
            [
              -123.1022752446215,
              49.26743734121077
            ],
            [
              -123.1022751601826,
              49.26743513663836
            ],
            [
              -123.10227474517134,
              49.267432948068816
            ],
            [
              -123.10227400358048,
              49.26743079655792
            ],
            [
              -123.10227294254469,
              49.26742870280492
            ],
            [
              -123.10227157227199,
              49.2674266869534
            ],
            [
              -123.10226990594549,
              49.26742476839745
            ],
            [
              -123.10226795959659,
              49.26742296559511
            ],
            [
              -123.10226575195071,
              49.26742129589078
            ],
            [
              -123.10226330424716,
              49.26741977534834
            ],
            [
              -123.10226064003481,
              49.26741841859663
            ],
            [
              -123.10225778494552,
              49.26741723868867
            ],
            [
              -123.1022547664475,
              49.267416246976126
            ],
            [
              -123.10225161358112,
              49.26741545300007
            ],
            [
              -123.10224835667945,
              49.267414864399164
            ],
            [
              -123.10224502707652,
              49.26741448683624
            ],
            [
              -123.10224165680573,
              49.26741432394374
            ],
            [
              -123.10203835680572,
              49.267411023943744
            ],
            [
              -123.10203508817159,
              49.2674110721422
            ],
            [
              -123.10203184125477,
              49.26741132229238
            ],
            [
              -123.10202864529215,
              49.26741177214181
            ],
            [
              -123.10202552906178,
              49.267412417639825
            ],
            [
              -123.10202252062376,
              49.267413252974016
            ],
            [
              -123.10201964706759,
              49.26741427062263
            ],
            [
              -123.1020169342682,
              49.26741546142224
            ],
            [
              -123.10201440665304,
              49.26741681465028
            ],
            [
              -123.10201208698199,
              49.26741831812162
            ],
            [
              -123.10201184167721,
              49.267418510553014
            ],
            [
              -123.10194181107605,
              49.26741732484971
            ],
            [
              -123.10168032847137,
              49.267412725155715
            ],
            [
              -123.10167694805301,
              49.26741277399459
            ],
            [
              -123.1016735912487,
              49.267413038812265
            ],
            [
              -123.10167029038689,
              49.26741351705834
            ],
            [
              -123.1016670772573,
              49.26741420412695
            ],
            [
              -123.10166398280471,
              49.26741509340114
            ],
            [
              -123.10166103683096,
              49.267416176316544
            ],
            [
              -123.10165826770792,
              49.26741744244389
            ],
            [
              -123.10165570210427,
              49.26741887958946
            ],
            [
              -123.10165336472863,
              49.26742047391249
            ],
            [
              -123.10165127809165,
              49.26742221005847
            ],
            [
              -123.10164946228916,
              49.267424071307076
            ],
            [
              -123.10164793480867,
              49.2674260397331
            ],
            [
              -123.10164671036091,
              49.267428096379184
            ],
            [
              -123.10164580073823,
              49.26743022143832
            ],
            [
              -123.10164521470094,
              49.26743239444463
            ],
            [
              -123.10164495789301,
              49.26743459447049
            ],
            [
              -123.10164313870236,
              49.267478654717145
            ],
            [
              -123.10164149687147,
              49.26747865163335
            ]
          ]
        ]
      },
      "properties": {
        "feature_type": "forest_area",
        "patch_id": 23,
        "tree_count": 28
      }
    },
    {
      "type": "Feature",
      "geometry": {
        "type": "Polygon",
        "coordinates": [
          [
            [
              -123.10148783844932,
              49.26749426433941
            ],
            [
              -123.10147681844434,
              49.26749501636483
            ],
            [
              -123.10146573841618,
              49.26749504284326
            ],
            [
              -123.101456089801,
              49.267494430988705
            ],
            [
              -123.1014610542547,
              49.26739710308367
            ],
            [
              -123.10146233948954,
              49.267371476279685
            ],
            [
              -123.10154238670043,
              49.26737275776734
            ],
            [
              -123.10154081132731,
              49.267398271127334
            ],
            [
              -123.10153511557736,
              49.26748946067233
            ],
            [
              -123.10148783844932,
              49.26749426433941
            ]
          ]
        ]
      },
      "properties": {
        "feature_type": "forest_area",
        "patch_id": 24,
        "tree_count": 3
      }
    },
    {
      "type": "Feature",
      "geometry": {
        "type": "Polygon",
        "coordinates": [
          [
            [
              -123.10164801344949,
              49.26706856630656
            ],
            [
              -123.10165515199115,
              49.26706910500074
            ],
            [
              -123.10165421634072,
              49.267094510288985
            ],
            [
              -123.10165314314514,
              49.26709561043877
            ],
            [
              -123.10165207399884,
              49.267096988350325
            ],
            [
              -123.10165121697497,
              49.26709842800956
            ],
            [
              -123.10165058032713,
              49.26709991555179
            ],
            [
              -123.10165017018662,
              49.26710143665115
            ],
            [
              -123.10164999050328,
              49.26710297665864
            ],
            [
              -123.10164959050329,
              49.26711267665864
            ],
            [
              -123.10164964300758,
              49.26711422074314
            ],
            [
              -123.10164992719385,
              49.26711575403427
            ],
            [
              -123.10165044032526,
              49.2671172617656
            ],
            [
              -123.10165117746004,
              49.26711872941685
            ],
            [
              -123.1016521314992,
              49.267120142853734
            ],
            [
              -123.10165322564647,
              49.26712141015635
            ],
            [
              -123.1016515398233,
              49.26716718454176
            ],
            [
              -123.10165042447186,
              49.267168331869634
            ],
            [
              -123.10164935863457,
              49.26716971087233
            ],
            [
              -123.10164850506769,
              49.26717115140582
            ],
            [
              -123.1016478719915,
              49.26717263959698
            ],
            [
              -123.10164746550292,
              49.26717416111371
            ],
            [
              -123.10164728951662,
              49.267175701302975
            ],
            [
              -123.10164688951662,
              49.267186001302974
            ],
            [
              -123.10164694572744,
              49.26718754533191
            ],
            [
              -123.10164723359408,
              49.26718907833067
            ],
            [
              -123.10164775034418,
              49.267190585535644
            ],
            [
              -123.10164849100119,
              49.267192052431625
            ],
            [
              -123.10164944843216,
              49.2671934648916
            ],
            [
              -123.10165052614094,
              49.267194708594616
            ],
            [
              -123.10164895533993,
              49.2672373598359
            ],
            [
              -123.10164904008421,
              49.26723956570679
            ],
            [
              -123.10164945578907,
              49.267241755533306
            ],
            [
              -123.10165019845034,
              49.26724390822267
            ],
            [
              -123.1016512609146,
              49.26724600303981
            ],
            [
              -123.10165263294799,
              49.267248019807084
            ],
            [
              -123.10165430133488,
              49.267249939098654
            ],
            [
              -123.10165625000506,
              49.267251742427575
            ],
            [
              -123.10165846018863,
              49.267253412423884
            ],
            [
              -123.1016609105967,
              49.26725493300187
            ],
            [
              -123.10166357762654,
              49.26725628951509
            ],
            [
              -123.10166643558885,
              49.26725746889736
            ],
            [
              -123.10166945695526,
              49.267258459788685
            ],
            [
              -123.10167261262346,
              49.26725925264462
            ],
            [
              -123.10167587219752,
              49.26725983982825
            ],
            [
              -123.10167920428063,
              49.267260215683706
            ],
            [
              -123.10168257677763,
              49.2672603765907
            ],
            [
              -123.10263797677763,
              49.2672752765907
            ],
            [
              -123.10264135414056,
              49.26727522114803
            ],
            [
              -123.10264470694618,
              49.267274950132794
            ],
            [
              -123.1026480029583,
              49.2672744661507
            ],
            [
              -123.10265121048677,
              49.2672737738551
            ],
            [
              -123.10265429869213,
              49.267272879902215
            ],
            [
              -123.10265723788226,
              49.26727179288712
            ],
            [
              -123.1026599997977,
              49.267270523261146
            ],
            [
              -123.10266255788346,
              49.26726908323136
            ],
            [
              -123.10266488754435,
              49.26726748664321
            ],
            [
              -123.10266696638138,
              49.26726574884743
            ],
            [
              -123.10266877440714,
              49.26726388655237
            ],
            [
              -123.10266897973588,
              49.267263620556
            ],
            [
              -123.10266912149953,
              49.26726381654337
            ],
            [
              -123.10266949069214,
              49.2672643707918
            ],
            [
              -123.10266969849887,
              49.26726461424141
            ],
            [
              -123.10266988078271,
              49.26726486624769
            ],
            [
              -123.10267035628814,
              49.26726538485426
            ],
            [
              -123.1026708069559,
              49.267265912820235
            ],
            [
              -123.10267105033022,
              49.26726614180623
            ],
            [
              -123.10267126958982,
              49.26726638094014
            ],
            [
              -123.10268486078024,
              49.267279676669894
            ],
            [
              -123.1026890414766,
              49.26728401874416
            ],
            [
              -123.10269134824617,
              49.267289348727154
            ],
            [
              -123.1026932742355,
              49.26729646926031
            ],
            [
              -123.10269696445833,
              49.26731572157174
            ],
            [
              -123.10264422247643,
              49.267315828916345
            ],
            [
              -123.1026163735426,
              49.26731534876231
            ],
            [
              -123.10163221799552,
              49.26729349780655
            ],
            [
              -123.10163400325786,
              49.26725586254634
            ],
            [
              -123.10163401992902,
              49.267255370932055
            ],
            [
              -123.10163783162947,
              49.26706844514199
            ],
            [
              -123.10164801344949,
              49.26706856630656
            ]
          ]
        ]
      },
      "properties": {
        "feature_type": "forest_area",
        "patch_id": 25,
        "tree_count": 7
      }
    },
    {
      "type": "Feature",
      "geometry": {
        "type": "Polygon",
        "coordinates": [
          [
            [
              -123.10313037623895,
              49.26639100921106
            ],
            [
              -123.10338167849915,
              49.266395873125774
            ],
            [
              -123.10338505955369,
              49.266395830225406
            ],
            [
              -123.10338841787801,
              49.26639557124851
            ],
            [
              -123.10339172112042,
              49.26639509868987
            ],
            [
              -123.1033949374599,
              49.266394417101786
            ],
            [
              -123.10339803591256,
              49.26639353305018
            ],
            [
              -123.10340098663016,
              49.26639245505135
            ],
            [
              -123.10340376118762,
              49.26639119348998
            ],
            [
              -123.10340633285686,
              49.266389760519026
            ],
            [
              -123.1034086768643,
              49.26638816994269
            ],
            [
              -123.10341077062945,
              49.26638643708342
            ],
            [
              -123.1034125939825,
              49.26638457863435
            ],
            [
              -123.10341391120224,
              49.26638289185997
            ],
            [
              -123.10341532904776,
              49.26638362093602
            ],
            [
              -123.1034181789537,
              49.26638481072425
            ],
            [
              -123.10342119394431,
              49.26638581238606
            ],
            [
              -123.10342434494841,
              49.266386616263226
            ],
            [
              -123.10342760158336,
              49.26638721460459
            ],
            [
              -123.10343093244803,
              49.26638760164083
            ],
            [
              -123.103432209539,
              49.2663876667639
            ],
            [
              -123.10343323118727,
              49.26639138119793
            ],
            [
              -123.10343408843904,
              49.26639845703853
            ],
            [
              -123.10343387303399,
              49.26640555356454
            ],
            [
              -123.10343309201856,
              49.26641291164371
            ],
            [
              -123.10310304465958,
              49.26640774904763
            ],
            [
              -123.10313037623895,
              49.26639100921106
            ]
          ]
        ]
      },
      "properties": {
        "feature_type": "forest_area",
        "patch_id": 26,
        "tree_count": 4
      }
    },
    {
      "type": "Feature",
      "geometry": {
        "type": "Polygon",
        "coordinates": [
          [
            [
              -123.10342154270863,
              49.26652171965692
            ],
            [
              -123.10342085616344,
              49.26652549758659
            ],
            [
              -123.10338147269366,
              49.26652492264543
            ],
            [
              -123.10317707686116,
              49.2665219227066
            ],
            [
              -123.10297377895611,
              49.26651892273751
            ],
            [
              -123.10297039861413,
              49.26651898116499
            ],
            [
              -123.10296704332954,
              49.26651925553807
            ],
            [
              -123.10296374542159,
              49.2665197432139
            ],
            [
              -123.10296053665677,
              49.26652043949502
            ],
            [
              -123.10295744794297,
              49.26652133767462
            ],
            [
              -123.1029545090317,
              49.266522429101144
            ],
            [
              -123.10295174823153,
              49.26652370326161
            ],
            [
              -123.1029491921354,
              49.26652514788289
            ],
            [
              -123.10294686536444,
              49.26652674904991
            ],
            [
              -123.10294479033091,
              49.266528491339706
            ],
            [
              -123.10294298702219,
              49.26653035796996
            ],
            [
              -123.10294147280835,
              49.266532330960686
            ],
            [
              -123.1029402622748,
              49.26653439130739
            ],
            [
              -123.1029393670818,
              49.26653651916412
            ],
            [
              -123.10293879585214,
              49.26653869403467
            ],
            [
              -123.10293855408808,
              49.26654089496997
            ],
            [
              -123.10292915408807,
              49.26681389496997
            ],
            [
              -123.10292924406919,
              49.26681610034662
            ],
            [
              -123.10292966485078,
              49.26681828935126
            ],
            [
              -123.10293041238128,
              49.266820440906784
            ],
            [
              -123.10293147946304,
              49.266822534296665
            ],
            [
              -123.10293285582149,
              49.26682454936443
            ],
            [
              -123.1029345282042,
              49.26682646670774
            ],
            [
              -123.10293648050842,
              49.26682826786521
            ],
            [
              -123.10293869393614,
              49.266829935494165
            ],
            [
              -123.10294114717507,
              49.26683145353762
            ],
            [
              -123.10294381660391,
              49.26683280737891
            ],
            [
              -123.10294667651972,
              49.266833983982394
            ],
            [
              -123.10294969938542,
              49.266834972019
            ],
            [
              -123.10295285609496,
              49.26683576197528
            ],
            [
              -123.10295611625357,
              49.26683634624505
            ],
            [
              -123.10295944847039,
              49.266836719202594
            ],
            [
              -123.10296282066075,
              49.266836877256836
            ],
            [
              -123.10316602066075,
              49.266839877256835
            ],
            [
              -123.1031694025666,
              49.26683981877665
            ],
            [
              -123.10317275938048,
              49.26683954415145
            ],
            [
              -123.10317605873847,
              49.26683905602896
            ],
            [
              -123.10317926883066,
              49.26683835911527
            ],
            [
              -123.10318235870773,
              49.26683746012952
            ],
            [
              -123.10318529857942,
              49.26683636773905
            ],
            [
              -123.10318806010167,
              49.26683509247587
            ],
            [
              -123.10319061664998,
              49.26683364663512
            ],
            [
              -123.10319294357602,
              49.266832044156494
            ],
            [
              -123.10319385153292,
              49.266831281132944
            ],
            [
              -123.10334079382794,
              49.26683343676563
            ],
            [
              -123.10334212736745,
              49.266834965849284
            ],
            [
              -123.10334408019587,
              49.26683676760494
            ],
            [
              -123.10334629431318,
              49.266838435751545
            ],
            [
              -123.10334874838723,
              49.266839954217154
            ],
            [
              -123.10335141877395,
              49.26684130837192
            ],
            [
              -123.10335427974519,
              49.26684248516909
            ],
            [
              -123.10335730373659,
              49.26684347327068
            ],
            [
              -123.10336046161315,
              49.26684426315671
            ],
            [
              -123.10336372294994,
              49.26684484721692
            ],
            [
              -123.10336705632524,
              49.26684521982413
            ],
            [
              -123.10337042962325,
              49.26684537738839
            ],
            [
              -123.10368001293435,
              49.26684989541894
            ],
            [
              -123.10367944539044,
              49.26686130401345
            ],
            [
              -123.10367803300716,
              49.26688960212134
            ],
            [
              -123.10293000949824,
              49.26687463416718
            ],
            [
              -123.1029291519018,
              49.26687462262831
            ],
            [
              -123.1028782421634,
              49.26687427122373
            ],
            [
              -123.10287926608405,
              49.26683168817065
            ],
            [
              -123.10288106543634,
              49.26676211321566
            ],
            [
              -123.10288106012709,
              49.266762005703185
            ],
            [
              -123.10288107015629,
              49.266761898334174
            ],
            [
              -123.10288426618452,
              49.26658501814583
            ],
            [
              -123.10288525460042,
              49.266555958718946
            ],
            [
              -123.10288604943322,
              49.26653737950193
            ],
            [
              -123.1028860546646,
              49.26653725011751
            ],
            [
              -123.10288793209575,
              49.266487954139144
            ],
            [
              -123.10293800347463,
              49.266489035127464
            ],
            [
              -123.10298304906928,
              49.26649042114576
            ],
            [
              -123.10298454773765,
              49.26649045591861
            ],
            [
              -123.10342413132321,
              49.26649733187879
            ],
            [
              -123.10342154270863,
              49.26652171965692
            ]
          ]
        ]
      },
      "properties": {
        "feature_type": "forest_area",
        "patch_id": 27,
        "tree_count": 7
      }
    },
    {
      "type": "Feature",
      "geometry": {
        "type": "Polygon",
        "coordinates": [
          [
            [
              -123.1035617522217,
              49.266505702997605
            ],
            [
              -123.10356174929719,
              49.266499484497174
            ],
            [
              -123.10445080272885,
              49.26651339105828
            ],
            [
              -123.104499370114,
              49.26655527793863
            ],
            [
              -123.1043208912217,
              49.266552624406295
            ],
            [
              -123.1042369752222,
              49.266551038235285
            ],
            [
              -123.10423628454507,
              49.26655040308417
            ],
            [
              -123.10423406121296,
              49.266548733946266
            ],
            [
              -123.10423159733357,
              49.26654721541936
            ],
            [
              -123.10422891674641,
              49.26654586219611
            ],
            [
              -123.10422604538778,
              49.26654468736978
            ],
            [
              -123.10422301103982,
              49.26654370230753
            ],
            [
              -123.1042198430617,
              49.26654291654043
            ],
            [
              -123.1042165721055,
              49.26654233767125
            ],
            [
              -123.10421322981972,
              49.266541971300896
            ],
            [
              -123.104209848543,
              49.26654182097423
            ],
            [
              -123.104128448543,
              49.266540820974235
            ],
            [
              -123.10412506971682,
              49.266540887692415
            ],
            [
              -123.10412171717168,
              49.266541170145885
            ],
            [
              -123.10411842317832,
              49.266541665615826
            ],
            [
              -123.10411521944393,
              49.26654236933297
            ],
            [
              -123.10411213680682,
              49.26654327452349
            ],
            [
              -123.10410920493972,
              49.26654437247427
            ],
            [
              -123.10410645206404,
              49.266545652616706
            ],
            [
              -123.10410518196291,
              49.26654637557811
            ],
            [
              -123.1041042048522,
              49.266545264889
            ],
            [
              -123.10410224584064,
              49.266543471023915
            ],
            [
              -123.10410002721973,
              49.26654181086118
            ],
            [
              -123.10409757028573,
              49.26654030033646
            ],
            [
              -123.1040948986224,
              49.26653895394909
            ],
            [
              -123.10409203787468,
              49.26653778462284
            ],
            [
              -123.1040890155025,
              49.26653680358192
            ],
            [
              -123.10408586051719,
              49.26653602024322
            ],
            [
              -123.10408260320303,
              49.26653544212589
            ],
            [
              -123.10407927482652,
              49.2665350747792
            ],
            [
              -123.10407590733632,
              49.26653492172927
            ],
            [
              -123.1039341168954,
              49.26653302185735
            ],
            [
              -123.10380338333506,
              49.266531222771654
            ],
            [
              -123.10369664021151,
              49.26652952367699
            ],
            [
              -123.10369660539708,
              49.26652952423955
            ],
            [
              -123.10369657062111,
              49.26652952261517
            ],
            [
              -123.10355076847674,
              49.266527394116714
            ],
            [
              -123.1035617522217,
              49.266505702997605
            ]
          ]
        ]
      },
      "properties": {
        "feature_type": "forest_area",
        "patch_id": 28,
        "tree_count": 5
      }
    },
    {
      "type": "Feature",
      "geometry": {
        "type": "Polygon",
        "coordinates": [
          [
            [
              -123.1035351372069,
              49.26638496802921
            ],
            [
              -123.10353596850051,
              49.266384589803216
            ],
            [
              -123.10353853774141,
              49.266383157514035
            ],
            [
              -123.10354087961336,
              49.266381567883656
            ],
            [
              -123.10354297159017,
              49.26637983620256
            ],
            [
              -123.1035447935493,
              49.26637797912761
            ],
            [
              -123.10354632796555,
              49.26637601452181
            ],
            [
              -123.1035475600795,
              49.2663739612825
            ],
            [
              -123.10354821057334,
              49.26637245748307
            ],
            [
              -123.10354884452553,
              49.26637247042087
            ],
            [
              -123.10354866042657,
              49.26637653593981
            ],
            [
              -123.10354872656292,
              49.26637874235158
            ],
            [
              -123.10354912387108,
              49.26638093390351
            ],
            [
              -123.10354984852316,
              49.26638308948105
            ],
            [
              -123.10355089353746,
              49.266385188316235
            ],
            [
              -123.10355224884579,
              49.26638721018777
            ],
            [
              -123.10355390139037,
              49.266389135615896
            ],
            [
              -123.10355583524974,
              49.26639094605
            ],
            [
              -123.10355803179206,
              49.266392624047434
            ],
            [
              -123.10356046985471,
              49.26639415344147
            ],
            [
              -123.10356312594809,
              49.26639551949712
            ],
            [
              -123.103565974482,
              49.26639670905308
            ],
            [
              -123.10356898801216,
              49.26639771064857
            ],
            [
              -123.10357213750464,
              49.26639851463366
            ],
            [
              -123.10357539261558,
              49.26639911326235
            ],
            [
              -123.10357872198352,
              49.266399500767136
            ],
            [
              -123.10358209353159,
              49.26639967341458
            ],
            [
              -123.10379707905493,
              49.266403773138514
            ],
            [
              -123.10397546457862,
              49.26640727285451
            ],
            [
              -123.10397547737028,
              49.26640727269544
            ],
            [
              -123.10397549013105,
              49.26640727334962
            ],
            [
              -123.10399031235053,
              49.266407556961724
            ],
            [
              -123.10397650167037,
              49.266421411649745
            ],
            [
              -123.10355297326778,
              49.266414786824505
            ],
            [
              -123.1035351372069,
              49.26638496802921
            ]
          ]
        ]
      },
      "properties": {
        "feature_type": "forest_area",
        "patch_id": 29,
        "tree_count": 2
      }
    },
    {
      "type": "Feature",
      "geometry": {
        "type": "Polygon",
        "coordinates": [
          [
            [
              -123.10342625628238,
              49.26617253858925
            ],
            [
              -123.10342943964874,
              49.266102062395234
            ],
            [
              -123.10342937335481,
              49.26609985686803
            ],
            [
              -123.10342897615467,
              49.26609766619628
            ],
            [
              -123.10342825187209,
              49.2660955114692
            ],
            [
              -123.10342720747958,
              49.26609341342997
            ],
            [
              -123.10342585303137,
              49.26609139227604
            ],
            [
              -123.10342420156645,
              49.2660894674647
            ],
            [
              -123.10342226898321,
              49.26608765752577
            ],
            [
              -123.10342007388627,
              49.26608597988322
            ],
            [
              -123.10341763740746,
              49.266084450687416
            ],
            [
              -123.10341498300232,
              49.266083084659655
            ],
            [
              -123.10341213622434,
              49.26608189495044
            ],
            [
              -123.10340912447896,
              49.2660808930129
            ],
            [
              -123.10340712448084,
              49.26608038183666
            ],
            [
              -123.10339852148184,
              49.26603894170108
            ],
            [
              -123.10337790751973,
              49.26603658832933
            ],
            [
              -123.10336510835334,
              49.2660354467119
            ],
            [
              -123.10336487541431,
              49.26603416332879
            ],
            [
              -123.103364150572,
              49.26603200834407
            ],
            [
              -123.10336384017876,
              49.266031385128315
            ],
            [
              -123.10346132407768,
              49.26603379037763
            ],
            [
              -123.1034604992833,
              49.26603423786521
            ],
            [
              -123.1034581242944,
              49.26603580750447
            ],
            [
              -123.10345599644795,
              49.26603752145454
            ],
            [
              -123.1034541362256,
              49.266039363217736
            ],
            [
              -123.10345256153296,
              49.26604131506609
            ],
            [
              -123.10345128752734,
              49.26604335821202
            ],
            [
              -123.1034503264717,
              49.26604547298915
            ],
            [
              -123.10344968761672,
              49.266047639041616
            ],
            [
              -123.10344937711173,
              49.26604983552001
            ],
            [
              -123.10344177711173,
              49.26616533552001
            ],
            [
              -123.10344179804278,
              49.26616754242969
            ],
            [
              -123.1034421504559,
              49.26616973736788
            ],
            [
              -123.1034428309554,
              49.2661718991851
            ],
            [
              -123.10344383298427,
              49.266174007051056
            ],
            [
              -123.10344514688741,
              49.26617604065527
            ],
            [
              -123.10344676000462,
              49.26617798040283
            ],
            [
              -123.10344865679262,
              49.26617980760319
            ],
            [
              -123.10345081897482,
              49.26618150465025
            ],
            [
              -123.10345322571735,
              49.26618305519201
            ],
            [
              -123.10345585382993,
              49.26618444428814
            ],
            [
              -123.10345867798921,
              49.26618565855393
            ],
            [
              -123.10346167098285,
              49.266186686289245
            ],
            [
              -123.10346480397169,
              49.26618751759128
            ],
            [
              -123.10346804676762,
              49.26618814444997
            ],
            [
              -123.1034713681245,
              49.2661885608252
            ],
            [
              -123.10347473603919,
              49.26618876270494
            ],
            [
              -123.10355702051152,
              49.26619104619747
            ],
            [
              -123.10355568066393,
              49.26622104389642
            ],
            [
              -123.10355537386185,
              49.26621935732314
            ],
            [
              -123.10355464793511,
              49.26621720201096
            ],
            [
              -123.10355360170374,
              49.266215103518945
            ],
            [
              -123.1035522452469,
              49.26621308206361
            ],
            [
              -123.10355059163248,
              49.26621115711927
            ],
            [
              -123.10354865679109,
              49.26620934723051
            ],
            [
              -123.10354645936266,
              49.26620766983347
            ],
            [
              -123.10354402051682,
              49.26620614108789
            ],
            [
              -123.10354136374897,
              49.266204775721434
            ],
            [
              -123.10353851465393,
              49.2662035868878
            ],
            [
              -123.10353550067938,
              49.26620258603999
            ],
            [
              -123.10353235086143,
              49.26620178282
            ],
            [
              -123.10352909554481,
              49.26620118496591
            ],
            [
              -123.10352576609071,
              49.26620079823733
            ],
            [
              -123.10352239457447,
              49.26620062635994
            ],
            [
              -123.10344279457446,
              49.26619912635994
            ],
            [
              -123.10343941826437,
              49.26619917077288
            ],
            [
              -123.10343606483451,
              49.26619943065286
            ],
            [
              -123.10343276649968,
              49.26619990350333
            ],
            [
              -123.10343197223494,
              49.26620007199355
            ],
            [
              -123.10342625628238,
              49.26617253858925
            ]
          ]
        ]
      },
      "properties": {
        "feature_type": "forest_area",
        "patch_id": 30,
        "tree_count": 1
      }
    },
    {
      "type": "Feature",
      "geometry": {
        "type": "Polygon",
        "coordinates": [
          [
            [
              -123.10294079105692,
              49.26627956762592
            ],
            [
              -123.10292982511156,
              49.26627981319005
            ],
            [
              -123.10291887606483,
              49.266279346293025
            ],
            [
              -123.10290805235564,
              49.266278171558966
            ],
            [
              -123.10289746118154,
              49.26627630062239
            ],
            [
              -123.1028964324295,
              49.26627604492194
            ],
            [
              -123.10289656131005,
              49.26627097562057
            ],
            [
              -123.10290275457295,
              49.26610835252395
            ],
            [
              -123.1029061029763,
              49.266020837435924
            ],
            [
              -123.1029579561413,
              49.266021370630426
            ],
            [
              -123.1029638940738,
              49.2660215171388
            ],
            [
              -123.10296337234215,
              49.266022185031346
            ],
            [
              -123.10296213914873,
              49.26602424021641
            ],
            [
              -123.10296122070633,
              49.26602636439996
            ],
            [
              -123.10296062586593,
              49.26602853711134
            ],
            [
              -123.10296036035997,
              49.26603073741224
            ],
            [
              -123.10294915077473,
              49.266278833000655
            ],
            [
              -123.10294079105692,
              49.26627956762592
            ]
          ]
        ]
      },
      "properties": {
        "feature_type": "forest_area",
        "patch_id": 31,
        "tree_count": 4
      }
    },
    {
      "type": "Feature",
      "geometry": {
        "type": "Polygon",
        "coordinates": [
          [
            [
              -123.10225447256691,
              49.26572116462918
            ],
            [
              -123.10214131230897,
              49.26571942324023
            ],
            [
              -123.10213793173594,
              49.26571947953896
            ],
            [
              -123.10213457590339,
              49.26571975181762
            ],
            [
              -123.10213127713864,
              49.26572023745331
            ],
            [
              -123.1021280672192,
              49.26572093176782
            ],
            [
              -123.10212497706675,
              49.26572182807271
            ],
            [
              -123.10212203644923,
              49.26572291773372
            ],
            [
              -123.10211927369409,
              49.26572419025398
            ],
            [
              -123.10211671541539,
              49.26572563337509
            ],
            [
              -123.10211438625745,
              49.265727233195236
            ],
            [
              -123.10211230865741,
              49.26572897430309
            ],
            [
              -123.10211050262916,
              49.26573083992627
            ],
            [
              -123.10210898557042,
              49.265732812092935
            ],
            [
              -123.10210777209531,
              49.26573487180488
            ],
            [
              -123.10210687389339,
              49.26573699922057
            ],
            [
              -123.1021062996172,
              49.265739173846264
            ],
            [
              -123.10210605479884,
              49.26574137473343
            ],
            [
              -123.10210195655803,
              49.26585581022679
            ],
            [
              -123.10206661650052,
              49.26588004866474
            ],
            [
              -123.10206652668087,
              49.26587798814434
            ],
            [
              -123.10206588624257,
              49.26587470506911
            ],
            [
              -123.10206475574194,
              49.26587147876529
            ],
            [
              -123.10206314606631,
              49.26586834030394
            ],
            [
              -123.10206107271775,
              49.26586531991017
            ],
            [
              -123.10205855566372,
              49.26586244667202
            ],
            [
              -123.10205561914485,
              49.26585974826033
            ],
            [
              -123.1020522914414,
              49.26585725066231
            ],
            [
              -123.10204860460098,
              49.26585497793116
            ],
            [
              -123.1020445941299,
              49.26585295195455
            ],
            [
              -123.10204029865116,
              49.26585119224372
            ],
            [
              -123.10203575953258,
              49.26584971574567
            ],
            [
              -123.10203102048835,
              49.26584853667987
            ],
            [
              -123.10202612715807,
              49.26584766640136
            ],
            [
              -123.10202112666717,
              49.26584711329142
            ],
            [
              -123.10201606717311,
              49.26584688267679
            ],
            [
              -123.10181016532113,
              49.26584410771922
            ],
            [
              -123.1017901099762,
              49.26583424564135
            ],
            [
              -123.10179109539797,
              49.265802712144826
            ],
            [
              -123.10180288288481,
              49.265756220382045
            ],
            [
              -123.10204753290061,
              49.265759517324206
            ],
            [
              -123.10205260267192,
              49.265759423217865
            ],
            [
              -123.10205763389531,
              49.265759005301554
            ],
            [
              -123.10206257811735,
              49.26575826760004
            ],
            [
              -123.10206738772249,
              49.26575721721779
            ],
            [
              -123.10207201639157,
              49.26575586427055
            ],
            [
              -123.10207641954801,
              49.26575422178796
            ],
            [
              -123.10208055478701,
              49.265752305588016
            ],
            [
              -123.10208438228392,
              49.265750134124765
            ],
            [
              -123.1020878651779,
              49.265747728310586
            ],
            [
              -123.10209096992672,
              49.26574511131479
            ],
            [
              -123.10209366663,
              49.265742308340485
            ],
            [
              -123.102095929317,
              49.26573934638183
            ],
            [
              -123.1020977361968,
              49.265736253964114
            ],
            [
              -123.10209906986817,
              49.26573306086901
            ],
            [
              -123.10209991748711,
              49.26572979784776
            ],
            [
              -123.1021002708906,
              49.26572649632506
            ],
            [
              -123.10210012667518,
              49.265723188096366
            ],
            [
              -123.10209948622969,
              49.26571990502173
            ],
            [
              -123.102098355722,
              49.26571667871896
            ],
            [
              -123.10209674603952,
              49.265713540259114
            ],
            [
              -123.10209467268434,
              49.26571051986727
            ],
            [
              -123.10209215562404,
              49.26570764663146
            ],
            [
              -123.10208921909926,
              49.26570494822251
            ],
            [
              -123.10208589139036,
              49.26570245062758
            ],
            [
              -123.10208220454497,
              49.26570017789987
            ],
            [
              -123.10207819406945,
              49.26569815192699
            ],
            [
              -123.10207389858687,
              49.265696392220164
            ],
            [
              -123.10206935946506,
              49.265694915726336
            ],
            [
              -123.10206462041826,
              49.26569373666495
            ],
            [
              -123.10205972708607,
              49.265692866391
            ],
            [
              -123.10205472659395,
              49.26569231328572
            ],
            [
              -123.1020496670994,
              49.26569208267579
            ],
            [
              -123.1017602670994,
              49.265688182675795
            ],
            [
              -123.10175535239192,
              49.265688269075035
            ],
            [
              -123.10175047250407,
              49.26568865982348
            ],
            [
              -123.10174567159729,
              49.265689351384985
            ],
            [
              -123.10174099311827,
              49.26569033750113
            ],
            [
              -123.10173647940576,
              49.26569160924788
            ],
            [
              -123.1017321713074,
              49.265693155116324
            ],
            [
              -123.10172810781016,
              49.26569496111686
            ],
            [
              -123.10172432568736,
              49.26569701090573
            ],
            [
              -123.10172085916604,
              49.26569928593302
            ],
            [
              -123.1017177396171,
              49.26570176561044
            ],
            [
              -123.10171499527148,
              49.265704427497695
            ],
            [
              -123.10171265096463,
              49.26570724750556
            ],
            [
              -123.10171072791178,
              49.26571020011385
            ],
            [
              -123.10170924351597,
              49.2657132586024
            ],
            [
              -123.1017082112105,
              49.26571639529286
            ],
            [
              -123.10169581017047,
              49.26576530700903
            ],
            [
              -123.10169046114247,
              49.265765238211245
            ],
            [
              -123.10169830515513,
              49.26559392157608
            ],
            [
              -123.10169948715172,
              49.26556776004632
            ],
            [
              -123.10225256004416,
              49.26557561959314
            ],
            [
              -123.10225133949132,
              49.265603529568345
            ],
            [
              -123.10224923866383,
              49.26565073983033
            ],
            [
              -123.10220295562289,
              49.265649888865326
            ],
            [
              -123.10219788491045,
              49.26564995809186
            ],
            [
              -123.1021928490133,
              49.26565035130836
            ],
            [
              -123.1021878964299,
              49.26565106472793
            ],
            [
              -123.10218307485628,
              49.265652091479964
            ],
            [
              -123.1021784307269,
              49.26565342167626
            ],
            [
              -123.10217400876721,
              49.265655042506324
            ],
            [
              -123.10216985156313,
              49.26565693836066
            ],
            [
              -123.1021659991508,
              49.265659090981146
            ],
            [
              -123.10216248863105,
              49.26566147963689
            ],
            [
              -123.10215935381211,
              49.26566408132382
            ],
            [
              -123.10215662488399,
              49.26566687098628
            ],
            [
              -123.10215432812778,
              49.26566982175828
            ],
            [
              -123.10215248566249,
              49.26567290522228
            ],
            [
              -123.10215111523205,
              49.265676091682835
            ],
            [
              -123.10215023003447,
              49.265679350452594
            ],
            [
              -123.1021498385947,
              49.26568265014781
            ],
            [
              -123.1021499446825,
              49.26568595899063
            ],
            [
              -123.10215054727618,
              49.26568924511508
            ],
            [
              -123.10215164057244,
              49.26569247687398
            ],
            [
              -123.10215321404226,
              49.26569562314373
            ],
            [
              -123.10215525253224,
              49.265698653624035
            ],
            [
              -123.10215773641062,
              49.265701539129715
            ],
            [
              -123.10216064175629,
              49.26570425187177
            ],
            [
              -123.10216394058918,
              49.26570676572501
            ],
            [
              -123.10216760113973,
              49.26570905647965
            ],
            [
              -123.10217158815483,
              49.26571110207448
            ],
            [
              -123.10217586323735,
              49.2657128828093
            ],
            [
              -123.10218038521592,
              49.26571438153465
            ],
            [
              -123.10218511054138,
              49.265715583817
            ],
            [
              -123.1021899937063,
              49.26571647807771
            ],
            [
              -123.10219498768313,
              49.265717055704556
            ],
            [
              -123.10220004437713,
              49.26571731113468
            ],
            [
              -123.10225609937262,
              49.265718341767894
            ],
            [
              -123.10225447256691,
              49.26572116462918
            ]
          ]
        ]
      },
      "properties": {
        "feature_type": "forest_area",
        "patch_id": 32,
        "tree_count": 23
      }
    },
    {
      "type": "Feature",
      "geometry": {
        "type": "Polygon",
        "coordinates": [
          [
            [
              -123.10192559036769,
              49.26594733431526
            ],
            [
              -123.10169706963704,
              49.26594283338171
            ],
            [
              -123.10168296076823,
              49.26594255966467
            ],
            [
              -123.10168660769699,
              49.26585462245297
            ],
            [
              -123.10168695168768,
              49.26585646204391
            ],
            [
              -123.10168799829019,
              49.26585957512269
            ],
            [
              -123.10168949056802,
              49.2658626098303
            ],
            [
              -123.10169141519351,
              49.265865539063576
            ],
            [
              -123.10169375497775,
              49.26586833666135
            ],
            [
              -123.10169648902395,
              49.265870977638095
            ],
            [
              -123.10169959291419,
              49.265873438407084
            ],
            [
              -123.10170303892741,
              49.26587569699104
            ],
            [
              -123.10170679628706,
              49.265877733218396
            ],
            [
              -123.10176129628705,
              49.2659045332184
            ],
            [
              -123.10176575756513,
              49.26590649802287
            ],
            [
              -123.1017705078001,
              49.26590814940692
            ],
            [
              -123.10177549547217,
              49.26590946946006
            ],
            [
              -123.10178066648633,
              49.26591044386536
            ],
            [
              -123.10178596475915,
              49.26591106205465
            ],
            [
              -123.10179133282688,
              49.265911317323216
            ],
            [
              -123.10199898516122,
              49.2659141158722
            ],
            [
              -123.10192559036769,
              49.26594733431526
            ]
          ]
        ]
      },
      "properties": {
        "feature_type": "forest_area",
        "patch_id": 33,
        "tree_count": 5
      }
    },
    {
      "type": "Feature",
      "geometry": {
        "type": "Polygon",
        "coordinates": [
          [
            [
              -123.10237325212611,
              49.26647898602805
            ],
            [
              -123.10237371589002,
              49.26648613877532
            ],
            [
              -123.10237308796549,
              49.26649328618628
            ],
            [
              -123.10237137457007,
              49.26650035748879
            ],
            [
              -123.10236859266945,
              49.266507282664286
            ],
            [
              -123.10236497798333,
              49.26651362772204
            ],
            [
              -123.10167847678767,
              49.266502224271875
            ],
            [
              -123.10167509634724,
              49.2665022764273
            ],
            [
              -123.10167174002079,
              49.26650254455578
            ],
            [
              -123.10166844013484,
              49.2665030260748
            ],
            [
              -123.10166522847229,
              49.26650371634662
            ],
            [
              -123.10166213596632,
              49.26650460872287
            ],
            [
              -123.10165919240247,
              49.26650569460861
            ],
            [
              -123.1016582787045,
              49.26650611373776
            ],
            [
              -123.10165890381988,
              49.26649275061547
            ],
            [
              -123.10165890834196,
              49.26649264771818
            ],
            [
              -123.1016599734571,
              49.266466742596165
            ],
            [
              -123.10237309267796,
              49.26647825736779
            ],
            [
              -123.10237325212611,
              49.26647898602805
            ]
          ]
        ]
      },
      "properties": {
        "feature_type": "forest_area",
        "patch_id": 34,
        "tree_count": 5
      }
    },
    {
      "type": "Feature",
      "geometry": {
        "type": "Polygon",
        "coordinates": [
          [
            [
              -123.10155780789911,
              49.26675971730103
            ],
            [
              -123.10155705135651,
              49.266760339695765
            ],
            [
              -123.10155724554437,
              49.26675481559389
            ],
            [
              -123.10155715765504,
              49.26675261455355
            ],
            [
              -123.10155674025812,
              49.266750429677515
            ],
            [
              -123.10155599735668,
              49.26674828191986
            ],
            [
              -123.10155493607553,
              49.26674619187869
            ],
            [
              -123.10155356659288,
              49.26674417959857
            ],
            [
              -123.10155190204279,
              49.266742264378294
            ],
            [
              -123.10154995838914,
              49.26674046458583
            ],
            [
              -123.10154775427259,
              49.2667387974821
            ],
            [
              -123.10154531083172,
              49.266737279055484
            ],
            [
              -123.10154265150041,
              49.266735923868474
            ],
            [
              -123.101539801783,
              49.26673474491802
            ],
            [
              -123.10153678900976,
              49.266733753510856
            ],
            [
              -123.10153364207471,
              49.266732959155085
            ],
            [
              -123.1015303911586,
              49.26673236946898
            ],
            [
              -123.10152706743938,
              49.26673199010796
            ],
            [
              -123.1015237027932,
              49.26673182471026
            ],
            [
              -123.10108493574377,
              49.26672432004547
            ],
            [
              -123.1010779996565,
              49.26672094696414
            ],
            [
              -123.10106991204773,
              49.26671612994442
            ],
            [
              -123.10106259656332,
              49.26671081319133
            ],
            [
              -123.1010561253601,
              49.266705049147056
            ],
            [
              -123.10105056226723,
              49.266698894665666
            ],
            [
              -123.1010459621567,
              49.266692410452336
            ],
            [
              -123.10104237040201,
              49.266685660464574
            ],
            [
              -123.1010398224307,
              49.26667871128137
            ],
            [
              -123.10103834337488,
              49.2666716314465
            ],
            [
              -123.10103794782333,
              49.26666449079243
            ],
            [
              -123.10103863967757,
              49.26665735975151
            ],
            [
              -123.10104041211348,
              49.26665030866128
            ],
            [
              -123.10104324764848,
              49.266643407070696
            ],
            [
              -123.10104711831409,
              49.266636723054084
            ],
            [
              -123.1010519859317,
              49.266630322539726
            ],
            [
              -123.10106250097357,
              49.266618065301515
            ],
            [
              -123.10106287761431,
              49.26662006050096
            ],
            [
              -123.10106398809644,
              49.26662328976382
            ],
            [
              -123.10106557829445,
              49.26662643245034
            ],
            [
              -123.10106763289383,
              49.26662945829473
            ],
            [
              -123.1010701321077,
              49.26663233815645
            ],
            [
              -123.10107305186722,
              49.26663504430087
            ],
            [
              -123.10107636405354,
              49.266637550666324
            ],
            [
              -123.1010800367685,
              49.26663983311516
            ],
            [
              -123.10108403464183,
              49.26664186966613
            ],
            [
              -123.10108831917182,
              49.26664364070615
            ],
            [
              -123.10109284909613,
              49.26664512917913
            ],
            [
              -123.10109758078909,
              49.26664632075026
            ],
            [
              -123.10110246868192,
              49.26664720394407
            ],
            [
              -123.10110746570153,
              49.2666477702549
            ],
            [
              -123.1011125237239,
              49.266648014228885
            ],
            [
              -123.10156595105194,
              49.266655323152165
            ],
            [
              -123.1015616641392,
              49.26675581900931
            ],
            [
              -123.10155780789911,
              49.26675971730103
            ]
          ]
        ]
      },
      "properties": {
        "feature_type": "forest_area",
        "patch_id": 35,
        "tree_count": 8
      }
    },
    {
      "type": "Feature",
      "geometry": {
        "type": "Polygon",
        "coordinates": [
          [
            [
              -123.10111975606887,
              49.26655132383238
            ],
            [
              -123.10108820384286,
              49.26651715053415
            ],
            [
              -123.10108310914526,
              49.26651096923393
            ],
            [
              -123.1010789616898,
              49.266504493414516
            ],
            [
              -123.10107580094709,
              49.26649778470516
            ],
            [
              -123.10107365699734,
              49.26649090695145
            ],
            [
              -123.10107255024418,
              49.26648392560777
            ],
            [
              -123.10107249122035,
              49.266476907114345
            ],
            [
              -123.1010734804876,
              49.26646991826493
            ],
            [
              -123.10107550863123,
              49.266463025571184
            ],
            [
              -123.10107708101422,
              49.26645955293486
            ],
            [
              -123.1015745447245,
              49.26646554020086
            ],
            [
              -123.1015734937735,
              49.26649110083045
            ],
            [
              -123.10156896549141,
              49.26658790213969
            ],
            [
              -123.10111507627609,
              49.266580585771116
            ],
            [
              -123.10111000596247,
              49.26658066648359
            ],
            [
              -123.10110497218753,
              49.266581071105215
            ],
            [
              -123.10110002342923,
              49.266581795739256
            ],
            [
              -123.10109520734684,
              49.2665828334071
            ],
            [
              -123.10109190638954,
              49.26658378781666
            ],
            [
              -123.10111975606887,
              49.26655132383238
            ]
          ]
        ]
      },
      "properties": {
        "feature_type": "forest_area",
        "patch_id": 36,
        "tree_count": 4
      }
    },
    {
      "type": "Feature",
      "geometry": {
        "type": "Polygon",
        "coordinates": [
          [
            [
              -123.10123569151158,
              49.266038787671775
            ],
            [
              -123.10123075953155,
              49.26615338519712
            ],
            [
              -123.10120646781048,
              49.266153035058096
            ],
            [
              -123.10121147706126,
              49.266047265959806
            ],
            [
              -123.10123569151158,
              49.266038787671775
            ]
          ]
        ]
      },
      "properties": {
        "feature_type": "forest_area",
        "patch_id": 37,
        "tree_count": 1
      }
    },
    {
      "type": "Feature",
      "geometry": {
        "type": "Polygon",
        "coordinates": [
          [
            [
              -123.10147982820953,
              49.26594132723304
            ],
            [
              -123.10148562947664,
              49.265795364482756
            ],
            [
              -123.10148855503235,
              49.265795428925394
            ],
            [
              -123.10148140377093,
              49.265941632491796
            ],
            [
              -123.10147982820953,
              49.26594132723304
            ]
          ]
        ]
      },
      "properties": {
        "feature_type": "forest_area",
        "patch_id": 38,
        "tree_count": 1
      }
    },
    {
      "type": "Feature",
      "geometry": {
        "type": "Polygon",
        "coordinates": [
          [
            [
              -123.10202801771905,
              49.26519028401752
            ],
            [
              -123.1020312989622,
              49.2651922539634
            ],
            [
              -123.10203553566835,
              49.265194318467344
            ],
            [
              -123.10204007346935,
              49.2651960896839
            ],
            [
              -123.10206819372273,
              49.26520582743948
            ],
            [
              -123.10205864560402,
              49.26539669973701
            ],
            [
              -123.10205872906506,
              49.26540000885578
            ],
            [
              -123.10205930918241,
              49.265403296702054
            ],
            [
              -123.10206038036918,
              49.26540653161209
            ],
            [
              -123.10206193230931,
              49.26540968243193
            ],
            [
              -123.10206395005673,
              49.26541271881745
            ],
            [
              -123.10206641417945,
              49.2654156115266
            ],
            [
              -123.1020693009466,
              49.26541833270102
            ],
            [
              -123.10207258255706,
              49.2654208561343
            ],
            [
              -123.1020762274071,
              49.2654231575244
            ],
            [
              -123.10208020039484,
              49.26542521470768
            ],
            [
              -123.10208446325824,
              49.26542700787235
            ],
            [
              -123.10208897494357,
              49.26542851974923
            ],
            [
              -123.10209369200086,
              49.265429735778135
            ],
            [
              -123.10209856900227,
              49.265430644248035
            ],
            [
              -123.10210355897959,
              49.265431236409874
            ],
            [
              -123.10210861387662,
              49.26543150656081
            ],
            [
              -123.10211368501196,
              49.26543145209914
            ],
            [
              -123.10211872354776,
              49.26543107354936
            ],
            [
              -123.1021236809602,
              49.265430374557106
            ],
            [
              -123.10212850950668,
              49.26542936185406
            ],
            [
              -123.10213316268565,
              49.26542804519311
            ],
            [
              -123.10213759568447,
              49.26542643725442
            ],
            [
              -123.10214176581091,
              49.26542455352331
            ],
            [
              -123.10214563290441,
              49.26542241214114
            ],
            [
              -123.10214915972271,
              49.26542003373061
            ],
            [
              -123.10215231230065,
              49.26541744119709
            ],
            [
              -123.10215506027717,
              49.2654146595081
            ],
            [
              -123.10215737718774,
              49.26541171545284
            ],
            [
              -123.10215924071926,
              49.26540863738416
            ],
            [
              -123.1021606329249,
              49.26540545494555
            ],
            [
              -123.10216154039696,
              49.26540219878563
            ],
            [
              -123.102161954396,
              49.265398900262994
            ],
            [
              -123.10217255439599,
              49.26518700026299
            ],
            [
              -123.10217245970473,
              49.26518358219789
            ],
            [
              -123.1021718352017,
              49.265180187949824
            ],
            [
              -123.10217068730412,
              49.265176852397026
            ],
            [
              -123.10216902780743,
              49.26517360981464
            ],
            [
              -123.10216687376412,
              49.26517049352243
            ],
            [
              -123.10216424730847,
              49.26516753554248
            ],
            [
              -123.10216117542912,
              49.265164766270075
            ],
            [
              -123.10215768969178,
              49.26516221416142
            ],
            [
              -123.10215382591483,
              49.265159905441195
            ],
            [
              -123.10214962380124,
              49.26515786383311
            ],
            [
              -123.10214512653064,
              49.2651561103161
            ],
            [
              -123.10211733649473,
              49.26514648691143
            ],
            [
              -123.10211963411153,
              49.26511165007305
            ],
            [
              -123.1021196368422,
              49.26511160806045
            ],
            [
              -123.1021204557823,
              49.26509881999589
            ],
            [
              -123.10248822396372,
              49.265108543800295
            ],
            [
              -123.10248933606505,
              49.26511541785619
            ],
            [
              -123.1024894117585,
              49.26512247881337
            ],
            [
              -123.10248842636273,
              49.26512951060503
            ],
            [
              -123.10248638936959,
              49.26513644549734
            ],
            [
              -123.10248332040042,
              49.26514321668987
            ],
            [
              -123.10247924901714,
              49.265149758959026
            ],
            [
              -123.10247421443738,
              49.26515600928631
            ],
            [
              -123.10246826515677,
              49.26516190746538
            ],
            [
              -123.10246145848187,
              49.26516739668193
            ],
            [
              -123.10245186750886,
              49.26517439863497
            ],
            [
              -123.10227546832725,
              49.265170827801334
            ],
            [
              -123.10227208756633,
              49.265170867685114
            ],
            [
              -123.10226872907673,
              49.26517112361695
            ],
            [
              -123.10226542520438,
              49.265171593131946
            ],
            [
              -123.10226220776929,
              49.265172271708146
            ],
            [
              -123.10225910775887,
              49.26517315281011
            ],
            [
              -123.1022561550297,
              49.265174227951846
            ],
            [
              -123.10225337801982,
              49.265175486778546
            ],
            [
              -123.10225080347492,
              49.26517691716632
            ],
            [
              -123.10224845619071,
              49.265178505338945
            ],
            [
              -123.10224635877414,
              49.26518023600056
            ],
            [
              -123.10224453142567,
              49.265182092482966
            ],
            [
              -123.10224299174467,
              49.26518405690619
            ],
            [
              -123.10224175456001,
              49.265186110350655
            ],
            [
              -123.10224083178711,
              49.26518823303942
            ],
            [
              -123.10224023231333,
              49.26519040452862
            ],
            [
              -123.10223996191225,
              49.265192603904424
            ],
            [
              -123.10222786191225,
              49.265447503904426
            ],
            [
              -123.10222792314768,
              49.265449709592126
            ],
            [
              -123.10222831535245,
              49.26545190074596
            ],
            [
              -123.10222903475056,
              49.26545405627019
            ],
            [
              -123.10223007441589,
              49.26545615541211
            ],
            [
              -123.10223142433884,
              49.265458177961875
            ],
            [
              -123.10223307152279,
              49.265460104447
            ],
            [
              -123.1022350001092,
              49.265461916319914
            ],
            [
              -123.10223719153024,
              49.265463596136485
            ],
            [
              -123.10223962468761,
              49.265465127723964
            ],
            [
              -123.10224227615565,
              49.26546649633672
            ],
            [
              -123.10224512040686,
              49.26546768879819
            ],
            [
              -123.10224813005772,
              49.26546869362773
            ],
            [
              -123.10225127613226,
              49.265469501151166
            ],
            [
              -123.10225452834108,
              49.26547010359392
            ],
            [
              -123.10225785537294,
              49.26547049515586
            ],
            [
              -123.10226122519626,
              49.26547067206717
            ],
            [
              -123.10273902955298,
              49.26548040291234
            ],
            [
              -123.10277010895838,
              49.265507445459356
            ],
            [
              -123.10276008676286,
              49.265507249312
            ],
            [
              -123.10272072335582,
              49.265506456094734
            ],
            [
              -123.10230853232257,
              49.26549546433385
            ],
            [
              -123.10230735028301,
              49.26549544017672
            ],
            [
              -123.10170313224914,
              49.26548685382221
            ],
            [
              -123.1017044063795,
              49.265458494013686
            ],
            [
              -123.1017072035847,
              49.265394431584276
            ],
            [
              -123.1018347304951,
              49.26539677410651
            ],
            [
              -123.10183810633883,
              49.26539672810888
            ],
            [
              -123.10184145907171,
              49.26539646670809
            ],
            [
              -123.10184475649353,
              49.26539599241467
            ],
            [
              -123.10184796693534,
              49.265395309783806
            ],
            [
              -123.10185105956351,
              49.2653944253716
            ],
            [
              -123.10185400467599,
              49.265393347672095
            ],
            [
              -123.10185677398741,
              49.26539208703568
            ],
            [
              -123.10185934090086,
              49.26539065556971
            ],
            [
              -123.10186168076329,
              49.26538906702223
            ],
            [
              -123.1018637711023,
              49.26538733664989
            ],
            [
              -123.10186559184193,
              49.26538548107146
            ],
            [
              -123.1018671254955,
              49.26538351810823
            ],
            [
              -123.10186835733356,
              49.2653814666128
            ],
            [
              -123.10186927552535,
              49.26537934628808
            ],
            [
              -123.10186987125238,
              49.26537717749799
            ],
            [
              -123.1018701387932,
              49.26537498107194
            ],
            [
              -123.10187078530389,
              49.26536106088877
            ],
            [
              -123.10187245029267,
              49.265362099018795
            ],
            [
              -123.1018751163371,
              49.26536346131898
            ],
            [
              -123.10187797443524,
              49.265364646269575
            ],
            [
              -123.10188099698107,
              49.26536564242531
            ],
            [
              -123.10188415478024,
              49.26536644016444
            ],
            [
              -123.10188741733197,
              49.26536703178172
            ],
            [
              -123.10189075312368,
              49.26536741156278
            ],
            [
              -123.10189412993545,
              49.26536757583937
            ],
            [
              -123.10194872993544,
              49.265368475839374
            ],
            [
              -123.10195210983994,
              49.265368423278176
            ],
            [
              -123.10195546557831,
              49.265368154813316
            ],
            [
              -123.10195876483968,
              49.26536767302974
            ],
            [
              -123.10196197585692,
              49.26536698256632
            ],
            [
              -123.10196506771263,
              49.26536609007121
            ],
            [
              -123.10196801063668,
              49.265365004137855
            ],
            [
              -123.101970776293,
              49.2653637352222
            ],
            [
              -123.10197333805233,
              49.26536229554209
            ],
            [
              -123.10197567124864,
              49.26536069895953
            ],
            [
              -123.10197775341663,
              49.26535896084731
            ],
            [
              -123.10197956450806,
              49.26535709794093
            ],
            [
              -123.10198108708471,
              49.26535512817747
            ],
            [
              -123.10198230648642,
              49.26535307052289
            ],
            [
              -123.10198321097208,
              49.26535094478944
            ],
            [
              -123.10198379183282,
              49.265348771444835
            ],
            [
              -123.10198381017133,
              49.26534861111749
            ],
            [
              -123.10198398390276,
              49.26534853135209
            ],
            [
              -123.10198654270806,
              49.26534709265367
            ],
            [
              -123.10198887334077,
              49.2653454973793
            ],
            [
              -123.101990953403,
              49.26534376085991
            ],
            [
              -123.1019927629049,
              49.26534189978385
            ],
            [
              -123.10199428445675,
              49.26533993203643
            ],
            [
              -123.10199550343613,
              49.265337876528164
            ],
            [
              -123.10199640812836,
              49.26533575301292
            ],
            [
              -123.10199698983915,
              49.26533358189815
            ],
            [
              -123.10199724297814,
              49.26533138404872
            ],
            [
              -123.10200174297815,
              49.26521838404872
            ],
            [
              -123.10200166481083,
              49.265216177861674
            ],
            [
              -123.10200125557196,
              49.265213987302346
            ],
            [
              -123.1020005192042,
              49.26521183347466
            ],
            [
              -123.10199946280171,
              49.265209737128636
            ],
            [
              -123.10199809654192,
              49.26520771846054
            ],
            [
              -123.1019964335874,
              49.265205796918266
            ],
            [
              -123.1019944899591,
              49.26520399101401
            ],
            [
              -123.10199409624025,
              49.265203692389356
            ],
            [
              -123.10202801771905,
              49.26519028401752
            ]
          ]
        ]
      },
      "properties": {
        "feature_type": "forest_area",
        "patch_id": 39,
        "tree_count": 29
      }
    },
    {
      "type": "Feature",
      "geometry": {
        "type": "Polygon",
        "coordinates": [
          [
            [
              -123.10299260685072,
              49.2655926783721
            ],
            [
              -123.10302215733925,
              49.26559325154968
            ],
            [
              -123.10302248584817,
              49.26559325735321
            ],
            [
              -123.10323913005298,
              49.2655967098505
            ],
            [
              -123.10326797057051,
              49.26562438459667
            ],
            [
              -123.10322087203095,
              49.26562342787644
            ],
            [
              -123.103217491075,
              49.26562346753123
            ],
            [
              -123.10321413235903,
              49.265623723259665
            ],
            [
              -123.10321082823482,
              49.26562419259854
            ],
            [
              -123.1032076105283,
              49.26562487102708
            ],
            [
              -123.10320451023301,
              49.26562575201055
            ],
            [
              -123.10320155721156,
              49.26562682706316
            ],
            [
              -123.10319877990801,
              49.26562808582979
            ],
            [
              -123.10319620507383,
              49.265629516185776
            ],
            [
              -123.1031938575103,
              49.265631104353666
            ],
            [
              -123.10319175982961,
              49.265632835035944
            ],
            [
              -123.10318993223699,
              49.26563469156235
            ],
            [
              -123.10318839233612,
              49.26563665605048
            ],
            [
              -123.10318715495966,
              49.265638709578035
            ],
            [
              -123.1031862320262,
              49.26564083236505
            ],
            [
              -123.10318563242564,
              49.265643003964456
            ],
            [
              -123.1031853619334,
              49.26564520345901
            ],
            [
              -123.10318452998135,
              49.26566271823927
            ],
            [
              -123.103010287351,
              49.26565912818987
            ],
            [
              -123.10300690597207,
              49.26565916688043
            ],
            [
              -123.10300354669481,
              49.265659421701635
            ],
            [
              -123.10300024188402,
              49.26565989019839
            ],
            [
              -123.10299702337967,
              49.265660567857005
            ],
            [
              -123.10299392219031,
              49.26566144814861
            ],
            [
              -123.10299096819412,
              49.2656625225921
            ],
            [
              -123.10298818985125,
              49.265663780835794
            ],
            [
              -123.10298561392946,
              49.26566521075722
            ],
            [
              -123.10298326524634,
              49.26566679857988
            ],
            [
              -123.10298116643014,
              49.265668529005985
            ],
            [
              -123.10297933770178,
              49.26567038536384
            ],
            [
              -123.10297779668007,
              49.26567234976848
            ],
            [
              -123.10297655821184,
              49.26567440329395
            ],
            [
              -123.1029756342291,
              49.26567652615568
            ],
            [
              -123.10297503363387,
              49.26567869790107
            ],
            [
              -123.10297476221257,
              49.26568089760658
            ],
            [
              -123.10296256221257,
              49.26593559760658
            ],
            [
              -123.10296262259423,
              49.265937804215994
            ],
            [
              -123.10296301422416,
              49.265939996331326
            ],
            [
              -123.10296373332875,
              49.26594215283015
            ],
            [
              -123.10296477297896,
              49.26594425293321
            ],
            [
              -123.10296612315712,
              49.265946276404684
            ],
            [
              -123.10296777085338,
              49.26594820374713
            ],
            [
              -123.10296970019114,
              49.26595001638936
            ],
            [
              -123.10297189257999,
              49.26595169686542
            ],
            [
              -123.10297432689487,
              49.265953228982845
            ],
            [
              -123.1029769796796,
              49.265954597978705
            ],
            [
              -123.10297982537291,
              49.265955790661856
            ],
            [
              -123.10298283655472,
              49.26595679554003
            ],
            [
              -123.10298598421038,
              49.265957602930584
            ],
            [
              -123.1029892380102,
              49.26595820505379
            ],
            [
              -123.10299256660176,
              49.265958596107815
            ],
            [
              -123.10299593791193,
              49.265958772324595
            ],
            [
              -123.10320463791193,
              49.265962972324594
            ],
            [
              -123.10320801841418,
              49.265962932052034
            ],
            [
              -123.1032113765908,
              49.26596267576561
            ],
            [
              -123.10321468010358,
              49.26596220593328
            ],
            [
              -123.10321789714067,
              49.265961527079384
            ],
            [
              -123.103220996723,
              49.26596064574109
            ],
            [
              -123.10322394900251,
              49.265959570405414
            ],
            [
              -123.10322672554966,
              49.26595831142751
            ],
            [
              -123.10322929962715,
              49.26595688093095
            ],
            [
              -123.10323164644736,
              49.265955292691
            ],
            [
              -123.10323374341115,
              49.265953562001904
            ],
            [
              -123.1032355703254,
              49.265951705529694
            ],
            [
              -123.10323710959744,
              49.26594974115163
            ],
            [
              -123.1032383464046,
              49.26594768778407
            ],
            [
              -123.10323926883676,
              49.26594556520033
            ],
            [
              -123.1032398680112,
              49.265943393840246
            ],
            [
              -123.10324013815804,
              49.26594119461336
            ],
            [
              -123.10324177275821,
              49.26590668638756
            ],
            [
              -123.10340916362507,
              49.26591015746351
            ],
            [
              -123.10340846293128,
              49.26592448275889
            ],
            [
              -123.10340852105469,
              49.26592668915827
            ],
            [
              -123.10340891037039,
              49.26592888121173
            ],
            [
              -123.1034096271279,
              49.26593103780194
            ],
            [
              -123.10341066442228,
              49.265933138153216
            ],
            [
              -123.10341201226068,
              49.26593516203167
            ],
            [
              -123.10341365765855,
              49.26593708994009
            ],
            [
              -123.10341558476486,
              49.26593890330582
            ],
            [
              -123.10341777501466,
              49.265940584659674
            ],
            [
              -123.10342020730802,
              49.26594211780418
            ],
            [
              -123.10342285821324,
              49.265943487969665
            ],
            [
              -123.10342570219258,
              49.26594468195654
            ],
            [
              -123.1034287118484,
              49.265945688262434
            ],
            [
              -123.1034318581869,
              49.26594649719302
            ],
            [
              -123.10343511089758,
              49.2659471009554
            ],
            [
              -123.1034384386452,
              49.26594749373318
            ],
            [
              -123.10344180937163,
              49.26594767174251
            ],
            [
              -123.10358159255097,
              49.26595056048789
            ],
            [
              -123.10358016201634,
              49.26598060171497
            ],
            [
              -123.10358017094539,
              49.26598092501546
            ],
            [
              -123.10296071427972,
              49.26596564097641
            ],
            [
              -123.10295977315998,
              49.265965624529485
            ],
            [
              -123.1029087173391,
              49.26596509953568
            ],
            [
              -123.1029222589741,
              49.2657196574014
            ],
            [
              -123.10299260685072,
              49.2655926783721
            ]
          ]
        ]
      },
      "properties": {
        "feature_type": "forest_area",
        "patch_id": 40,
        "tree_count": 7
      }
    },
    {
      "type": "Feature",
      "geometry": {
        "type": "Polygon",
        "coordinates": [
          [
            [
              -123.10346680343373,
              49.26560033811155
            ],
            [
              -123.10465398584817,
              49.26561925735321
            ],
            [
              -123.10465474972841,
              49.26561926645488
            ],
            [
              -123.10469271445257,
              49.26561956617638
            ],
            [
              -123.104734265582,
              49.2656199250633
            ],
            [
              -123.10473320437782,
              49.265650190606536
            ],
            [
              -123.10472996711722,
              49.26571627183064
            ],
            [
              -123.1047285264314,
              49.26571638231362
            ],
            [
              -123.10471780760508,
              49.26571652018781
            ],
            [
              -123.10470711893196,
              49.265715978089524
            ],
            [
              -123.10468581533651,
              49.265714214288344
            ],
            [
              -123.10466661405044,
              49.26571360451453
            ],
            [
              -123.10466843772359,
              49.26567560372525
            ],
            [
              -123.10466837764149,
              49.265673398079606
            ],
            [
              -123.10466798659911,
              49.265671206893245
            ],
            [
              -123.10466726836107,
              49.26566905126114
            ],
            [
              -123.10466622984201,
              49.265666951936
            ],
            [
              -123.10466488103995,
              49.26566492912842
            ],
            [
              -123.10466323494006,
              49.26566300231238
            ],
            [
              -123.10466130738969,
              49.265661190037704
            ],
            [
              -123.10465911694573,
              49.26565950975152
            ],
            [
              -123.10465668469601,
              49.265657977630276
            ],
            [
              -123.10465403405628,
              49.265656608423996
            ],
            [
              -123.10465119054477,
              49.265655415314306
            ],
            [
              -123.1046481815365,
              49.265654409787494
            ],
            [
              -123.10464503599982,
              49.26565360152398
            ],
            [
              -123.1046417842174,
              49.26565299830506
            ],
            [
              -123.1046384574948,
              49.265652605938044
            ],
            [
              -123.10463508785902,
              49.26565242820033
            ],
            [
              -123.10443618785902,
              49.265648328200335
            ],
            [
              -123.10443618092751,
              49.26564832827953
            ],
            [
              -123.10443617401948,
              49.26564832791687
            ],
            [
              -123.10429367401947,
              49.265645427916866
            ],
            [
              -123.10429029421265,
              49.265645467393796
            ],
            [
              -123.10428693660045,
              49.26564572279827
            ],
            [
              -123.10428363350192,
              49.26564619167187
            ],
            [
              -123.10428041671142,
              49.265646869501396
            ],
            [
              -123.10427731719253,
              49.26564774976232
            ],
            [
              -123.10427436477998,
              49.26564882398161
            ],
            [
              -123.10427158789258,
              49.265650081819224
            ],
            [
              -123.10426901325957,
              49.265651511167725
            ],
            [
              -123.10426666566333,
              49.26565309826876
            ],
            [
              -123.10426456770095,
              49.265654827845495
            ],
            [
              -123.10426273956658,
              49.26565668324971
            ],
            [
              -123.10426119885713,
              49.26565864662201
            ],
            [
              -123.10426069204719,
              49.265659486538276
            ],
            [
              -123.10426022067544,
              49.26565853612626
            ],
            [
              -123.10425886956645,
              49.26565651401165
            ],
            [
              -123.10425722127933,
              49.265654588031126
            ],
            [
              -123.10425529168192,
              49.2656527767259
            ],
            [
              -123.10425309935032,
              49.26565109753323
            ],
            [
              -123.10425066538983,
              49.26564956661852
            ],
            [
              -123.10424801323195,
              49.265648198719745
            ],
            [
              -123.10424516840875,
              49.26564700700552
            ],
            [
              -123.10424215830703,
              49.265646002948344
            ],
            [
              -123.10423901190475,
              49.26564519621419
            ],
            [
              -123.104235759492,
              49.265644594569395
            ],
            [
              -123.1042324323794,
              49.265644203805934
            ],
            [
              -123.10422906259674,
              49.265644027685646
            ],
            [
              -123.10403536259673,
              49.26564012768564
            ],
            [
              -123.10403198270288,
              49.265640167898816
            ],
            [
              -123.10402862511583,
              49.2656404240484
            ],
            [
              -123.10402532215649,
              49.26564089366863
            ],
            [
              -123.10402210561988,
              49.265641572238856
            ],
            [
              -123.10401900646907,
              49.26564245322699
            ],
            [
              -123.10401605453721,
              49.26564352815246
            ],
            [
              -123.10401327824025,
              49.26564478666778
            ],
            [
              -123.10401070430343,
              49.265646216658205
            ],
            [
              -123.10400835750404,
              49.26564780435834
            ],
            [
              -123.10400626043291,
              49.26564953448461
            ],
            [
              -123.1040044332769,
              49.26565139038245
            ],
            [
              -123.10400289362462,
              49.26565335418657
            ],
            [
              -123.10400165629711,
              49.26565540699295
            ],
            [
              -123.10400073320517,
              49.265657529040816
            ],
            [
              -123.10400013323468,
              49.26565969990286
            ],
            [
              -123.10399986216109,
              49.2656618986819
            ],
            [
              -123.10399323751415,
              49.26580041402698
            ],
            [
              -123.10398222923727,
              49.265800185819856
            ],
            [
              -123.10398803756858,
              49.26567970694769
            ],
            [
              -123.10398797793353,
              49.265677500928696
            ],
            [
              -123.1039875872249,
              49.26567530934637
            ],
            [
              -123.1039868692054,
              49.26567315330656
            ],
            [
              -123.10398583078984,
              49.26567105357279
            ],
            [
              -123.10398448197857,
              49.26566903036637
            ],
            [
              -123.10398283576123,
              49.2656671031716
            ],
            [
              -123.10398090799153,
              49.26566529054816
            ],
            [
              -123.10397871723471,
              49.26566360995234
            ],
            [
              -123.10397628458863,
              49.26566207756898
            ],
            [
              -123.10397363348069,
              49.265660708155565
            ],
            [
              -123.10397078944213,
              49.26565951490009
            ],
            [
              -123.1039677798622,
              49.2656585092941
            ],
            [
              -123.1039646337244,
              49.26565770102199
            ],
            [
              -123.10396138132732,
              49.26565709786776
            ],
            [
              -123.10395805399288,
              49.26565670564002
            ],
            [
              -123.10395468376466,
              49.26565652811609
            ],
            [
              -123.1038656847002,
              49.265654700456736
            ],
            [
              -123.10386496692222,
              49.265652547777286
            ],
            [
              -123.1038639276701,
              49.26565044818683
            ],
            [
              -123.10386257804352,
              49.265648425177766
            ],
            [
              -123.1038609310403,
              49.265646498233046
            ],
            [
              -123.1038590025222,
              49.265644685910466
            ],
            [
              -123.10385681106217,
              49.26564300566393
            ],
            [
              -123.10385437776547,
              49.265641473675366
            ],
            [
              -123.1038517260664,
              49.26564010469887
            ],
            [
              -123.10384888150264,
              49.26563891191861
            ],
            [
              -123.10384587146928,
              49.26563790682187
            ],
            [
              -123.10384272495499,
              49.265637099088444
            ],
            [
              -123.10383947226286,
              49.26563649649733
            ],
            [
              -123.10383614471853,
              49.2656361048519
            ],
            [
              -123.10383277436853,
              49.265635927923974
            ],
            [
              -123.10363138249852,
              49.26563182808948
            ],
            [
              -123.10354331387592,
              49.26563000807202
            ],
            [
              -123.10346680343373,
              49.26560033811155
            ]
          ]
        ]
      },
      "properties": {
        "feature_type": "forest_area",
        "patch_id": 41,
        "tree_count": 8
      }
    },
    {
      "type": "Feature",
      "geometry": {
        "type": "Polygon",
        "coordinates": [
          [
            [
              -123.10293295518026,
              49.265495191448
            ],
            [
              -123.10293212960599,
              49.26549503629514
            ],
            [
              -123.10293245215541,
              49.26548543311903
            ],
            [
              -123.10295032271375,
              49.265117783611444
            ],
            [
              -123.10299139754957,
              49.26511817331577
            ],
            [
              -123.10380256949574,
              49.265132844344265
            ],
            [
              -123.10380213552295,
              49.26513339382249
            ],
            [
              -123.10380088815135,
              49.26513544572787
            ],
            [
              -123.10379995515567,
              49.265137567563926
            ],
            [
              -123.10379934552992,
              49.2651397388763
            ],
            [
              -123.10379906515084,
              49.265141938733706
            ],
            [
              -123.10379793242195,
              49.265163756076994
            ],
            [
              -123.10364549007843,
              49.26516033040635
            ],
            [
              -123.103331794326,
              49.265153230502484
            ],
            [
              -123.10332841316851,
              49.26515326232225
            ],
            [
              -123.1033250530751,
              49.265153510266735
            ],
            [
              -123.10332174641088,
              49.2651539719477
            ],
            [
              -123.10331852502644,
              49.26515464291811
            ],
            [
              -123.10331541995082,
              49.265155516715055
            ],
            [
              -123.10331246109284,
              49.265156584921904
            ],
            [
              -123.10330967695288,
              49.26515783724946
            ],
            [
              -123.10330709434837,
              49.26515926163502
            ],
            [
              -123.10330473815556,
              49.2651608443586
            ],
            [
              -123.10330263106981,
              49.26516257017502
            ],
            [
              -123.10330079338705,
              49.26516442246086
            ],
            [
              -123.10329924280826,
              49.26516638337448
            ],
            [
              -123.10329799426894,
              49.26516843402792
            ],
            [
              -123.10329705979532,
              49.26517055466882
            ],
            [
              -123.10329644838845,
              49.26517272487071
            ],
            [
              -123.10329616593752,
              49.2651749237297
            ],
            [
              -123.10329091236456,
              49.265274154045436
            ],
            [
              -123.10328941132123,
              49.26527352312575
            ],
            [
              -123.10328639737837,
              49.26527251445935
            ],
            [
              -123.10328324622152,
              49.26527170378042
            ],
            [
              -123.1032799883058,
              49.26527109892396
            ],
            [
              -123.1032766551181,
              49.26527070573575
            ],
            [
              -123.10327327887283,
              49.26527052801586
            ],
            [
              -123.10324265463568,
              49.265269901966725
            ],
            [
              -123.10324653737827,
              49.265189810884145
            ],
            [
              -123.10324647823218,
              49.265187603847856
            ],
            [
              -123.10324608770598,
              49.26518541123334
            ],
            [
              -123.10324536956409,
              49.26518325417574
            ],
            [
              -123.10324433072884,
              49.26518115346745
            ],
            [
              -123.1032429812138,
              49.265179129357705
            ],
            [
              -123.10324133402727,
              49.265177201357396
            ],
            [
              -123.1032394050469,
              49.26517538805097
            ],
            [
              -123.10323721286659,
              49.26517370691734
            ],
            [
              -123.10323477861729,
              49.26517217416135
            ],
            [
              -123.10323212576331,
              49.265170804557606
            ],
            [
              -123.10322927987616,
              49.26516961130805
            ],
            [
              -123.10322626838804,
              49.26516860591471
            ],
            [
              -123.1032231203274,
              49.26516779806881
            ],
            [
              -123.10321986603917,
              49.26516719555736
            ],
            [
              -123.1032165368922,
              49.265166804188134
            ],
            [
              -123.10321316497696,
              49.26516662773362
            ],
            [
              -123.10319810793749,
              49.26516632389202
            ],
            [
              -123.10319721702106,
              49.26516528358431
            ],
            [
              -123.10319528909747,
              49.26516347453763
            ],
            [
              -123.1031930990544,
              49.2651617973279
            ],
            [
              -123.1031906679278,
              49.26516026806518
            ],
            [
              -123.10318801906938,
              49.26515890143848
            ],
            [
              -123.10318517792213,
              49.265157710574634
            ],
            [
              -123.10318217177608,
              49.265156706912215
            ],
            [
              -123.10317902950614,
              49.2651559000917
            ],
            [
              -123.10317578129465,
              49.26515529786282
            ],
            [
              -123.10317245834165,
              49.265154906010146
            ],
            [
              -123.10316909256501,
              49.265154728297546
            ],
            [
              -123.10300969256501,
              49.26515142829755
            ],
            [
              -123.10300631130545,
              49.265151466648476
            ],
            [
              -123.10300295209451,
              49.265151721115835
            ],
            [
              -123.10299964729388,
              49.26515218924818
            ],
            [
              -123.10299642874104,
              49.26515286653564
            ],
            [
              -123.10299332744259,
              49.265153746453436
            ],
            [
              -123.10299037327555,
              49.26515482052469
            ],
            [
              -123.10298759469953,
              49.26515607840211
            ],
            [
              -123.10298501848251,
              49.265157507967665
            ],
            [
              -123.10298266944304,
              49.265159095449334
            ],
            [
              -123.10298057021107,
              49.26516082555377
            ],
            [
              -123.10297874101002,
              49.26516268161366
            ],
            [
              -123.10297719946186,
              49.26516464574825
            ],
            [
              -123.10297596041744,
              49.26516669903563
            ],
            [
              -123.10297503581334,
              49.26516882169503
            ],
            [
              -123.10297443455694,
              49.26517099327735
            ],
            [
              -123.10297416244057,
              49.2651731928622
            ],
            [
              -123.1029684626612,
              49.26529138828746
            ],
            [
              -123.10296316288465,
              49.265399883712774
            ],
            [
              -123.10296322105542,
              49.26540208916553
            ],
            [
              -123.1029636101346,
              49.2654042802846
            ],
            [
              -123.10296432637719,
              49.26540643597974
            ],
            [
              -123.10296536288914,
              49.26540853550169
            ],
            [
              -123.10296670969365,
              49.26541055864188
            ],
            [
              -123.10296835382732,
              49.26541248592694
            ],
            [
              -123.10297027946484,
              49.265414298806114
            ],
            [
              -123.1029724680713,
              49.26541597982987
            ],
            [
              -123.10297489858068,
              49.2654175128178
            ],
            [
              -123.10297754759854,
              49.26541888301441
            ],
            [
              -123.10298038962723,
              49.26542007723112
            ],
            [
              -123.10298339731129,
              49.265421083973195
            ],
            [
              -123.10298654170083,
              49.26542189355043
            ],
            [
              -123.10298979253004,
              49.26542249817038
            ],
            [
              -123.10299311850868,
              49.26542289201338
            ],
            [
              -123.10299648762312,
              49.265423071288566
            ],
            [
              -123.10318138155303,
              49.26542696856258
            ],
            [
              -123.10318257702893,
              49.265427886060266
            ],
            [
              -123.1031850079829,
              49.26542941818963
            ],
            [
              -123.10318765727801,
              49.26543078753324
            ],
            [
              -123.10319049942295,
              49.26543198091536
            ],
            [
              -123.10319350707074,
              49.26543298685335
            ],
            [
              -123.10319665128199,
              49.26543379566812
            ],
            [
              -123.10319990180332,
              49.26543439957732
            ],
            [
              -123.1032032273584,
              49.26543479277018
            ],
            [
              -123.10320659594896,
              49.26543497146341
            ],
            [
              -123.10328231430618,
              49.265436555529455
            ],
            [
              -123.10328096593751,
              49.265462023729704
            ],
            [
              -123.1032810151242,
              49.26546422966656
            ],
            [
              -123.10328139539371,
              49.265466421837544
            ],
            [
              -123.10328210308455,
              49.26546857913482
            ],
            [
              -123.10328313138255,
              49.26547068078633
            ],
            [
              -123.10328447038651,
              49.26547270655584
            ],
            [
              -123.1032861072035,
              49.26547463693776
            ],
            [
              -123.10328802607306,
              49.265476453344945
            ],
            [
              -123.10329020851889,
              49.2654781382877
            ],
            [
              -123.1032926335268,
              49.265479675542146
            ],
            [
              -123.10329527774704,
              49.265481050306484
            ],
            [
              -123.10329811571911,
              49.265482249343464
            ],
            [
              -123.10330112011694,
              49.265483261107875
            ],
            [
              -123.10330426201197,
              49.265484075857714
            ],
            [
              -123.10330751115173,
              49.265484685747964
            ],
            [
              -123.10331083625111,
              49.26548508490615
            ],
            [
              -123.10331420529363,
              49.265485269488906
            ],
            [
              -123.10362780529363,
              49.2654923694889
            ],
            [
              -123.10381481072478,
              49.26549656961174
            ],
            [
              -123.10413760664733,
              49.265503869519534
            ],
            [
              -123.1041409878942,
              49.26550383763364
            ],
            [
              -123.10414434806565,
              49.26550358961183
            ],
            [
              -123.104147654794,
              49.26550312784323
            ],
            [
              -123.10415087622644,
              49.26550245677595
            ],
            [
              -123.1041539813317,
              49.265501582874194
            ],
            [
              -123.10415694019913,
              49.26550051455603
            ],
            [
              -123.10415972432672,
              49.26549926211231
            ],
            [
              -123.10416230689569,
              49.26549783760747
            ],
            [
              -123.10416466302881,
              49.26549625476342
            ],
            [
              -123.10416677003008,
              49.26549452882728
            ],
            [
              -123.10416860760327,
              49.26549267642454
            ],
            [
              -123.10417015804755,
              49.26549071539893
            ],
            [
              -123.10417140642787,
              49.26548866464049
            ],
            [
              -123.10417234071892,
              49.26548654390365
            ],
            [
              -123.1041729519209,
              49.265484373616914
            ],
            [
              -123.10417323414626,
              49.2654821746861
            ],
            [
              -123.10417494863607,
              49.2654497248303
            ],
            [
              -123.10421246025571,
              49.2654490629742
            ],
            [
              -123.10421066585374,
              49.2654830253139
            ],
            [
              -123.10421071523233,
              49.2654852307735
            ],
            [
              -123.10421109555006,
              49.265487422462506
            ],
            [
              -123.10421180314651,
              49.26548957928681
            ],
            [
              -123.10421283121138,
              49.26549168048788
            ],
            [
              -123.10421416984997,
              49.26549370584251
            ],
            [
              -123.10421580617842,
              49.26549563585751
            ],
            [
              -123.10421772444776,
              49.2654974519573
            ],
            [
              -123.10421990619545,
              49.265499136662655
            ],
            [
              -123.10422233042307,
              49.26550067375899
            ],
            [
              -123.10422497379842,
              49.26550204845239
            ],
            [
              -123.10422781088012,
              49.265503247512
            ],
            [
              -123.10423081436242,
              49.26550425939737
            ],
            [
              -123.10423395533807,
              49.26550507436952
            ],
            [
              -123.10423720357649,
              49.26550568458468
            ],
            [
              -123.10424052781468,
              49.265506084169786
            ],
            [
              -123.10424389605828,
              49.265506269279
            ],
            [
              -123.10444989605828,
              49.265510969279
            ],
            [
              -123.10445327830321,
              49.265510938030985
            ],
            [
              -123.1044566395529,
              49.265510690517424
            ],
            [
              -123.10445994741043,
              49.26551022912394
            ],
            [
              -123.10446316999355,
              49.2655095582976
            ],
            [
              -123.10446627624188,
              49.26550868450406
            ],
            [
              -123.10446923621632,
              49.26550761616526
            ],
            [
              -123.10447202138758,
              49.265506363578204
            ],
            [
              -123.10447460491125,
              49.26550493881577
            ],
            [
              -123.1044769618864,
              49.26550335561031
            ],
            [
              -123.1044790695957,
              49.26550162922132
            ],
            [
              -123.10448090772431,
              49.26549977628832
            ],
            [
              -123.1044824585557,
              49.26549781467053
            ],
            [
              -123.10448370714242,
              49.265495763274714
            ],
            [
              -123.10448464145017,
              49.26549364187293
            ],
            [
              -123.10448525247375,
              49.26549147091198
            ],
            [
              -123.10448553432393,
              49.26548927131635
            ],
            [
              -123.10448613982159,
              49.26547776103864
            ],
            [
              -123.10462483254359,
              49.26547977743093
            ],
            [
              -123.10462821349013,
              49.265479718235554
            ],
            [
              -123.10463156925321,
              49.265479443019146
            ],
            [
              -123.10463486749687,
              49.26547895443369
            ],
            [
              -123.10463807643936,
              49.26547825718717
            ],
            [
              -123.1046411651595,
              49.265477357998215
            ],
            [
              -123.10464410389453,
              49.26547626553137
            ],
            [
              -123.10464686432692,
              49.26547499031359
            ],
            [
              -123.10464941985731,
              49.26547354463282
            ],
            [
              -123.1046517458607,
              49.26547194241955
            ],
            [
              -123.10465381992387,
              49.26547019911265
            ],
            [
              -123.10465562206123,
              49.26546833151052
            ],
            [
              -123.10465713490747,
              49.2654663576093
            ],
            [
              -123.10465834388488,
              49.2654642964294
            ],
            [
              -123.10465923734381,
              49.26546216783224
            ],
            [
              -123.10465980667495,
              49.26545999232889
            ],
            [
              -123.10466004639223,
              49.265457790882394
            ],
            [
              -123.10466121268497,
              49.265422942055245
            ],
            [
              -123.10470513395389,
              49.26541586969957
            ],
            [
              -123.10471569995885,
              49.26541452161404
            ],
            [
              -123.10472641707982,
              49.26541385240546
            ],
            [
              -123.10473718312915,
              49.26541386845471
            ],
            [
              -123.10474103018636,
              49.265414120256274
            ],
            [
              -123.10473839557795,
              49.26550274102233
            ],
            [
              -123.10473711404248,
              49.265539003743434
            ],
            [
              -123.10469432082274,
              49.26553863412829
            ],
            [
              -123.10469425027159,
              49.26553863354512
            ],
            [
              -123.10465663225467,
              49.26553833656078
            ],
            [
              -123.10304671440358,
              49.265512680499405
            ],
            [
              -123.10293295518026,
              49.265495191448
            ]
          ]
        ]
      },
      "properties": {
        "feature_type": "forest_area",
        "patch_id": 42,
        "tree_count": 15
      }
    },
    {
      "type": "Feature",
      "geometry": {
        "type": "Polygon",
        "coordinates": [
          [
            [
              -123.10275618085728,
              49.265227851861304
            ],
            [
              -123.10275689797457,
              49.26522734955783
            ],
            [
              -123.10275997475222,
              49.265224718533084
            ],
            [
              -123.10276264151173,
              49.26522190338641
            ],
            [
              -123.10276487257076,
              49.265218931229214
            ],
            [
              -123.10276664644297,
              49.26521583068499
            ],
            [
              -123.10276794604502,
              49.26521263161367
            ],
            [
              -123.10276875886102,
              49.26520936482408
            ],
            [
              -123.10276907706312,
              49.26520606177717
            ],
            [
              -123.10276889758686,
              49.265202754283095
            ],
            [
              -123.10276822216066,
              49.26519947419482
            ],
            [
              -123.1027670572893,
              49.265196253101415
            ],
            [
              -123.10276541419108,
              49.26519312202374
            ],
            [
              -123.10276330868996,
              49.2651901111158
            ],
            [
              -123.10276076106307,
              49.265187249374286
            ],
            [
              -123.10275779584542,
              49.26518456435932
            ],
            [
              -123.1027544415937,
              49.26518208192908
            ],
            [
              -123.10275073061119,
              49.26517982599072
            ],
            [
              -123.10274669863668,
              49.26517781827016
            ],
            [
              -123.10274238450026,
              49.26517607810284
            ],
            [
              -123.10273782974946,
              49.265174622247535
            ],
            [
              -123.102733078249,
              49.26517346472492
            ],
            [
              -123.10272817575844,
              49.26517261668256
            ],
            [
              -123.10272316949143,
              49.265172086287585
            ],
            [
              -123.10271810766106,
              49.26517187864798
            ],
            [
              -123.10264913554568,
              49.26517126232526
            ],
            [
              -123.10264766958025,
              49.265169848505266
            ],
            [
              -123.10265040510737,
              49.26511282691427
            ],
            [
              -123.10278057654071,
              49.265116256238535
            ],
            [
              -123.10278173670632,
              49.26511627650804
            ],
            [
              -123.10282076518035,
              49.26511661231709
            ],
            [
              -123.1028128471802,
              49.26527950867422
            ],
            [
              -123.10275618085728,
              49.265227851861304
            ]
          ]
        ]
      },
      "properties": {
        "feature_type": "forest_area",
        "patch_id": 43,
        "tree_count": 3
      }
    },
    {
      "type": "Feature",
      "geometry": {
        "type": "Polygon",
        "coordinates": [
          [
            [
              -123.10282840701964,
              49.26494051755316
            ],
            [
              -123.10282330557104,
              49.26506087146567
            ],
            [
              -123.10280813732064,
              49.265060740954915
            ],
            [
              -123.10281138767105,
              49.264947199587844
            ],
            [
              -123.10282840701964,
              49.26494051755316
            ]
          ]
        ]
      },
      "properties": {
        "feature_type": "forest_area",
        "patch_id": 44,
        "tree_count": 1
      }
    },
    {
      "type": "Feature",
      "geometry": {
        "type": "Polygon",
        "coordinates": [
          [
            [
              -123.10297256685713,
              49.26469000484132
            ],
            [
              -123.10298212908789,
              49.26468664153375
            ],
            [
              -123.10299215210696,
              49.26468390857503
            ],
            [
              -123.10300680780615,
              49.264680455294695
            ],
            [
              -123.1030132473992,
              49.26468055591333
            ],
            [
              -123.10305154678889,
              49.26468115590376
            ],
            [
              -123.10339204576236,
              49.264686485241064
            ],
            [
              -123.10339247482176,
              49.26469017187005
            ],
            [
              -123.10339221437802,
              49.26469732847947
            ],
            [
              -123.10339086532176,
              49.264704432773236
            ],
            [
              -123.10338844100909,
              49.264711414416354
            ],
            [
              -123.10338496544156,
              49.26471820428808
            ],
            [
              -123.1033809887021,
              49.26472398550211
            ],
            [
              -123.10334851116157,
              49.26472342485406
            ],
            [
              -123.10334512877832,
              49.26472347489549
            ],
            [
              -123.10334177022297,
              49.26472374116332
            ],
            [
              -123.10333846787927,
              49.26472422109017
            ],
            [
              -123.10333525358891,
              49.2647249100485
            ],
            [
              -123.1033321583446,
              49.26472580139526
            ],
            [
              -123.10332921199118,
              49.26472688653595
            ],
            [
              -123.10332644293784,
              49.26472815500747
            ],
            [
              -123.10332387788426,
              49.264729594579016
            ],
            [
              -123.10332154156306,
              49.26473119137002
            ],
            [
              -123.10331945650145,
              49.26473292998395
            ],
            [
              -123.1033176428039,
              49.264734793656835
            ],
            [
              -123.10331674006311,
              49.264735960389615
            ],
            [
              -123.10331431594464,
              49.26473568593947
            ],
            [
              -123.10331094154209,
              49.264735523698185
            ],
            [
              -123.10312904154209,
              49.26473262369819
            ],
            [
              -123.10312566237309,
              49.26473267805355
            ],
            [
              -123.1031223076281,
              49.26473294821435
            ],
            [
              -123.10311900959566,
              49.26473343158037
            ],
            [
              -123.10311580001847,
              49.26473412349932
            ],
            [
              -123.10311270978792,
              49.26473501731168
            ],
            [
              -123.10310976864666,
              49.26473610441472
            ],
            [
              -123.1031070049024,
              49.264737374345366
            ],
            [
              -123.1031044451555,
              49.26473881488086
            ],
            [
              -123.10310211404281,
              49.26474041215641
            ],
            [
              -123.10310003400073,
              49.26474215079866
            ],
            [
              -123.10309822504912,
              49.26474401407363
            ],
            [
              -123.10309670459867,
              49.26474598404777
            ],
            [
              -123.10309548728331,
              49.264748041760605
            ],
            [
              -123.10309458481942,
              49.264750167407165
            ],
            [
              -123.10309400589293,
              49.26475234052866
            ],
            [
              -123.10309375607589,
              49.26475454020935
            ],
            [
              -123.1030867560759,
              49.26493794020935
            ],
            [
              -123.1030868378962,
              49.2649401463755
            ],
            [
              -123.10308725077259,
              49.264942336679916
            ],
            [
              -123.1030879907273,
              49.26494449002046
            ],
            [
              -123.10308905063133,
              49.26494658565113
            ],
            [
              -123.10309042027323,
              49.26494860338191
            ],
            [
              -123.1030920864574,
              49.264950523773294
            ],
            [
              -123.10309403313124,
              49.2649523283236
            ],
            [
              -123.10309624153987,
              49.26495399964717
            ],
            [
              -123.10309869040671,
              49.264955521641916
            ],
            [
              -123.10310135613858,
              49.264956879644416
            ],
            [
              -123.10310421305289,
              49.264958060571225
            ],
            [
              -123.10310723362518,
              49.2649590530449
            ],
            [
              -123.10311038875425,
              49.264959847503604
            ],
            [
              -123.1031136480425,
              49.26496043629326
            ],
            [
              -123.10311698008884,
              49.26496081374127
            ],
            [
              -123.10312035279124,
              49.264960976211164
            ],
            [
              -123.10332877333312,
              49.264964321411775
            ],
            [
              -123.10333527242369,
              49.264969980464095
            ],
            [
              -123.10333175524042,
              49.26506596254475
            ],
            [
              -123.10333184043475,
              49.26506816878289
            ],
            [
              -123.10333191339913,
              49.26506855268255
            ],
            [
              -123.10299348370286,
              49.26506243177102
            ],
            [
              -123.1029929211197,
              49.265062424015056
            ],
            [
              -123.10295285473785,
              49.26506204387861
            ],
            [
              -123.10296684630076,
              49.26473195345371
            ],
            [
              -123.10296784218485,
              49.264711438241356
            ],
            [
              -123.10296785320003,
              49.264711187893056
            ],
            [
              -123.10296862053167,
              49.26469174000468
            ],
            [
              -123.10297256685713,
              49.26469000484132
            ]
          ]
        ]
      },
      "properties": {
        "feature_type": "forest_area",
        "patch_id": 45,
        "tree_count": 21
      }
    },
    {
      "type": "Feature",
      "geometry": {
        "type": "Polygon",
        "coordinates": [
          [
            [
              -123.10475395386297,
              49.264990712745615
            ],
            [
              -123.10475061046233,
              49.265094298989844
            ],
            [
              -123.1047243001324,
              49.265093736043596
            ],
            [
              -123.10472408370286,
              49.265093731771024
            ],
            [
              -123.10369334026169,
              49.26507508952572
            ],
            [
              -123.10369369938098,
              49.26507373150006
            ],
            [
              -123.10369394499052,
              49.26507153111587
            ],
            [
              -123.10369572883761,
              49.26502226949212
            ],
            [
              -123.10383691920084,
              49.26502469902148
            ],
            [
              -123.1038385684215,
              49.265026508838
            ],
            [
              -123.10384053212363,
              49.265028255767085
            ],
            [
              -123.10384274438127,
              49.265029871251535
            ],
            [
              -123.10384518465229,
              49.265031340290626
            ],
            [
              -123.10384783027733,
              49.265032649243466
            ],
            [
              -123.10385065669023,
              49.26503378595566
            ],
            [
              -123.10385363764604,
              49.26503473987215
            ],
            [
              -123.10385674546488,
              49.26503550213528
            ],
            [
              -123.10385995128878,
              49.26503606566697
            ],
            [
              -123.1038632253498,
              49.265036425234506
            ],
            [
              -123.10386653724633,
              49.265036577499096
            ],
            [
              -123.1040316929909,
              49.26503896390497
            ],
            [
              -123.10403139472031,
              49.26504259738314
            ],
            [
              -123.10403138224683,
              49.26504483958978
            ],
            [
              -123.10403171209208,
              49.265047071456664
            ],
            [
              -123.10403238097538,
              49.265049270785674
            ],
            [
              -123.10403338224405,
              49.26505141570228
            ],
            [
              -123.10403470593947,
              49.26505348487318
            ],
            [
              -123.10403633889618,
              49.265055457718404
            ],
            [
              -123.1040382648728,
              49.265057314616044
            ],
            [
              -123.10404046471359,
              49.26505903709742
            ],
            [
              -123.10404291653893,
              49.265060608030744
            ],
            [
              -123.10404559596302,
              49.26506201179152
            ],
            [
              -123.10404847633629,
              49.265063234417966
            ],
            [
              -123.10405152901058,
              49.265064263749835
            ],
            [
              -123.10405472362403,
              49.2650650895494
            ],
            [
              -123.10405802840303,
              49.26506570360328
            ],
            [
              -123.10406141047828,
              49.26506609980409
            ],
            [
              -123.10406483621166,
              49.26506627421121
            ],
            [
              -123.10427293621166,
              49.26507007421121
            ],
            [
              -123.10427631748041,
              49.265070027598696
            ],
            [
              -123.10427967545638,
              49.265069764892836
            ],
            [
              -123.10428297778493,
              49.26506928862485
            ],
            [
              -123.10428619264765,
              49.26506860338365
            ],
            [
              -123.10428928906882,
              49.265067715771636
            ],
            [
              -123.10429223721395,
              49.265066634341096
            ],
            [
              -123.10429500867725,
              49.26506536951177
            ],
            [
              -123.1042975767552,
              49.26506393347048
            ],
            [
              -123.10429991670401,
              49.26506234005371
            ],
            [
              -123.1043020059779,
              49.26506060461428
            ],
            [
              -123.10430382444639,
              49.26505874387339
            ],
            [
              -123.10430535458828,
              49.26505677575959
            ],
            [
              -123.10430658166041,
              49.265054719235934
            ],
            [
              -123.10430749383974,
              49.26505259411736
            ],
            [
              -123.1043080823373,
              49.2650504208797
            ],
            [
              -123.1043083414828,
              49.26504822046243
            ],
            [
              -123.10430959062398,
              49.26501869530737
            ],
            [
              -123.10434571498965,
              49.26501934650561
            ],
            [
              -123.1043442715106,
              49.26504352477953
            ],
            [
              -123.10434430685932,
              49.265045742348406
            ],
            [
              -123.10434467683751,
              49.265047946856846
            ],
            [
              -123.10434537784545,
              49.265050116855996
            ],
            [
              -123.10434640306265,
              49.265052231232765
            ],
            [
              -123.10434774251424,
              49.26505426941523
            ],
            [
              -123.10434938316793,
              49.26505621157282
            ],
            [
              -123.10435130906096,
              49.26505803880923
            ],
            [
              -123.10435350145524,
              49.265059733346284
            ],
            [
              -123.10435593901978,
              49.26506127869692
            ],
            [
              -123.10435859803823,
              49.26506265982558
            ],
            [
              -123.10436145263952,
              49.26506386329453
            ],
            [
              -123.10436447504972,
              49.26506487739455
            ],
            [
              -123.10436763586216,
              49.26506569225893
            ],
            [
              -123.10437090432357,
              49.2650662999594
            ],
            [
              -123.10437424863335,
              49.26506669458332
            ],
            [
              -123.10437763625286,
              49.26506687229118
            ],
            [
              -123.10468523625286,
              49.26507307229118
            ],
            [
              -123.10468861752706,
              49.26507303209107
            ],
            [
              -123.104691976474,
              49.26507277577834
            ],
            [
              -123.10469528073332,
              49.265072305822336
            ],
            [
              -123.10469849847152,
              49.26507162675065
            ],
            [
              -123.10470159868865,
              49.26507074510551
            ],
            [
              -123.10470455151693,
              49.265069669380765
            ],
            [
              -123.10470732850861,
              49.265068409940035
            ],
            [
              -123.10470990290989,
              49.26506697891688
            ],
            [
              -123.1047122499188,
              49.265065390097874
            ],
            [
              -123.10471434692406,
              49.265063658789856
            ],
            [
              -123.10471617372292,
              49.26506180167238
            ],
            [
              -123.10471771271588,
              49.26505983663707
            ],
            [
              -123.10471894907614,
              49.26505778261523
            ],
            [
              -123.10471987089252,
              49.26505565939549
            ],
            [
              -123.10472046928416,
              49.265053487433114
            ],
            [
              -123.10472073848608,
              49.265051287652966
            ],
            [
              -123.10472328622895,
              49.26499695703647
            ],
            [
              -123.10475395386297,
              49.264990712745615
            ]
          ]
        ]
      },
      "properties": {
        "feature_type": "forest_area",
        "patch_id": 46,
        "tree_count": 15
      }
    },
    {
      "type": "Feature",
      "geometry": {
        "type": "Polygon",
        "coordinates": [
          [
            [
              -123.10472568441035,
              49.264945815817974
            ],
            [
              -123.10473273848608,
              49.26479538765297
            ],
            [
              -123.10473267591634,
              49.26479318135921
            ],
            [
              -123.10473228219963,
              49.26479098969469
            ],
            [
              -123.10473156112866,
              49.26478883377194
            ],
            [
              -123.10473051964959,
              49.26478673435921
            ],
            [
              -123.1047291677951,
              49.26478471168038
            ],
            [
              -123.10472751858777,
              49.26478278522012
            ],
            [
              -123.10472558791456,
              49.26478097353624
            ],
            [
              -123.10472339437388,
              49.264779294080896
            ],
            [
              -123.10472095909634,
              49.26477776303246
            ],
            [
              -123.10471830554124,
              49.26477639513969
            ],
            [
              -123.10471545927058,
              49.264775203579646
            ],
            [
              -123.10471244770277,
              49.26477419983076
            ],
            [
              -123.1047092998486,
              49.26477339356225
            ],
            [
              -123.10470604603167,
              49.264772792540995
            ],
            [
              -123.10470271759637,
              49.264772402556694
            ],
            [
              -123.10469934660588,
              49.26477222736611
            ],
            [
              -123.10442610074543,
              49.264766808641305
            ],
            [
              -123.10442624117483,
              49.26476352769957
            ],
            [
              -123.10442616884703,
              49.264761314691306
            ],
            [
              -123.10442576338468,
              49.26475911704931
            ],
            [
              -123.10442502871793,
              49.26475695607516
            ],
            [
              -123.10442397196782,
              49.264754852715
            ],
            [
              -123.10442260337736,
              49.264752827356546
            ],
            [
              -123.10442093621218,
              49.26475089963144
            ],
            [
              -123.10441898663198,
              49.26474908822495
            ],
            [
              -123.10441677353391,
              49.264747410694916
            ],
            [
              -123.10441431836932,
              49.2647458833015
            ],
            [
              -123.10441164493596,
              49.264744520849604
            ],
            [
              -123.10440877914719,
              49.264743336545365
            ],
            [
              -123.10440574878089,
              49.26474234186816
            ],
            [
              -123.10440258321015,
              49.2647415464593
            ],
            [
              -123.10439931311859,
              49.26474095802864
            ],
            [
              -123.10439597020297,
              49.26474058227978
            ],
            [
              -123.10439258686591,
              49.26474042285483
            ],
            [
              -123.10407728686592,
              49.26473572285483
            ],
            [
              -123.10407723480705,
              49.26473572374818
            ],
            [
              -123.10407718286068,
              49.264735721406986
            ],
            [
              -123.103950106524,
              49.26473407763348
            ],
            [
              -123.10394840820035,
              49.2647285497219
            ],
            [
              -123.10394733144092,
              49.26472151834017
            ],
            [
              -123.1039473169434,
              49.264714451946006
            ],
            [
              -123.1039483648477,
              49.26470741870818
            ],
            [
              -123.10395046504473,
              49.264700486475625
            ],
            [
              -123.10395288366796,
              49.26469526322456
            ],
            [
              -123.10416942597041,
              49.264698652447606
            ],
            [
              -123.10470139894888,
              49.26470934788329
            ],
            [
              -123.10473588540582,
              49.26471004558618
            ],
            [
              -123.1047634357355,
              49.26471066261484
            ],
            [
              -123.10476200788115,
              49.26474272443534
            ],
            [
              -123.10476199687717,
              49.2647430050354
            ],
            [
              -123.10476099687718,
              49.2647725050354
            ],
            [
              -123.10476099546108,
              49.264772547834156
            ],
            [
              -123.10475475627801,
              49.264965852081325
            ],
            [
              -123.10472568441035,
              49.264945815817974
            ]
          ]
        ]
      },
      "properties": {
        "feature_type": "forest_area",
        "patch_id": 47,
        "tree_count": 10
      }
    },
    {
      "type": "Feature",
      "geometry": {
        "type": "Polygon",
        "coordinates": [
          [
            [
              -123.10422637128632,
              49.26457329340643
            ],
            [
              -123.10423151648624,
              49.26456884068093
            ],
            [
              -123.1042371747512,
              49.26456466137967
            ],
            [
              -123.10424964237507,
              49.26455614210915
            ],
            [
              -123.10424916470822,
              49.264565447307575
            ],
            [
              -123.10424921734656,
              49.264567652246946
            ],
            [
              -123.10424960075726,
              49.26456984321522
            ],
            [
              -123.10425031125176,
              49.264571999134574
            ],
            [
              -123.1042513419949,
              49.264574099264365
            ],
            [
              -123.10425268307057,
              49.26457612340065
            ],
            [
              -123.1042543215772,
              49.26457805207059
            ],
            [
              -123.10425624175181,
              49.264579866719735
            ],
            [
              -123.10425842512171,
              49.26458154989057
            ],
            [
              -123.10426085068215,
              49.26458308539045
            ],
            [
              -123.10426349509846,
              49.264584458447366
            ],
            [
              -123.1042663329305,
              49.26458565585205
            ],
            [
              -123.10426933687735,
              49.26458666608509
            ],
            [
              -123.10427247804012,
              49.26458747942771
            ],
            [
              -123.10427572619977,
              49.264588088055284
            ],
            [
              -123.10427905010795,
              49.26458848611262
            ],
            [
              -123.10428241778759,
              49.26458866977028
            ],
            [
              -123.10433151778759,
              49.26458976977029
            ],
            [
              -123.1043348963224,
              49.264589737283025
            ],
            [
              -123.10433825373435,
              49.264589489007996
            ],
            [
              -123.10434155773399,
              49.264589027332974
            ],
            [
              -123.10434477654546,
              49.26458835669805
            ],
            [
              -123.10434787921227,
              49.264587483552965
            ],
            [
              -123.10435083589492,
              49.2645864162951
            ],
            [
              -123.10435361815786,
              49.26458516518866
            ],
            [
              -123.10435619924306,
              49.26458374226601
            ],
            [
              -123.10435855432722,
              49.26458216121193
            ],
            [
              -123.10436066076063,
              49.26458043723201
            ],
            [
              -123.10436249828494,
              49.26457858690641
            ],
            [
              -123.10436330967673,
              49.26457756210029
            ],
            [
              -123.10438162495863,
              49.26457796993046
            ],
            [
              -123.10438500752589,
              49.264577936814845
            ],
            [
              -123.10438558437428,
              49.264577894011225
            ],
            [
              -123.10438637242788,
              49.26457798804811
            ],
            [
              -123.1043897416143,
              49.2645781702987
            ],
            [
              -123.10440097269398,
              49.264578416834595
            ],
            [
              -123.10440200945777,
              49.26457963931286
            ],
            [
              -123.10440393053473,
              49.26458145715309
            ],
            [
              -123.1044061156224,
              49.264583143253994
            ],
            [
              -123.10440854364306,
              49.264584681351145
            ],
            [
              -123.10441119117559,
              49.264586056607776
            ],
            [
              -123.1044140326814,
              49.264587255757924
            ],
            [
              -123.10441704075086,
              49.26458826723437
            ],
            [
              -123.10442018636755,
              49.26458908128024
            ],
            [
              -123.10442343918832,
              49.264589690043096
            ],
            [
              -123.10442676783589,
              49.2645900876507
            ],
            [
              -123.10443014020152,
              49.26459027026767
            ],
            [
              -123.10446248172262,
              49.26459098107033
            ],
            [
              -123.10446322591436,
              49.26459185663156
            ],
            [
              -123.1044651482445,
              49.26459367225225
            ],
            [
              -123.10446733408912,
              49.264595356150615
            ],
            [
              -123.1044697623892,
              49.26459689210352
            ],
            [
              -123.1044724097498,
              49.26459826531315
            ],
            [
              -123.10447525066553,
              49.26459946254962
            ],
            [
              -123.10447825776617,
              49.264600472278424
            ],
            [
              -123.10448140208052,
              49.26460128477155
            ],
            [
              -123.10448465331532,
              49.264601892201206
            ],
            [
              -123.1044879801473,
              49.264602288715245
            ],
            [
              -123.1044913505248,
              49.26460247049354
            ],
            [
              -123.10461788984024,
              49.26460522679546
            ],
            [
              -123.10464896365053,
              49.26462371743015
            ],
            [
              -123.10422424526398,
              49.264615178372026
            ],
            [
              -123.10422466818223,
              49.26460227936513
            ],
            [
              -123.10422574921763,
              49.26457387754376
            ],
            [
              -123.10422637128632,
              49.26457329340643
            ]
          ]
        ]
      },
      "properties": {
        "feature_type": "forest_area",
        "patch_id": 48,
        "tree_count": 3
      }
    },
    {
      "type": "Feature",
      "geometry": {
        "type": "Polygon",
        "coordinates": [
          [
            [
              -123.10527928396655,
              49.26472778759346
            ],
            [
              -123.10527942575136,
              49.26473482274736
            ],
            [
              -123.10527851379753,
              49.26474183329816
            ],
            [
              -123.10527655682642,
              49.26474875220099
            ],
            [
              -123.10527357355342,
              49.26475551328743
            ],
            [
              -123.10527283269855,
              49.26475673009413
            ],
            [
              -123.1051870872345,
              49.26475512622214
            ],
            [
              -123.10518370410301,
              49.26475517141512
            ],
            [
              -123.10518034408119,
              49.26475543294321
            ],
            [
              -123.10517703957814,
              49.26475590828385
            ],
            [
              -123.10517382246745,
              49.26475659285213
            ],
            [
              -123.10517072377982,
              49.26475748004505
            ],
            [
              -123.10516777340366,
              49.26475856130517
            ],
            [
              -123.10516499979686,
              49.2647598262032
            ],
            [
              -123.10516242971225,
              49.26476126253854
            ],
            [
              -123.10516008793961,
              49.26476285645702
            ],
            [
              -123.10515799706654,
              49.26476459258447
            ],
            [
              -123.10515617726057,
              49.26476645417507
            ],
            [
              -123.10515544932117,
              49.26476739030163
            ],
            [
              -123.10515378500766,
              49.26476696846314
            ],
            [
              -123.10515053050473,
              49.264766375284076
            ],
            [
              -123.10514720260898,
              49.264765992984465
            ],
            [
              -123.10514383332925,
              49.26476582524139
            ],
            [
              -123.10497983332925,
              49.26476292524139
            ],
            [
              -123.10497645312678,
              49.26476297375863
            ],
            [
              -123.10497309648633,
              49.264763238227964
            ],
            [
              -123.10496979573045,
              49.264763716102706
            ],
            [
              -123.10496658264358,
              49.264764402781196
            ],
            [
              -123.10496348816592,
              49.2647652916511
            ],
            [
              -123.10496054209555,
              49.264766374153105
            ],
            [
              -123.1049577728015,
              49.26476763986332
            ],
            [
              -123.10495520695049,
              49.26476907659367
            ],
            [
              -123.10495286925023,
              49.26477067050925
            ],
            [
              -123.10495078221146,
              49.26477240626154
            ],
            [
              -123.1049489659312,
              49.26477426713624
            ],
            [
              -123.10494743789918,
              49.26477623521416
            ],
            [
              -123.10494621282952,
              49.264778291543806
            ],
            [
              -123.10494530251894,
              49.264780416323894
            ],
            [
              -123.10494471573321,
              49.26478258909398
            ],
            [
              -123.10494445812277,
              49.26478478893152
            ],
            [
              -123.10494025812277,
              49.26488558893152
            ],
            [
              -123.10494033225426,
              49.26488779544254
            ],
            [
              -123.10494073756496,
              49.264889986579334
            ],
            [
              -123.10494147014916,
              49.26489214122738
            ],
            [
              -123.10494252294743,
              49.26489423862374
            ],
            [
              -123.10494388581463,
              49.264896258557215
            ],
            [
              -123.10494554561774,
              49.264898181563034
            ],
            [
              -123.10494748636232,
              49.26489998911046
            ],
            [
              -123.1049496893467,
              49.264901663781366
            ],
            [
              -123.10495213334218,
              49.26490318943805
            ],
            [
              -123.1049547947976,
              49.26490455137878
            ],
            [
              -123.10495764806628,
              49.26490573647941
            ],
            [
              -123.10496066565314,
              49.26490673331994
            ],
            [
              -123.10496381847972,
              49.26490753229446
            ],
            [
              -123.10496707616429,
              49.26490812570378
            ],
            [
              -123.10497040731472,
              49.264908507829624
            ],
            [
              -123.10497377983091,
              49.26490867498968
            ],
            [
              -123.10502993393104,
              49.264909653947356
            ],
            [
              -123.10502764658317,
              49.26491127121494
            ],
            [
              -123.10502458869513,
              49.26491391160024
            ],
            [
              -123.1050219421403,
              49.26491673485421
            ],
            [
              -123.10501973240646,
              49.26491971378737
            ],
            [
              -123.10501798077455,
              49.26492281971097
            ],
            [
              -123.10501670411372,
              49.26492602271326
            ],
            [
              -123.10501591471896,
              49.26492929194758
            ],
            [
              -123.10501562019253,
              49.264932595929416
            ],
            [
              -123.10501331333091,
              49.26509954435933
            ],
            [
              -123.10492985318017,
              49.2650981329009
            ],
            [
              -123.10487458895143,
              49.26509695103117
            ],
            [
              -123.10488500384821,
              49.26477427356547
            ],
            [
              -123.10488599836646,
              49.26474493527708
            ],
            [
              -123.10488740290687,
              49.26471339696073
            ],
            [
              -123.10494484505244,
              49.264714644659804
            ],
            [
              -123.10494521898661,
              49.26471465207666
            ],
            [
              -123.1049841762782,
              49.26471535131011
            ],
            [
              -123.10527810432258,
              49.264720880159665
            ],
            [
              -123.10527928396655,
              49.26472778759346
            ]
          ]
        ]
      },
      "properties": {
        "feature_type": "forest_area",
        "patch_id": 49,
        "tree_count": 13
      }
    },
    {
      "type": "Feature",
      "geometry": {
        "type": "Polygon",
        "coordinates": [
          [
            [
              -123.10496109818861,
              49.265236729581346
            ],
            [
              -123.10486929416625,
              49.26527270749367
            ],
            [
              -123.10487286181497,
              49.2651527018937
            ],
            [
              -123.10492720056025,
              49.26515386397122
            ],
            [
              -123.10492749310879,
              49.265153869573105
            ],
            [
              -123.1049772514678,
              49.265154711074764
            ],
            [
              -123.1049767057829,
              49.26515543083119
            ],
            [
              -123.10497551108845,
              49.26515749394604
            ],
            [
              -123.10497463191575,
              49.2651596235166
            ],
            [
              -123.1049740767249,
              49.26516179905039
            ],
            [
              -123.10497385085843,
              49.265163999612646
            ],
            [
              -123.1049719766912,
              49.26523266228451
            ],
            [
              -123.10496109818861,
              49.265236729581346
            ]
          ]
        ]
      },
      "properties": {
        "feature_type": "forest_area",
        "patch_id": 50,
        "tree_count": 2
      }
    },
    {
      "type": "Feature",
      "geometry": {
        "type": "Polygon",
        "coordinates": [
          [
            [
              -123.10474093734477,
              49.26531678445679
            ],
            [
              -123.10473031605449,
              49.2653175133197
            ],
            [
              -123.10471963652542,
              49.26531756819526
            ],
            [
              -123.10470899896242,
              49.26531694856859
            ],
            [
              -123.10469850317655,
              49.26531566025357
            ],
            [
              -123.10468824764864,
              49.26531371533832
            ],
            [
              -123.10467832860515,
              49.26531113207178
            ],
            [
              -123.10466883911539,
              49.26530793469243
            ],
            [
              -123.10466166940056,
              49.26530491245118
            ],
            [
              -123.10466284668883,
              49.265269081938456
            ],
            [
              -123.10466275326249,
              49.26526687685013
            ],
            [
              -123.1046623291295,
              49.265264688349944
            ],
            [
              -123.10466157837284,
              49.265262537505826
            ],
            [
              -123.10466050821977,
              49.26526044502319
            ],
            [
              -123.10465912897227,
              49.265258431045616
            ],
            [
              -123.10465745390788,
              49.26525651496095
            ],
            [
              -123.10465549915185,
              49.26525471521467
            ],
            [
              -123.1046532835219,
              49.265253049132276
            ],
            [
              -123.10465082834712,
              49.26525153275256
            ],
            [
              -123.10464815726262,
              49.26525018067318
            ],
            [
              -123.10464765565365,
              49.26524997472634
            ],
            [
              -123.10464959464309,
              49.26524955256871
            ],
            [
              -123.10465268028445,
              49.26524865299742
            ],
            [
              -123.10465561602324,
              49.26524756049025
            ],
            [
              -123.10465837361383,
              49.26524628555855
            ],
            [
              -123.10466092652464,
              49.2652448404688
            ],
            [
              -123.10466325019334,
              49.26524323912466
            ],
            [
              -123.10466532226323,
              49.26524149693313
            ],
            [
              -123.10466712279829,
              49.26523963065635
            ],
            [
              -123.10466863447505,
              49.265237658250335
            ],
            [
              -123.1046698427492,
              49.26523559869219
            ],
            [
              -123.1046707359956,
              49.265233471797536
            ],
            [
              -123.10467130562003,
              49.26523129802987
            ],
            [
              -123.10467154614199,
              49.26522909830364
            ],
            [
              -123.10467384614198,
              49.26516139830364
            ],
            [
              -123.1046737551634,
              49.26515919306387
            ],
            [
              -123.10467333342757,
              49.26515700425779
            ],
            [
              -123.10467258499473,
              49.26515485295828
            ],
            [
              -123.10467151707053,
              49.265152759877196
            ],
            [
              -123.10467013993646,
              49.26515074516584
            ],
            [
              -123.10466846685104,
              49.26514882822102
            ],
            [
              -123.1046681094602,
              49.26514849868432
            ],
            [
              -123.10472160807407,
              49.26514946627164
            ],
            [
              -123.10474888074164,
              49.26515004980844
            ],
            [
              -123.10474393577717,
              49.265316384410106
            ],
            [
              -123.10474093734477,
              49.26531678445679
            ]
          ]
        ]
      },
      "properties": {
        "feature_type": "forest_area",
        "patch_id": 51,
        "tree_count": 3
      }
    },
    {
      "type": "Feature",
      "geometry": {
        "type": "Polygon",
        "coordinates": [
          [
            [
              -123.10455249949665,
              49.26651498179768
            ],
            [
              -123.10464021630303,
              49.26651635386271
            ],
            [
              -123.10465648488227,
              49.266516651458666
            ],
            [
              -123.10465663960865,
              49.266516654168306
            ],
            [
              -123.10472195256921,
              49.26651774700328
            ],
            [
              -123.10473530477216,
              49.26656829855357
            ],
            [
              -123.10468787123659,
              49.266567014524746
            ],
            [
              -123.10468651829325,
              49.26656702127432
            ],
            [
              -123.10468517288372,
              49.266567114557496
            ],
            [
              -123.10468384797453,
              49.266567293475234
            ],
            [
              -123.10468255633467,
              49.2665675563032
            ],
            [
              -123.10468131041249,
              49.26656790050836
            ],
            [
              -123.1046801222157,
              49.26656832277339
            ],
            [
              -123.10467900319571,
              49.26656881902865
            ],
            [
              -123.10467796413722,
              49.26656938449142
            ],
            [
              -123.10467701505428,
              49.26657001371199
            ],
            [
              -123.10467616509379,
              49.26657070062616
            ],
            [
              -123.10467542244736,
              49.26657143861372
            ],
            [
              -123.10467479427234,
              49.2665722205622
            ],
            [
              -123.10467428662284,
              49.2665730389355
            ],
            [
              -123.10467390439139,
              49.26657388584642
            ],
            [
              -123.1046736512618,
              49.266574753132765
            ],
            [
              -123.10467352967365,
              49.26657563243595
            ],
            [
              -123.10467142978266,
              49.266609130697326
            ],
            [
              -123.10465623003644,
              49.266849326686646
            ],
            [
              -123.104654430182,
              49.26687742441461
            ],
            [
              -123.10465444008656,
              49.26687830711898
            ],
            [
              -123.10465458255973,
              49.26687918493756
            ],
            [
              -123.10465485622886,
              49.26688004941308
            ],
            [
              -123.10465525845733,
              49.266880892216854
            ],
            [
              -123.10465578536986,
              49.26688170522894
            ],
            [
              -123.10465643188999,
              49.26688248061647
            ],
            [
              -123.10465719178889,
              49.266883210909036
            ],
            [
              -123.10465805774537,
              49.2668838890707
            ],
            [
              -123.10465902141647,
              49.26688450856778
            ],
            [
              -123.10466007351775,
              49.266885063431786
            ],
            [
              -123.10466120391288,
              49.26688554831694
            ],
            [
              -123.10466240171117,
              49.266885958551654
            ],
            [
              -123.10466365537252,
              49.26688629018357
            ],
            [
              -123.10466495281867,
              49.266886540017595
            ],
            [
              -123.10466628154947,
              49.26688670564674
            ],
            [
              -123.10466762876341,
              49.26688678547526
            ],
            [
              -123.1047304287634,
              49.266888485475256
            ],
            [
              -123.10473178137039,
              49.266888478738146
            ],
            [
              -123.10473312645057,
              49.266888385510356
            ],
            [
              -123.10473445104701,
              49.266888206689934
            ],
            [
              -123.10473574240008,
              49.26688794399942
            ],
            [
              -123.10473698807041,
              49.26688759996928
            ],
            [
              -123.10473817605867,
              49.26688717791349
            ],
            [
              -123.10473929492115,
              49.266886681897645
            ],
            [
              -123.10474033388005,
              49.26688611669978
            ],
            [
              -123.10474128292724,
              49.266885487764355
            ],
            [
              -123.1047421329207,
              49.2668848011498
            ],
            [
              -123.10474287567263,
              49.26688406347016
            ],
            [
              -123.10474350402816,
              49.266883281831376
            ],
            [
              -123.10474401193451,
              49.26688246376284
            ],
            [
              -123.10474439449906,
              49.266881617144875
            ],
            [
              -123.10474464803664,
              49.266880750132806
            ],
            [
              -123.10474477010499,
              49.266879871078416
            ],
            [
              -123.10475515943064,
              49.266715708854235
            ],
            [
              -123.10475531422955,
              49.26671609346473
            ],
            [
              -123.10474928061349,
              49.26688055521131
            ],
            [
              -123.10472612239357,
              49.266898641427204
            ],
            [
              -123.10472159753338,
              49.26689930765456
            ],
            [
              -123.10471582049217,
              49.2669005573089
            ],
            [
              -123.10471025897786,
              49.266902170445995
            ],
            [
              -123.10470496655087,
              49.266904131530445
            ],
            [
              -123.10469999418015,
              49.26690642167593
            ],
            [
              -123.10469538975237,
              49.26690901882711
            ],
            [
              -123.10469455816012,
              49.26690958996108
            ],
            [
              -123.10463296276967,
              49.26690843324013
            ],
            [
              -123.10434329926568,
              49.26690269462477
            ],
            [
              -123.10434334855317,
              49.2669022213929
            ],
            [
              -123.10434444149979,
              49.26686417644146
            ],
            [
              -123.10434759294223,
              49.26686474285466
            ],
            [
              -123.10435092765908,
              49.26686511755007
            ],
            [
              -123.10435430261916,
              49.26686527698738
            ],
            [
              -123.10461910261915,
              49.266869276987386
            ],
            [
              -123.10462248256762,
              49.26686921976142
            ],
            [
              -123.10462583764645,
              49.26686894663733
            ],
            [
              -123.10462913554684,
              49.26686846024526
            ],
            [
              -123.10463234451066,
              49.266867765269076
            ],
            [
              -123.10463543363615,
              49.26686686840125
            ],
            [
              -123.10463837317562,
              49.26686577827848
            ],
            [
              -123.10464113482186,
              49.26686450539842
            ],
            [
              -123.10464369198074,
              49.266863062018686
            ],
            [
              -123.10464602002727,
              49.26686146203874
            ],
            [
              -123.10464809654283,
              49.2668597208661
            ],
            [
              -123.10464990153093,
              49.266857855267936
            ],
            [
              -123.1046514176099,
              49.2668558832096
            ],
            [
              -123.10465263018015,
              49.26685382368165
            ],
            [
              -123.10465352756489,
              49.26685169651696
            ],
            [
              -123.10465410112245,
              49.26684952219972
            ],
            [
              -123.10465434532959,
              49.26684732166821
            ],
            [
              -123.10466384532958,
              49.26658022166821
            ],
            [
              -123.10466375775644,
              49.26657801543405
            ],
            [
              -123.10466333912049,
              49.26657582543194
            ],
            [
              -123.1046625934556,
              49.26657367276422
            ],
            [
              -123.1046615279468,
              49.26657157817344
            ],
            [
              -123.1046601528611,
              49.26656956184257
            ],
            [
              -123.10465848144845,
              49.26656764320047
            ],
            [
              -123.10465652981418,
              49.266565840734685
            ],
            [
              -123.10465431676376,
              49.26656417181335
            ],
            [
              -123.10465186362158,
              49.26656265251777
            ],
            [
              -123.10464919402553,
              49.26656129748749
            ],
            [
              -123.10464633369915,
              49.266560119779264
            ],
            [
              -123.10464331020384,
              49.26655913074118
            ],
            [
              -123.10464015267328,
              49.26655833990336
            ],
            [
              -123.10463689153262,
              49.26655775488614
            ],
            [
              -123.1046335582054,
              49.266557381326585
            ],
            [
              -123.10463018481076,
              49.26655722282423
            ],
            [
              -123.10455187965961,
              49.266556058623536
            ],
            [
              -123.10455249949665,
              49.26651498179768
            ]
          ]
        ]
      },
      "properties": {
        "feature_type": "forest_area",
        "patch_id": 52,
        "tree_count": 3
      }
    },
    {
      "type": "Feature",
      "geometry": {
        "type": "Polygon",
        "coordinates": [
          [
            [
              -123.10455395450926,
              49.26641855758161
            ],
            [
              -123.10455397480759,
              49.26641834222204
            ],
            [
              -123.10461309013105,
              49.26641947334962
            ],
            [
              -123.10461647033992,
              49.26641942974115
            ],
            [
              -123.10461982772578,
              49.266419170166124
            ],
            [
              -123.10462312996178,
              49.26641869712388
            ],
            [
              -123.10462634525207,
              49.26641801516915
            ],
            [
              -123.10462944263799,
              49.26641713086819
            ],
            [
              -123.10463239229607,
              49.26641605273556
            ],
            [
              -123.10463516582533,
              49.266414791152144
            ],
            [
              -123.1046377365206,
              49.2664133582652
            ],
            [
              -123.10464007962976,
              49.26641176787139
            ],
            [
              -123.10464217259198,
              49.266410035283954
            ],
            [
              -123.104643995255,
              49.26640817718524
            ],
            [
              -123.10464553006918,
              49.26640621146612
            ],
            [
              -123.10464676225642,
              49.26640415705365
            ],
            [
              -123.10464767995252,
              49.26640203372892
            ],
            [
              -123.10464827432136,
              49.26639986193654
            ],
            [
              -123.10464853964004,
              49.266397662587764
            ],
            [
              -123.10466274072228,
              49.26608335784052
            ],
            [
              -123.10466809595992,
              49.26608179443477
            ],
            [
              -123.10467873707114,
              49.26607950108745
            ],
            [
              -123.1046896799727,
              49.26607792444833
            ],
            [
              -123.1047127614423,
              49.26607539376576
            ],
            [
              -123.10470050196011,
              49.266388365909116
            ],
            [
              -123.10470048245658,
              49.266389598553346
            ],
            [
              -123.10470057805867,
              49.2664023136317
            ],
            [
              -123.10469945637942,
              49.26643280668976
            ],
            [
              -123.10466003775701,
              49.266432147126196
            ],
            [
              -123.10464371511773,
              49.26643184854134
            ],
            [
              -123.10464345226235,
              49.266431844081396
            ],
            [
              -123.10455377518669,
              49.26643044135386
            ],
            [
              -123.10455395450926,
              49.26641855758161
            ]
          ]
        ]
      },
      "properties": {
        "feature_type": "forest_area",
        "patch_id": 53,
        "tree_count": 3
      }
    },
    {
      "type": "Feature",
      "geometry": {
        "type": "Polygon",
        "coordinates": [
          [
            [
              -123.1057771532178,
              49.266080717093416
            ],
            [
              -123.105776588922,
              49.26608787734998
            ],
            [
              -123.10577493528568,
              49.26609496540228
            ],
            [
              -123.10577405186726,
              49.2660972157677
            ],
            [
              -123.10576993164672,
              49.26609838891633
            ],
            [
              -123.10576550428026,
              49.26610000344929
            ],
            [
              -123.10576134074955,
              49.26610189338267
            ],
            [
              -123.10575748115168,
              49.26610404051537
            ],
            [
              -123.10575396265668,
              49.26610642416934
            ],
            [
              -123.10575081914958,
              49.26610902138867
            ],
            [
              -123.10574808090408,
              49.26611180716073
            ],
            [
              -123.10574647656314,
              49.26611385726134
            ],
            [
              -123.10574384000178,
              49.2661137253598
            ],
            [
              -123.10563154000178,
              49.266111725359806
            ],
            [
              -123.10562815487943,
              49.26611177367723
            ],
            [
              -123.10562479337068,
              49.26611203857548
            ],
            [
              -123.10562148793909,
              49.2661125174963
            ],
            [
              -123.10561827050667,
              49.266113205814555
            ],
            [
              -123.10561517214555,
              49.26611409688285
            ],
            [
              -123.10561222277798,
              49.266115182095746
            ],
            [
              -123.1056094508873,
              49.26611645097287
            ],
            [
              -123.10560688324284,
              49.26611789126012
            ],
            [
              -123.10560454464151,
              49.266119489048016
            ],
            [
              -123.10560245766817,
              49.266121228906016
            ],
            [
              -123.1056020751752,
              49.26612162192117
            ],
            [
              -123.10548805909973,
              49.26611964704689
            ],
            [
              -123.10548666699924,
              49.26611803151948
            ],
            [
              -123.10548472728225,
              49.26611622236351
            ],
            [
              -123.10548252497206,
              49.26611454608578
            ],
            [
              -123.10548008130883,
              49.26611301885314
            ],
            [
              -123.10547741986045,
              49.266111655394965
            ],
            [
              -123.10547456629523,
              49.2661104688611
            ],
            [
              -123.10547154813432,
              49.26610947069508
            ],
            [
              -123.10546839448635,
              49.26610867052367
            ],
            [
              -123.10546513576665,
              49.26610807606415
            ],
            [
              -123.10546180340388,
              49.266107693049754
            ],
            [
              -123.105458429537,
              49.26610752517446
            ],
            [
              -123.10532782953699,
              49.266105225174464
            ],
            [
              -123.10532444796159,
              49.266105273998846
            ],
            [
              -123.10532109001728,
              49.266105538949716
            ],
            [
              -123.1053177880656,
              49.26610601747365
            ],
            [
              -123.10531457392854,
              49.26610670495898
            ],
            [
              -123.10531147858173,
              49.26610759478017
            ],
            [
              -123.10530853185602,
              49.266108678361746
            ],
            [
              -123.10530576214994,
              49.26610994526089
            ],
            [
              -123.10530319615603,
              49.266111383268075
            ],
            [
              -123.10530085860358,
              49.26611297852479
            ],
            [
              -123.10529877202033,
              49.266114715657025
            ],
            [
              -123.10529794181741,
              49.26611556724326
            ],
            [
              -123.10529790754464,
              49.266115549748434
            ],
            [
              -123.10529362572774,
              49.26611377591668
            ],
            [
              -123.10528909808411,
              49.266112284491875
            ],
            [
              -123.10528436821747,
              49.26611108983726
            ],
            [
              -123.105279481679,
              49.266110203458005
            ],
            [
              -123.10527448552874,
              49.266109633890444
            ],
            [
              -123.10526942788235,
              49.2661093866198
            ],
            [
              -123.10522564985507,
              49.26610865239713
            ],
            [
              -123.10522710837704,
              49.26607038538662
            ],
            [
              -123.10527664052717,
              49.26607107068618
            ],
            [
              -123.10527683678914,
              49.26607117065325
            ],
            [
              -123.10528112145708,
              49.266072941551165
            ],
            [
              -123.10528565149731,
              49.26607442987392
            ],
            [
              -123.10529038328306,
              49.266075621288124
            ],
            [
              -123.10529527124469,
              49.26607650431982
            ],
            [
              -123.1053002683084,
              49.26607707046493
            ],
            [
              -123.10530532634976,
              49.266077314271165
            ],
            [
              -123.10531039665707,
              49.26607723339054
            ],
            [
              -123.10531543040051,
              49.26607682860198
            ],
            [
              -123.10532037910237,
              49.26607610380382
            ],
            [
              -123.10532519510392,
              49.26607506597625
            ],
            [
              -123.10532983202447,
              49.26607372511414
            ],
            [
              -123.10533424520791,
              49.266072094130706
            ],
            [
              -123.10533475404272,
              49.266071860336304
            ],
            [
              -123.1054715633277,
              49.26607368539602
            ],
            [
              -123.10547166985366,
              49.26607373983312
            ],
            [
              -123.10547595021445,
              49.26607551516065
            ],
            [
              -123.10548047663366,
              49.26607700816716
            ],
            [
              -123.10548520551936,
              49.26607820447418
            ],
            [
              -123.10549009132983,
              49.26607909256062
            ],
            [
              -123.10549508701202,
              49.26607966387371
            ],
            [
              -123.1055001444548,
              49.26607991291141
            ],
            [
              -123.10550521495222,
              49.26607983727534
            ],
            [
              -123.1055102496726,
              49.26607943769393
            ],
            [
              -123.10551520012888,
              49.26607871801535
            ],
            [
              -123.10552001864541,
              49.26607768517051
            ],
            [
              -123.10552465881726,
              49.266076349106264
            ],
            [
              -123.10552907595705,
              49.266074722689645
            ],
            [
              -123.10552963167126,
              49.26607446821437
            ],
            [
              -123.10577693980898,
              49.26607783704231
            ],
            [
              -123.1057771532178,
              49.266080717093416
            ]
          ]
        ]
      },
      "properties": {
        "feature_type": "forest_area",
        "patch_id": 54,
        "tree_count": 5
      }
    },
    {
      "type": "Feature",
      "geometry": {
        "type": "Polygon",
        "coordinates": [
          [
            [
              -123.1050552103107,
              49.26644196358664
            ],
            [
              -123.1049065662754,
              49.26643826005132
            ],
            [
              -123.10490648859336,
              49.26643825814765
            ],
            [
              -123.10487328859337,
              49.26643745814765
            ],
            [
              -123.10487253934959,
              49.266437443051686
            ],
            [
              -123.10482338743282,
              49.266436646711
            ],
            [
              -123.10482460043107,
              49.26640367112855
            ],
            [
              -123.10482461754343,
              49.266402501446656
            ],
            [
              -123.10482452217816,
              49.2663898178657
            ],
            [
              -123.10483722767425,
              49.266065459439844
            ],
            [
              -123.10489020743513,
              49.266065875511266
            ],
            [
              -123.10512376604434,
              49.2660689830838
            ],
            [
              -123.1051210340689,
              49.26614066149239
            ],
            [
              -123.10512115670706,
              49.266143968343364
            ],
            [
              -123.10512177521117,
              49.26614725144794
            ],
            [
              -123.10512222800484,
              49.266148570005555
            ],
            [
              -123.10511392119318,
              49.266148425028184
            ],
            [
              -123.10511054271107,
              49.266148474243565
            ],
            [
              -123.10510718786755,
              49.266148739189745
            ],
            [
              -123.10510388893545,
              49.266149217318016
            ],
            [
              -123.10510067764977,
              49.26614990402887
            ],
            [
              -123.10509758490237,
              49.266150792716324
            ],
            [
              -123.10509464044479,
              49.26615187483138
            ],
            [
              -123.10509187260206,
              49.266153139964345
            ],
            [
              -123.10508930800022,
              49.26615457594491
            ],
            [
              -123.10508697131016,
              49.26615616895927
            ],
            [
              -123.10508488501031,
              49.26615790368298
            ],
            [
              -123.10508306917045,
              49.26615976342838
            ],
            [
              -123.10508154125853,
              49.26616173030512
            ],
            [
              -123.10508031597273,
              49.266163785392294
            ],
            [
              -123.10507940510003,
              49.26616590892042
            ],
            [
              -123.10507881740281,
              49.266168080461625
            ],
            [
              -123.1050785585346,
              49.266170279126165
            ],
            [
              -123.10507660969533,
              49.266216312054
            ],
            [
              -123.10490894018768,
              49.26621332536311
            ],
            [
              -123.10490555901124,
              49.26621337348556
            ],
            [
              -123.1049022013535,
              49.26621363768547
            ],
            [
              -123.10489889956519,
              49.26621411541728
            ],
            [
              -123.10489568545876,
              49.26621480207809
            ],
            [
              -123.10489259000181,
              49.26621569105198
            ],
            [
              -123.10488964301882,
              49.26621677377378
            ],
            [
              -123.10488687290368,
              49.26621803981155
            ],
            [
              -123.10488430634622,
              49.26621947696714
            ],
            [
              -123.10488196807498,
              49.26622107139368
            ],
            [
              -123.10487988061898,
              49.266222807729015
            ],
            [
              -123.10487806409068,
              49.26622466924371
            ],
            [
              -123.10487653599219,
              49.26622663800224
            ],
            [
              -123.10487531104657,
              49.26622869503579
            ],
            [
              -123.10487440105607,
              49.26623082052504
            ],
            [
              -123.10487381478836,
              49.26623299399107
            ],
            [
              -123.10487355789209,
              49.26623519449275
            ],
            [
              -123.1048667578921,
              49.26639989449276
            ],
            [
              -123.10486683284942,
              49.2664021008923
            ],
            [
              -123.10486723895035,
              49.2664042918665
            ],
            [
              -123.10486797228188,
              49.266406446304295
            ],
            [
              -123.10486902577803,
              49.26640854344666
            ],
            [
              -123.10487038928788,
              49.266410563086644
            ],
            [
              -123.10487204967338,
              49.26641248576408
            ],
            [
              -123.10487399093591,
              49.266414292953066
            ],
            [
              -123.10487619437052,
              49.26641596724049
            ],
            [
              -123.10487863874609,
              49.266417492493815
            ],
            [
              -123.10488130050989,
              49.2664188540165
            ],
            [
              -123.1048841540146,
              49.26642003868964
            ],
            [
              -123.10488717176537,
              49.26642103509836
            ],
            [
              -123.10489032468475,
              49.266421833641786
            ],
            [
              -123.10489358239288,
              49.26642242662559
            ],
            [
              -123.10489691350021,
              49.26642280833608
            ],
            [
              -123.10490028590999,
              49.26642297509531
            ],
            [
              -123.10504592925224,
              49.266425497369916
            ],
            [
              -123.1050552103107,
              49.26644196358664
            ]
          ]
        ]
      },
      "properties": {
        "feature_type": "forest_area",
        "patch_id": 55,
        "tree_count": 7
      }
    },
    {
      "type": "Feature",
      "geometry": {
        "type": "Polygon",
        "coordinates": [
          [
            [
              -123.10534384054603,
              49.26689181673322
            ],
            [
              -123.10535354700231,
              49.266590372301344
            ],
            [
              -123.10535345215588,
              49.26658816748168
            ],
            [
              -123.10535302668625,
              49.26658597933668
            ],
            [
              -123.10535227468833,
              49.266583828926215
            ],
            [
              -123.10535120339975,
              49.266581736946954
            ],
            [
              -123.10534982313118,
              49.266579723533205
            ],
            [
              -123.10534814716702,
              49.26657780806313
            ],
            [
              -123.10534619163766,
              49.266576008972216
            ],
            [
              -123.10534397536412,
              49.26657434357586
            ],
            [
              -123.105341519677,
              49.26657282790271
            ],
            [
              -123.1053388482111,
              49.266571476540406
            ],
            [
              -123.10533598667804,
              49.26657030249517
            ],
            [
              -123.1053329626187,
              49.26656931706663
            ],
            [
              -123.10532980513823,
              49.26656852973907
            ],
            [
              -123.10532654462588,
              49.266567948090135
            ],
            [
              -123.10532321246254,
              49.266567577717936
            ],
            [
              -123.10531984071868,
              49.266567422187116
            ],
            [
              -123.10510604071868,
              49.266564422187116
            ],
            [
              -123.1051059992585,
              49.26656442293411
            ],
            [
              -123.10510595791536,
              49.2665644210902
            ],
            [
              -123.10490535791536,
              49.2665619210902
            ],
            [
              -123.1049019853327,
              49.26656198688471
            ],
            [
              -123.10489863878371,
              49.26656226762101
            ],
            [
              -123.10489535036179,
              49.26656276060684
            ],
            [
              -123.1048921516029,
              49.266563461114465
            ],
            [
              -123.10488907318314,
              49.26656436242602
            ],
            [
              -123.10488614462459,
              49.26656545589791
            ],
            [
              -123.10488339401209,
              49.26656673104377
            ],
            [
              -123.10488084772403,
              49.26656817563492
            ],
            [
              -123.1048785301793,
              49.26656977581775
            ],
            [
              -123.10487646360319,
              49.26657151624649
            ],
            [
              -123.10487466781414,
              49.26657338023045
            ],
            [
              -123.10487316003378,
              49.266575349894
            ],
            [
              -123.1048719547217,
              49.26657740634807
            ],
            [
              -123.10487106343687,
              49.26657952987127
            ],
            [
              -123.10487049472671,
              49.266581700099
            ],
            [
              -123.10487025404514,
              49.2665838962188
            ],
            [
              -123.10486065404513,
              49.266863396218795
            ],
            [
              -123.10486074416832,
              49.26686560119937
            ],
            [
              -123.10486116497306,
              49.266867789805566
            ],
            [
              -123.104861912409,
              49.26686994097164
            ],
            [
              -123.10486297928195,
              49.26687203399218
            ],
            [
              -123.10486435532303,
              49.266874048721476
            ],
            [
              -123.1048660272876,
              49.266875965767355
            ],
            [
              -123.10486797908264,
              49.26687776667789
            ],
            [
              -123.10487019192178,
              49.266879434118955
            ],
            [
              -123.104872644506,
              49.26688095204112
            ],
            [
              -123.1048753132287,
              49.26688230583408
            ],
            [
              -123.1048781724029,
              49.26688348246732
            ],
            [
              -123.10488119450852,
              49.266884470615516
            ],
            [
              -123.10488435045718,
              49.26688526076755
            ],
            [
              -123.10488760987229,
              49.26688584531806
            ],
            [
              -123.10489094138131,
              49.26688621864062
            ],
            [
              -123.10489431291785,
              49.266886377141944
            ],
            [
              -123.10506112508898,
              49.26688886440096
            ],
            [
              -123.10506023835495,
              49.266916196673385
            ],
            [
              -123.1048522471972,
              49.26691223295022
            ],
            [
              -123.10485204446861,
              49.26691222940101
            ],
            [
              -123.10483472973912,
              49.26691195310213
            ],
            [
              -123.10483691066567,
              49.26691007337177
            ],
            [
              -123.10483933845306,
              49.26690750107311
            ],
            [
              -123.10484137715292,
              49.266904788746885
            ],
            [
              -123.10484300798537,
              49.26690196137819
            ],
            [
              -123.10484421592767,
              49.266899045011876
            ],
            [
              -123.10484498985265,
              49.2668960665126
            ],
            [
              -123.10484532263115,
              49.266893053317375
            ],
            [
              -123.10485192263116,
              49.266713153317376
            ],
            [
              -123.10485181947776,
              49.266710209297194
            ],
            [
              -123.10485129514748,
              49.26670728445164
            ],
            [
              -123.1048503542297,
              49.2667044043811
            ],
            [
              -123.10482937375404,
              49.26665227667951
            ],
            [
              -123.1048317188826,
              49.26658276706918
            ],
            [
              -123.10483241004542,
              49.26656914128786
            ],
            [
              -123.10483232234544,
              49.26656593628591
            ],
            [
              -123.10483173555775,
              49.266562753724315
            ],
            [
              -123.10481979648813,
              49.266517552308414
            ],
            [
              -123.10486908595863,
              49.266518350877696
            ],
            [
              -123.1049018725647,
              49.266519140916394
            ],
            [
              -123.10541227408231,
              49.266531857805795
            ],
            [
              -123.10541075014153,
              49.266560112491725
            ],
            [
              -123.10540937375411,
              49.266585575659036
            ],
            [
              -123.10539259494288,
              49.26662373132111
            ],
            [
              -123.10538101592076,
              49.26663488149057
            ],
            [
              -123.10537848810374,
              49.26663758005879
            ],
            [
              -123.10537635881269,
              49.2666404212842
            ],
            [
              -123.10537464677506,
              49.26664338017772
            ],
            [
              -123.10537336704856,
              49.26664643071538
            ],
            [
              -123.10537253088856,
              49.26664954606718
            ],
            [
              -123.10537214564926,
              49.26665269883304
            ],
            [
              -123.10536054564926,
              49.26688439883304
            ],
            [
              -123.10536058060097,
              49.26688615921984
            ],
            [
              -123.10534384054603,
              49.26689181673322
            ]
          ]
        ]
      },
      "properties": {
        "feature_type": "forest_area",
        "patch_id": 56,
        "tree_count": 3
      }
    },
    {
      "type": "Feature",
      "geometry": {
        "type": "Polygon",
        "coordinates": [
          [
            [
              -123.1052785745238,
              49.26735317582161
            ],
            [
              -123.10486244330684,
              49.267344452540016
            ],
            [
              -123.10483529530367,
              49.267343853687
            ],
            [
              -123.10483482627464,
              49.267343844499806
            ],
            [
              -123.10478565882653,
              49.26734300289484
            ],
            [
              -123.10478670121597,
              49.26731414955145
            ],
            [
              -123.10479280117903,
              49.26714455057828
            ],
            [
              -123.10479919516777,
              49.26696716059319
            ],
            [
              -123.10484985416063,
              49.266967968981376
            ],
            [
              -123.10485572867368,
              49.266968080932976
            ],
            [
              -123.10485468432323,
              49.26696984760499
            ],
            [
              -123.10485378244759,
              49.266971974294876
            ],
            [
              -123.1048532043972,
              49.266974148432226
            ],
            [
              -123.10485295574021,
              49.266976349074405
            ],
            [
              -123.10484105574022,
              49.267293149074405
            ],
            [
              -123.10484113881714,
              49.26729535453974
            ],
            [
              -123.10484155273711,
              49.26729754407451
            ],
            [
              -123.10484229351476,
              49.267299696597014
            ],
            [
              -123.10484335401758,
              49.26730179138191
            ],
            [
              -123.10484472403463,
              49.26730380825978
            ],
            [
              -123.10484639037485,
              49.26730572781133
            ],
            [
              -123.10484833699404,
              49.26730753155436
            ],
            [
              -123.10485054514939,
              49.267309202121716
            ],
            [
              -123.10485299357993,
              49.26731072342851
            ],
            [
              -123.10485565871116,
              49.267312080827
            ],
            [
              -123.10485851488217,
              49.26731326124762
            ],
            [
              -123.10486153459262,
              49.26731425332481
            ],
            [
              -123.10486468876753,
              49.26731504750647
            ],
            [
              -123.10486794703726,
              49.267315636145895
            ],
            [
              -123.1048712780299,
              49.267316013575424
            ],
            [
              -123.10487464967335,
              49.26731617616104
            ],
            [
              -123.10525211883034,
              49.26732225694316
            ],
            [
              -123.10525218249913,
              49.267322425596944
            ],
            [
              -123.10525328634714,
              49.267324473945145
            ],
            [
              -123.10525468784775,
              49.267326443258455
            ],
            [
              -123.10525637392945,
              49.267328315169465
            ],
            [
              -123.10525832886646,
              49.26733007221922
            ],
            [
              -123.10526053442545,
              49.26733169802004
            ],
            [
              -123.10526297003561,
              49.267333177408396
            ],
            [
              -123.10526561298045,
              49.2673344965863
            ],
            [
              -123.10526843860971,
              49.26733564325005
            ],
            [
              -123.10526898988243,
              49.267335821363254
            ],
            [
              -123.1052785745238,
              49.26735317582161
            ]
          ]
        ]
      },
      "properties": {
        "feature_type": "forest_area",
        "patch_id": 57,
        "tree_count": 10
      }
    },
    {
      "type": "Feature",
      "geometry": {
        "type": "Polygon",
        "coordinates": [
          [
            [
              -123.10541771599625,
              49.26734065128851
            ],
            [
              -123.10549893911956,
              49.267341975989964
            ],
            [
              -123.10550232768173,
              49.26734192242478
            ],
            [
              -123.10550569178069,
              49.26734165185261
            ],
            [
              -123.10550899885827,
              49.26734116689209
            ],
            [
              -123.10551221690817,
              49.26734047223671
            ],
            [
              -123.1055153147857,
              49.26733957460945
            ],
            [
              -123.10551826250924,
              49.267338482697646
            ],
            [
              -123.10552103155032,
              49.267337207068955
            ],
            [
              -123.10552359510986,
              49.267335760069074
            ],
            [
              -123.10552592837739,
              49.267334155702244
            ],
            [
              -123.10552800877127,
              49.26733240949572
            ],
            [
              -123.10552981615719,
              49.26733053834951
            ],
            [
              -123.10553133304305,
              49.267328560372796
            ],
            [
              -123.10553254474821,
              49.267326494708676
            ],
            [
              -123.1055334395457,
              49.267324361348905
            ],
            [
              -123.1055340087755,
              49.2673221809404
            ],
            [
              -123.10553424692858,
              49.267319974585426
            ],
            [
              -123.10554494692857,
              49.26698927458543
            ],
            [
              -123.10554485513481,
              49.26698709281878
            ],
            [
              -123.1055444395785,
              49.2669849271406
            ],
            [
              -123.10554370417583,
              49.26698279796022
            ],
            [
              -123.1055428519026,
              49.26698111294174
            ],
            [
              -123.1057997477446,
              49.26698583910594
            ],
            [
              -123.10580328652902,
              49.26698928061741
            ],
            [
              -123.10580921305778,
              49.26699575335829
            ],
            [
              -123.1058140689046,
              49.267002595296475
            ],
            [
              -123.10581474550159,
              49.26700388908166
            ],
            [
              -123.10581156913585,
              49.26709378823942
            ],
            [
              -123.10561249701995,
              49.26709128176242
            ],
            [
              -123.10560742790695,
              49.26709138033182
            ],
            [
              -123.10560239800333,
              49.26709180261841
            ],
            [
              -123.10559745574105,
              49.26709254455608
            ],
            [
              -123.10559264870818,
              49.26709359900085
            ],
            [
              -123.10558802319072,
              49.26709495579969
            ],
            [
              -123.10558362372683,
              49.26709660188824
            ],
            [
              -123.10557949267812,
              49.26709852141664
            ],
            [
              -123.10557566982163,
              49.26710069590212
            ],
            [
              -123.10557219196691,
              49.267103104407
            ],
            [
              -123.10556909260153,
              49.267105723740244
            ],
            [
              -123.10556640156867,
              49.26710852868082
            ],
            [
              -123.10556414477975,
              49.267111492220494
            ],
            [
              -123.10556234396498,
              49.267114585823926
            ],
            [
              -123.10556101646401,
              49.26711777970342
            ],
            [
              -123.10556017505911,
              49.26712104310573
            ],
            [
              -123.105559827852,
              49.267124344608206
            ],
            [
              -123.10555632785201,
              49.26724184460821
            ],
            [
              -123.10555647805987,
              49.26724515137866
            ],
            [
              -123.1055571240492,
              49.267248432635625
            ],
            [
              -123.10555825960387,
              49.26725165680447
            ],
            [
              -123.10555987379674,
              49.26725479285989
            ],
            [
              -123.10556195109486,
              49.267257810624486
            ],
            [
              -123.10556447150896,
              49.26726068105915
            ],
            [
              -123.1055674107858,
              49.26726337654246
            ],
            [
              -123.10557074064151,
              49.26726587113653
            ],
            [
              -123.10557442903382,
              49.26726814083656
            ],
            [
              -123.10557844047034,
              49.267270163801854
            ],
            [
              -123.1055827363501,
              49.26727192056596
            ],
            [
              -123.10558727533504,
              49.267273394224034
            ],
            [
              -123.10559201374774,
              49.26727457059546
            ],
            [
              -123.10559690599177,
              49.267275438360336
            ],
            [
              -123.1056019049904,
              49.267275989168404
            ],
            [
              -123.10560696263963,
              49.26727621771939
            ],
            [
              -123.10576150390033,
              49.267278242277385
            ],
            [
              -123.1057605266479,
              49.26731388627368
            ],
            [
              -123.10575972633569,
              49.26734209766113
            ],
            [
              -123.10575914728672,
              49.26736324997939
            ],
            [
              -123.10539797233484,
              49.2673556787358
            ],
            [
              -123.10541771599625,
              49.26734065128851
            ]
          ]
        ]
      },
      "properties": {
        "feature_type": "forest_area",
        "patch_id": 58,
        "tree_count": 10
      }
    },
    {
      "type": "Feature",
      "geometry": {
        "type": "Polygon",
        "coordinates": [
          [
            [
              -123.10564450307298,
              49.26659487810158
            ],
            [
              -123.10564149891985,
              49.2665879071856
            ],
            [
              -123.1056237754231,
              49.26653709346063
            ],
            [
              -123.10599404381837,
              49.266546240200164
            ],
            [
              -123.10634724530175,
              49.26655504023642
            ],
            [
              -123.10657714530174,
              49.26656074023642
            ],
            [
              -123.10657750101063,
              49.2665607483887
            ],
            [
              -123.10663460151581,
              49.26656194999865
            ],
            [
              -123.10663332856214,
              49.26659203413708
            ],
            [
              -123.10663227460043,
              49.26660458586288
            ],
            [
              -123.10663223344828,
              49.26660514728943
            ],
            [
              -123.10661094694903,
              49.26694499087713
            ],
            [
              -123.10656470404025,
              49.266944132142015
            ],
            [
              -123.10640670236762,
              49.266941225353634
            ],
            [
              -123.1064074735973,
              49.26691114739635
            ],
            [
              -123.10651363676709,
              49.26691228000485
            ],
            [
              -123.10651701839154,
              49.26691220766298
            ],
            [
              -123.10652037283761,
              49.26691191923877
            ],
            [
              -123.10652366775754,
              49.26691141751357
            ],
            [
              -123.10652687137767,
              49.26691070732562
            ],
            [
              -123.10652995280475,
              49.266909795523446
            ],
            [
              -123.10653288232383,
              49.266908690899754
            ],
            [
              -123.1065356316849,
              49.266907404106696
            ],
            [
              -123.10653817437523,
              49.26690594755312
            ],
            [
              -123.10654048587504,
              49.26690433528491
            ],
            [
              -123.10654254389401,
              49.26690258284955
            ],
            [
              -123.10654432858617,
              49.26690070714618
            ],
            [
              -123.10654582274132,
              49.266898726262646
            ],
            [
              -123.106547011951,
              49.26689665930107
            ],
            [
              -123.10654788474733,
              49.26689452619365
            ],
            [
              -123.10654843271378,
              49.26689234751044
            ],
            [
              -123.10654865056615,
              49.26689014426099
            ],
            [
              -123.1065499226087,
              49.26683594111417
            ],
            [
              -123.1065536471837,
              49.26683598011495
            ],
            [
              -123.10655702668382,
              49.26683590721821
            ],
            [
              -123.10656037895932,
              49.266835618510946
            ],
            [
              -123.10656367172344,
              49.2668351167738
            ],
            [
              -123.1065668732626,
              49.26683440683914
            ],
            [
              -123.10656995274182,
              49.266833495544546
            ],
            [
              -123.10657288050177,
              49.26683239166698
            ],
            [
              -123.1065756283443,
              49.266831105838214
            ],
            [
              -123.10657816980414,
              49.26682965044243
            ],
            [
              -123.10658048040374,
              49.266828039496986
            ],
            [
              -123.10658253788903,
              49.26682628851736
            ],
            [
              -123.10658432244377,
              49.26682441436776
            ],
            [
              -123.10658581688037,
              49.26682243509867
            ],
            [
              -123.1065870068055,
              49.266820369773015
            ],
            [
              -123.10658788075862,
              49.26681823828255
            ],
            [
              -123.10658843032246,
              49.2668160611563
            ],
            [
              -123.10658865020396,
              49.26681385936279
            ],
            [
              -123.10659365020396,
              49.266609759362794
            ],
            [
              -123.10659353824914,
              49.266607553820855
            ],
            [
              -123.10659309548622,
              49.26660536606466
            ],
            [
              -123.10659232618069,
              49.26660321717062
            ],
            [
              -123.10659123774387,
              49.26660112784078
            ],
            [
              -123.10658984066158,
              49.266599118203324
            ],
            [
              -123.10658814839304,
              49.26659720761873
            ],
            [
              -123.10658617724124,
              49.2665954144932
            ],
            [
              -123.10658394619585,
              49.26659375610136
            ],
            [
              -123.10658147675038,
              49.26659224841983
            ],
            [
              -123.10657879269496,
              49.266590905973345
            ],
            [
              -123.10657591988728,
              49.266589741694766
            ],
            [
              -123.1065728860034,
              49.26658876680052
            ],
            [
              -123.1065697202712,
              49.26658799068257
            ],
            [
              -123.10656645318872,
              49.266587420817864
            ],
            [
              -123.10656311623042,
              49.26658706269639
            ],
            [
              -123.10655974154389,
              49.266586919768216
            ],
            [
              -123.10614054154388,
              49.266582619768215
            ],
            [
              -123.1061402073254,
              49.26658262704776
            ],
            [
              -123.10613987834003,
              49.266582617131064
            ],
            [
              -123.10609647834004,
              49.266582717131065
            ],
            [
              -123.10609300142609,
              49.266582839955475
            ],
            [
              -123.1060895612653,
              49.26658319114875
            ],
            [
              -123.10608619299292,
              49.26658376712406
            ],
            [
              -123.10608293100996,
              49.26658456199883
            ],
            [
              -123.10607980863192,
              49.2665855676548
            ],
            [
              -123.1060768577484,
              49.26658677382095
            ],
            [
              -123.10607410849758,
              49.26658816817838
            ],
            [
              -123.10607158895823,
              49.266589736486175
            ],
            [
              -123.10606932486306,
              49.2665914627268
            ],
            [
              -123.10606733933587,
              49.26659332926972
            ],
            [
              -123.10606565265533,
              49.26659531705145
            ],
            [
              -123.10606563861498,
              49.26659533844804
            ],
            [
              -123.1059896987781,
              49.26660563039108
            ],
            [
              -123.10580663268699,
              49.26660115930609
            ],
            [
              -123.10580674755467,
              49.26659745482359
            ],
            [
              -123.1058066499625,
              49.266595249061716
            ],
            [
              -123.10580622147053,
              49.26659306016697
            ],
            [
              -123.1058054662065,
              49.266590909225386
            ],
            [
              -123.10580439144604,
              49.26658881695741
            ],
            [
              -123.1058030075425,
              49.26658680351825
            ],
            [
              -123.10580132782731,
              49.26658488830377
            ],
            [
              -123.10579936848147,
              49.26658308976358
            ],
            [
              -123.10579714837974,
              49.26658142522338
            ],
            [
              -123.10579468890879,
              49.266579910717994
            ],
            [
              -123.10579201376116,
              49.26657856083695
            ],
            [
              -123.1057891487071,
              49.26657738858391
            ],
            [
              -123.10578612134618,
              49.26657640525141
            ],
            [
              -123.1057829608416,
              49.266575620312096
            ],
            [
              -123.10577969763906,
              49.266575041327414
            ],
            [
              -123.10577636317366,
              49.26657467387486
            ],
            [
              -123.10577298956692,
              49.26657452149416
            ],
            [
              -123.10570408956691,
              49.26657362149416
            ],
            [
              -123.10570071058376,
              49.26657368558851
            ],
            [
              -123.10569735748884,
              49.26657396544323
            ],
            [
              -123.10569406255892,
              49.266574458364424
            ],
            [
              -123.1056908575109,
              49.266575159607264
            ],
            [
              -123.10568777319644,
              49.2665760624216
            ],
            [
              -123.10568483930504,
              49.26657715811699
            ],
            [
              -123.10568208407827,
              49.26657843614629
            ],
            [
              -123.10567953403783,
              49.26657988420724
            ],
            [
              -123.10567721373033,
              49.266581488360856
            ],
            [
              -123.10567514549096,
              49.266583233165605
            ],
            [
              -123.10567334922852,
              49.26658510182607
            ],
            [
              -123.10567184223378,
              49.266587076354575
            ],
            [
              -123.10567063901301,
              49.26658913774438
            ],
            [
              -123.10566975114838,
              49.26659126615262
            ],
            [
              -123.10566918718645,
              49.26659344109131
            ],
            [
              -123.1056689566827,
              49.26659560292038
            ],
            [
              -123.10564476276605,
              49.26659530882901
            ],
            [
              -123.10564450307298,
              49.26659487810158
            ]
          ]
        ]
      },
      "properties": {
        "feature_type": "forest_area",
        "patch_id": 59,
        "tree_count": 4
      }
    },
    {
      "type": "Feature",
      "geometry": {
        "type": "Polygon",
        "coordinates": [
          [
            [
              -123.1055961512018,
              49.2664515996722
            ],
            [
              -123.10559640062311,
              49.26644450415064
            ],
            [
              -123.10559772020788,
              49.26643745919115
            ],
            [
              -123.10559845155414,
              49.266435328191925
            ],
            [
              -123.1057303611046,
              49.26643767465989
            ],
            [
              -123.10573372269519,
              49.26643762735908
            ],
            [
              -123.1057370612132,
              49.26643736647113
            ],
            [
              -123.10574034486427,
              49.26643689448061
            ],
            [
              -123.10574354237649,
              49.26643621588253
            ],
            [
              -123.10574662329833,
              49.26643533713951
            ],
            [
              -123.10574955828862,
              49.26643426662028
            ],
            [
              -123.10575231939595,
              49.26643301451993
            ],
            [
              -123.10575488032488,
              49.266431592762856
            ],
            [
              -123.10575721668638,
              49.26643001488917
            ],
            [
              -123.10575930623013,
              49.266428295925756
            ],
            [
              -123.10576112905629,
              49.266426452243195
            ],
            [
              -123.10576266780521,
              49.2664245013998
            ],
            [
              -123.10576390782256,
              49.26642246197444
            ],
            [
              -123.10576414087592,
              49.26642193327597
            ],
            [
              -123.10594320326416,
              49.266424975392994
            ],
            [
              -123.10594658362413,
              49.266424924521075
            ],
            [
              -123.10594983002353,
              49.26642466643144
            ],
            [
              -123.10594886482872,
              49.266439466085174
            ],
            [
              -123.1059488619497,
              49.26643951093264
            ],
            [
              -123.10594730925797,
              49.26646408890657
            ],
            [
              -123.10559659617532,
              49.26645542524188
            ],
            [
              -123.1055961512018,
              49.2664515996722
            ]
          ]
        ]
      },
      "properties": {
        "feature_type": "forest_area",
        "patch_id": 60,
        "tree_count": 4
      }
    },
    {
      "type": "Feature",
      "geometry": {
        "type": "Polygon",
        "coordinates": [
          [
            [
              -123.1059454456784,
              49.26573174103066
            ],
            [
              -123.10594664656023,
              49.265695485836574
            ],
            [
              -123.10594655365948,
              49.26569328022344
            ],
            [
              -123.10594612989377,
              49.265691091173714
            ],
            [
              -123.10594537934445,
              49.26568893977045
            ],
            [
              -123.10594430924017,
              49.265686846734106
            ],
            [
              -123.10594292988726,
              49.26568483222302
            ],
            [
              -123.10594125457045,
              49.265682915639246
            ],
            [
              -123.10593929942497,
              49.26568111544165
            ],
            [
              -123.10593708328109,
              49.2656794489682
            ],
            [
              -123.10593462748281,
              49.265677932268936
            ],
            [
              -123.10593195568228,
              49.26567657995141
            ],
            [
              -123.10592909361196,
              49.26567540503998
            ],
            [
              -123.10592606883688,
              49.265674418850374
            ],
            [
              -123.10592291048908,
              49.265673630880734
            ],
            [
              -123.10591964898704,
              49.26567304872011
            ],
            [
              -123.10591631574275,
              49.26567267797536
            ],
            [
              -123.10591294285915,
              49.265672522217194
            ],
            [
              -123.1057959563902,
              49.26567087594006
            ],
            [
              -123.10573164682711,
              49.26563796718671
            ],
            [
              -123.1056555061714,
              49.26566889947231
            ],
            [
              -123.10556474670133,
              49.265667622271266
            ],
            [
              -123.10545925054349,
              49.26566612232589
            ],
            [
              -123.10545586759102,
              49.265666182707
            ],
            [
              -123.10545251003514,
              49.265666459362556
            ],
            [
              -123.1054492102684,
              49.26566694962348
            ],
            [
              -123.10544600012585,
              49.26566764875989
            ],
            [
              -123.10544291057785,
              49.26566855002676
            ],
            [
              -123.10543997143131,
              49.26566964472897
            ],
            [
              -123.10543721104212,
              49.26567092230521
            ],
            [
              -123.10543465604157,
              49.265672370429854
            ],
            [
              -123.10543312078048,
              49.26567343007576
            ],
            [
              -123.10543168316043,
              49.265672348886
            ],
            [
              -123.10542922366547,
              49.26567083013336
            ],
            [
              -123.10542654758528,
              49.26566947625478
            ],
            [
              -123.10542368076754,
              49.265668300327064
            ],
            [
              -123.10542065090222,
              49.26566731370825
            ],
            [
              -123.1054174872541,
              49.26566652592786
            ],
            [
              -123.10541422038015,
              49.26566594459489
            ],
            [
              -123.10541088183442,
              49.26566557532432
            ],
            [
              -123.10540750386313,
              49.26566542168284
            ],
            [
              -123.10535502028395,
              49.265664721901786
            ],
            [
              -123.10524538953275,
              49.265663191924986
            ],
            [
              -123.10523283933385,
              49.26562637929117
            ],
            [
              -123.10662291598956,
              49.265648852992875
            ],
            [
              -123.10667325267457,
              49.26564992971341
            ],
            [
              -123.10667150397998,
              49.2656925155697
            ],
            [
              -123.10667090479757,
              49.26570709567502
            ],
            [
              -123.106656987027,
              49.26603402502739
            ],
            [
              -123.10661416274641,
              49.266033329695226
            ],
            [
              -123.10661398504855,
              49.26603332705131
            ],
            [
              -123.10628925390006,
              49.266028936473816
            ],
            [
              -123.10629085661483,
              49.266002264880946
            ],
            [
              -123.10654568911515,
              49.2660055180618
            ],
            [
              -123.10655075872657,
              49.26600542035642
            ],
            [
              -123.10655578925022,
              49.26600499886863
            ],
            [
              -123.10656073223943,
              49.266004257657585
            ],
            [
              -123.10656554009051,
              49.26600320386156
            ],
            [
              -123.10657016650121,
              49.26600184762917
            ],
            [
              -123.10657456691668,
              49.266000202021694
            ],
            [
              -123.10657869895851,
              49.26599828288722
            ],
            [
              -123.10658252283288,
              49.26599610870806
            ],
            [
              -123.10658600171378,
              49.26599370042276
            ],
            [
              -123.10658910209769,
              49.26599108122441
            ],
            [
              -123.10659179412622,
              49.26598827633734
            ],
            [
              -123.10659405187367,
              49.26598531277413
            ],
            [
              -123.10659585359669,
              49.26598221907551
            ],
            [
              -123.1065971819437,
              49.265979025035506
            ],
            [
              -123.106598024122,
              49.26597576141446
            ],
            [
              -123.10659837202094,
              49.265972459642825
            ],
            [
              -123.10659822229007,
              49.26596915151847
            ],
            [
              -123.1065975763714,
              49.26596586890044
            ],
            [
              -123.10659644048545,
              49.26596264340214
            ],
            [
              -123.10659482557143,
              49.26595950608688
            ],
            [
              -123.10659274718185,
              49.26595648716873
            ],
            [
              -123.10659022533275,
              49.265953615721514
            ],
            [
              -123.10658728431089,
              49.26595091939884
            ],
            [
              -123.10658395243993,
              49.26594842416777
            ],
            [
              -123.10658026180761,
              49.26594615405874
            ],
            [
              -123.10657624795674,
              49.265944130934145
            ],
            [
              -123.10657506754139,
              49.265943648527326
            ],
            [
              -123.10658338644696,
              49.26594377674061
            ],
            [
              -123.10658676608172,
              49.26594372056745
            ],
            [
              -123.10659012101077,
              49.26594344853375
            ],
            [
              -123.10659341893357,
              49.265942963258595
            ],
            [
              -123.10659662809842,
              49.265942269414126
            ],
            [
              -123.10659971760812,
              49.26594137368052
            ],
            [
              -123.10660265771754,
              49.26594028468171
            ],
            [
              -123.10660542011992,
              49.265939012902365
            ],
            [
              -123.10660797821943,
              49.2659375705869
            ],
            [
              -123.1066103073872,
              49.26593597162162
            ],
            [
              -123.10661238519852,
              49.26593423140104
            ],
            [
              -123.10661419164863,
              49.265932366679635
            ],
            [
              -123.10661570934543,
              49.26593039541056
            ],
            [
              -123.10661692367685,
              49.26592833657276
            ],
            [
              -123.10661782295155,
              49.26592620998832
            ],
            [
              -123.1066183985115,
              49.265924036131544
            ],
            [
              -123.10661864481533,
              49.265921835931856
            ],
            [
              -123.10662654481533,
              49.26570563593185
            ],
            [
              -123.10662645944976,
              49.26570343020496
            ],
            [
              -123.10662604316825,
              49.26570124055986
            ],
            [
              -123.10662529997998,
              49.26569908808505
            ],
            [
              -123.10662423704262,
              49.265696993511
            ],
            [
              -123.10662286459332,
              49.265694977010575
            ],
            [
              -123.10662119585012,
              49.26569305800468
            ],
            [
              -123.10661924688473,
              49.26569125497528
            ],
            [
              -123.10661703646761,
              49.26568958528735
            ],
            [
              -123.10661458588731,
              49.265688065021656
            ],
            [
              -123.10661191874536,
              49.265686708819885
            ],
            [
              -123.10660906072903,
              49.26568552974362
            ],
            [
              -123.10660603936387,
              49.26568453914855
            ],
            [
              -123.10660288374865,
              49.26568374657509
            ],
            [
              -123.10659962427512,
              49.26568315965653
            ],
            [
              -123.10659629233528,
              49.265682784045474
            ],
            [
              -123.10659292001905,
              49.26568262335944
            ],
            [
              -123.10614232001906,
              49.26567562335944
            ],
            [
              -123.10613893951724,
              49.26567567915999
            ],
            [
              -123.10613558367965,
              49.265675950932554
            ],
            [
              -123.10613228483187,
              49.26567643605924
            ],
            [
              -123.10612907475056,
              49.26567712986699
            ],
            [
              -123.10612598435726,
              49.26567802567261
            ],
            [
              -123.10612304342065,
              49.26567911484711
            ],
            [
              -123.10612028026974,
              49.26568038689887
            ],
            [
              -123.10611772152097,
              49.26568182957466
            ],
            [
              -123.10611539182187,
              49.26568342897769
            ],
            [
              -123.10611331361362,
              49.265685169701484
            ],
            [
              -123.10611150691483,
              49.26568703497827
            ],
            [
              -123.10610998912881,
              49.26568900684049
            ],
            [
              -123.10610877487585,
              49.26569106629389
            ],
            [
              -123.10610787585243,
              49.26569319350049
            ],
            [
              -123.1061073007185,
              49.26569536796966
            ],
            [
              -123.10610705501415,
              49.26569756875552
            ],
            [
              -123.10610556735311,
              49.265738641136146
            ],
            [
              -123.10609579121613,
              49.26573850432034
            ],
            [
              -123.10609714656022,
              49.26569758583657
            ],
            [
              -123.10609705355655,
              49.265695379348294
            ],
            [
              -123.10609662942595,
              49.265693189445024
            ],
            [
              -123.10609587825653,
              49.2656910372348
            ],
            [
              -123.10609480728866,
              49.26568894346234
            ],
            [
              -123.10609342684516,
              49.26568692830907
            ],
            [
              -123.10609175023188,
              49.26568501119867
            ],
            [
              -123.10608979360933,
              49.26568321060975
            ],
            [
              -123.106087575837,
              49.26568154389784
            ],
            [
              -123.10608511829155,
              49.26568002712803
            ],
            [
              -123.10608244466074,
              49.26567867492015
            ],
            [
              -123.10607958071519,
              49.26567750030786
            ],
            [
              -123.10607655405985,
              49.26567651461301
            ],
            [
              -123.10607339386807,
              49.26567572733651
            ],
            [
              -123.10607013060026,
              49.265675146066755
            ],
            [
              -123.1060667957104,
              49.26567477640649
            ],
            [
              -123.10606342134284,
              49.26567462191879
            ],
            [
              -123.10598292134284,
              49.26567352191879
            ],
            [
              -123.10597954291299,
              49.265673583946764
            ],
            [
              -123.10597619005043,
              49.26567386166874
            ],
            [
              -123.1059728950174,
              49.26567435241239
            ],
            [
              -123.10596968951972,
              49.26567505145564
            ],
            [
              -123.10596660440164,
              49.26567595207208
            ],
            [
              -123.1059636693491,
              49.26567704559571
            ],
            [
              -123.10596091260405,
              49.26567832150431
            ],
            [
              -123.10595836069271,
              49.265679767520716
            ],
            [
              -123.10595603817036,
              49.26568136973091
            ],
            [
              -123.105953967385,
              49.265683112717966
            ],
            [
              -123.10595216826236,
              49.265684979710315
            ],
            [
              -123.10595065811412,
              49.2656869527432
            ],
            [
              -123.10594945147139,
              49.265689012831515
            ],
            [
              -123.10594855994485,
              49.26569114015247
            ],
            [
              -123.10594799211302,
              49.26569331423633
            ],
            [
              -123.10594775343978,
              49.265695514163426
            ],
            [
              -123.10594655058699,
              49.265731828861796
            ],
            [
              -123.1059454456784,
              49.26573174103066
            ]
          ]
        ]
      },
      "properties": {
        "feature_type": "forest_area",
        "patch_id": 61,
        "tree_count": 13
      }
    },
    {
      "type": "Feature",
      "geometry": {
        "type": "Polygon",
        "coordinates": [
          [
            [
              -123.10518065241087,
              49.2655290468364
            ],
            [
              -123.10517622908824,
              49.26552272852794
            ],
            [
              -123.10517276015636,
              49.26551616131113
            ],
            [
              -123.10517027795261,
              49.26550940640556
            ],
            [
              -123.10516880561609,
              49.265502526780494
            ],
            [
              -123.10516835687193,
              49.26549558656778
            ],
            [
              -123.10516857528188,
              49.26549297027766
            ],
            [
              -123.10517164268752,
              49.26549292643567
            ],
            [
              -123.10517499739859,
              49.26549266245354
            ],
            [
              -123.10517829635018,
              49.26549218531247
            ],
            [
              -123.10518150781287,
              49.2654914996016
            ],
            [
              -123.10518460089875,
              49.265490611916135
            ],
            [
              -123.10518754585848,
              49.265489530793836
            ],
            [
              -123.10519031436735,
              49.26548826663296
            ],
            [
              -123.1051928797978,
              49.265486831592234
            ],
            [
              -123.10519358710582,
              49.2654863498671
            ],
            [
              -123.10521122435584,
              49.26548665851898
            ],
            [
              -123.10521349878844,
              49.265487413804244
            ],
            [
              -123.10521664805584,
              49.26548821694314
            ],
            [
              -123.1052199027975,
              49.265488814786195
            ],
            [
              -123.10522323166815,
              49.26548920157579
            ],
            [
              -123.10522660260864,
              49.265489373586895
            ],
            [
              -123.10535360260863,
              49.265491773586895
            ],
            [
              -123.10535698311135,
              49.26549172916489
            ],
            [
              -123.10536034066376,
              49.26549146874118
            ],
            [
              -123.10536364293131,
              49.26549099482373
            ],
            [
              -123.10536685811186,
              49.265490311976556
            ],
            [
              -123.10536995524195,
              49.26548942677575
            ],
            [
              -123.10537290449501,
              49.26548834774615
            ],
            [
              -123.10537567746854,
              49.265487085279226
            ],
            [
              -123.10537824745774,
              49.26548565153304
            ],
            [
              -123.10538058971257,
              49.26548406031514
            ],
            [
              -123.10538268167619,
              49.26548232694957
            ],
            [
              -123.1053845032022,
              49.26548046812933
            ],
            [
              -123.10538603674856,
              49.265478501755595
            ],
            [
              -123.10538661380642,
              49.26547753827642
            ],
            [
              -123.10538731176571,
              49.26547757375915
            ],
            [
              -123.1055315117657,
              49.26548027375915
            ],
            [
              -123.10553454312092,
              49.26548023338789
            ],
            [
              -123.10553458033746,
              49.26548026772285
            ],
            [
              -123.10553679317557,
              49.26548193497495
            ],
            [
              -123.10553924571556,
              49.26548345271933
            ],
            [
              -123.1055419143543,
              49.26548480634931
            ],
            [
              -123.10554477340898,
              49.265485982837625
            ],
            [
              -123.10554779536422,
              49.265486970861815
            ],
            [
              -123.10555095113688,
              49.265487760913196
            ],
            [
              -123.10555421035599,
              49.265488345388356
            ],
            [
              -123.105557541655,
              49.26548871866234
            ],
            [
              -123.1055609129737,
              49.265488877142786
            ],
            [
              -123.10564816000884,
              49.265490177950554
            ],
            [
              -123.10564839915409,
              49.26549029938793
            ],
            [
              -123.10565125706451,
              49.26549147681819
            ],
            [
              -123.10565427801374,
              49.26549246586427
            ],
            [
              -123.10565743293172,
              49.26549325700876
            ],
            [
              -123.10566069145926,
              49.265493842638605
            ],
            [
              -123.10566402224013,
              49.26549421711841
            ],
            [
              -123.10566739322284,
              49.265494376844615
            ],
            [
              -123.1057364297227,
              49.26549543198762
            ],
            [
              -123.10573605274924,
              49.26550733547907
            ],
            [
              -123.10573614887912,
              49.26550954123455
            ],
            [
              -123.10573657590983,
              49.26551173021689
            ],
            [
              -123.10573732972784,
              49.26551388133986
            ],
            [
              -123.1057384030717,
              49.2655159738819
            ],
            [
              -123.105739785602,
              49.26551798768577
            ],
            [
              -123.10574146400094,
              49.265519903352704
            ],
            [
              -123.1057434221007,
              49.265521702429275
            ],
            [
              -123.1057456410391,
              49.26552336758517
            ],
            [
              -123.10574809944134,
              49.265524882780106
            ],
            [
              -123.10575077362587,
              49.26552623341836
            ],
            [
              -123.10575363783255,
              49.26552740648938
            ],
            [
              -123.10575666447076,
              49.26552839069309
            ],
            [
              -123.10575982438522,
              49.26552917654876
            ],
            [
              -123.10576308713678,
              49.265529756486316
            ],
            [
              -123.1057664212957,
              49.26553012491928
            ],
            [
              -123.10576979474435,
              49.26553027829858
            ],
            [
              -123.10597189333411,
              49.26553297827974
            ],
            [
              -123.1061142698317,
              49.265534888000424
            ],
            [
              -123.10616822120565,
              49.265560538162774
            ],
            [
              -123.10519310178312,
              49.265544773173886
            ],
            [
              -123.10518065241087,
              49.2655290468364
            ]
          ]
        ]
      },
      "properties": {
        "feature_type": "forest_area",
        "patch_id": 62,
        "tree_count": 10
      }
    },
    {
      "type": "Feature",
      "geometry": {
        "type": "Polygon",
        "coordinates": [
          [
            [
              -123.10548076150971,
              49.26502256312107
            ],
            [
              -123.10549017215479,
              49.26501886320226
            ],
            [
              -123.10550010038746,
              49.265015792820805
            ],
            [
              -123.10551044762097,
              49.26501338246542
            ],
            [
              -123.10552111110788,
              49.26501165607079
            ],
            [
              -123.1055319849604,
              49.265010630779926
            ],
            [
              -123.10554296120178,
              49.26501031677389
            ],
            [
              -123.10555243441641,
              49.265010662550644
            ],
            [
              -123.10554946312331,
              49.26507107884356
            ],
            [
              -123.10554952060691,
              49.26507328475002
            ],
            [
              -123.10554990913705,
              49.26507547635949
            ],
            [
              -123.10555062497252,
              49.26507763256851
            ],
            [
              -123.10555166122037,
              49.26507973261448
            ],
            [
              -123.10555300790236,
              49.2650817562756
            ],
            [
              -123.10555465205098,
              49.2650836840656
            ],
            [
              -123.10555657783438,
              49.26508549742139
            ],
            [
              -123.10555876670878,
              49.265087178881764
            ],
            [
              -123.10556119759704,
              49.26508871225558
            ],
            [
              -123.10556384709162,
              49.26509008277766
            ],
            [
              -123.10556668967993,
              49.26509127725095
            ],
            [
              -123.10556969799013,
              49.26509228417361
            ],
            [
              -123.10557284305453,
              49.265093093849764
            ],
            [
              -123.10557609458863,
              49.265093698482865
            ],
            [
              -123.10557942128271,
              49.26509409225077
            ],
            [
              -123.10558279110332,
              49.26509427136181
            ],
            [
              -123.10576449742318,
              49.265098089450674
            ],
            [
              -123.10576749067044,
              49.26509960140551
            ],
            [
              -123.10577148357011,
              49.2650982362465
            ],
            [
              -123.10579219110332,
              49.26509867136181
            ],
            [
              -123.10579557251772,
              49.26509863405179
            ],
            [
              -123.10579893203769,
              49.26509838060228
            ],
            [
              -123.10580223729613,
              49.265097913455136
            ],
            [
              -123.10580545644875,
              49.26509723711105
            ],
            [
              -123.10580855848082,
              49.265096358086225
            ],
            [
              -123.105811513506,
              49.265095284849565
            ],
            [
              -123.1058142930543,
              49.265094027741114
            ],
            [
              -123.1058168703463,
              49.265092598872386
            ],
            [
              -123.10581922055127,
              49.26509101200975
            ],
            [
              -123.10582132102628,
              49.265089282441714
            ],
            [
              -123.10582315153448,
              49.26508742683171
            ],
            [
              -123.1058246944399,
              49.26508546305749
            ],
            [
              -123.10582593487754,
              49.26508341003892
            ],
            [
              -123.10582686089647,
              49.265081287555674
            ],
            [
              -123.10582746357504,
              49.26507911605669
            ],
            [
              -123.10582746606688,
              49.265079096018596
            ],
            [
              -123.10585571550864,
              49.265069437629194
            ],
            [
              -123.10600085275387,
              49.265072868273194
            ],
            [
              -123.1060042324847,
              49.265072839905024
            ],
            [
              -123.10600759169316,
              49.265072595582225
            ],
            [
              -123.10601089805128,
              49.26507213765607
            ],
            [
              -123.1060141197397,
              49.265071470533506
            ],
            [
              -123.1060172257539,
              49.265070600634715
            ],
            [
              -123.10602018620258,
              49.265069536331325
            ],
            [
              -123.1060229725953,
              49.265068287865866
            ],
            [
              -123.10602555811667,
              49.26506686725317
            ],
            [
              -123.10602791788448,
              49.26506528816477
            ],
            [
              -123.10603002918901,
              49.265063565797334
            ],
            [
              -123.10603187171176,
              49.26506171672637
            ],
            [
              -123.10603342772086,
              49.26505975874677
            ],
            [
              -123.10603468224177,
              49.26505771070152
            ],
            [
              -123.10603562320135,
              49.265055592300364
            ],
            [
              -123.10603624154412,
              49.26505342393013
            ],
            [
              -123.10603647385636,
              49.26505166222138
            ],
            [
              -123.10606158476358,
              49.265056897525255
            ],
            [
              -123.1060598175225,
              49.26512010140207
            ],
            [
              -123.10540695519711,
              49.265107182703915
            ],
            [
              -123.10540700533166,
              49.26510714859644
            ],
            [
              -123.10540909470961,
              49.26510541497793
            ],
            [
              -123.10541091373156,
              49.26510355611599
            ],
            [
              -123.10541244489299,
              49.26510158989849
            ],
            [
              -123.10541367345951,
              49.2650995352464
            ],
            [
              -123.10541458760859,
              49.26509741193167
            ],
            [
              -123.10541517854337,
              49.26509524038701
            ],
            [
              -123.10541544057725,
              49.265093041509246
            ],
            [
              -123.10541730524696,
              49.26505041461115
            ],
            [
              -123.10548076150971,
              49.26502256312107
            ]
          ]
        ]
      },
      "properties": {
        "feature_type": "forest_area",
        "patch_id": 63,
        "tree_count": 3
      }
    },
    {
      "type": "Feature",
      "geometry": {
        "type": "Polygon",
        "coordinates": [
          [
            [
              -123.10648373948725,
              49.26518452955829
            ],
            [
              -123.10648599465034,
              49.26519133532811
            ],
            [
              -123.10648723102979,
              49.26519825148004
            ],
            [
              -123.10648743704469,
              49.265205213232015
            ],
            [
              -123.10648661076536,
              49.26521215537487
            ],
            [
              -123.10648475993138,
              49.2652190128831
            ],
            [
              -123.10648316442952,
              49.26522275796816
            ],
            [
              -123.10639941613456,
              49.26522162184788
            ],
            [
              -123.10639941201653,
              49.26522162192396
            ],
            [
              -123.10639940790662,
              49.265221621736906
            ],
            [
              -123.10598180790662,
              49.26521602173691
            ],
            [
              -123.10597842181463,
              49.26521608501592
            ],
            [
              -123.10597506161069,
              49.26521636496427
            ],
            [
              -123.10597175977547,
              49.265216858875874
            ],
            [
              -123.1059685482254,
              49.26521756197647
            ],
            [
              -123.10596545800419,
              49.26521846746969
            ],
            [
              -123.10596364959075,
              49.265219143778836
            ],
            [
              -123.1059615537183,
              49.26521784696325
            ],
            [
              -123.10595888829845,
              49.26521649486502
            ],
            [
              -123.10595603288556,
              49.265215319479665
            ],
            [
              -123.10595301489529,
              49.265214332092384
            ],
            [
              -123.10594986330419,
              49.26521354218337
            ],
            [
              -123.1059466083716,
              49.26521295733676
            ],
            [
              -123.105943281349,
              49.265212583167816
            ],
            [
              -123.10593991418011,
              49.265212423269055
            ],
            [
              -123.1059010141801,
              49.265211823269055
            ],
            [
              -123.1058976245204,
              49.2652118798914
            ],
            [
              -123.10589425980434,
              49.265212153653756
            ],
            [
              -123.10589095261943,
              49.265212641904725
            ],
            [
              -123.10588773499592,
              49.26521333991556
            ],
            [
              -123.10588463809665,
              49.26521424092599
            ],
            [
              -123.10588169191531,
              49.265215336209685
            ],
            [
              -123.10587892498582,
              49.26521661515875
            ],
            [
              -123.10587636410602,
              49.2652180653865
            ],
            [
              -123.10587605964874,
              49.265218275428275
            ],
            [
              -123.10577974165689,
              49.26521692220029
            ],
            [
              -123.10577635986932,
              49.26521698309367
            ],
            [
              -123.10577300353563,
              49.26521726011172
            ],
            [
              -123.10576970501474,
              49.265217750583645
            ],
            [
              -123.10576649610815,
              49.265218449780754
            ],
            [
              -123.10576340775339,
              49.265219350961985
            ],
            [
              -123.10576046972577,
              49.265220445438906
            ],
            [
              -123.1057577103512,
              49.26522172265951
            ],
            [
              -123.10575515623326,
              49.26522317030994
            ],
            [
              -123.10575283199654,
              49.265224774433165
            ],
            [
              -123.10575076004935,
              49.26522651956362
            ],
            [
              -123.10574896036765,
              49.26522838887623
            ],
            [
              -123.10574745030242,
              49.265230364348696
            ],
            [
              -123.1057462444124,
              49.26523242693519
            ],
            [
              -123.1057453543238,
              49.265234556750016
            ],
            [
              -123.10574478861805,
              49.26523673325932
            ],
            [
              -123.10574455274923,
              49.26523893547907
            ],
            [
              -123.1057417994732,
              49.2653258742187
            ],
            [
              -123.10570529711342,
              49.265325323008575
            ],
            [
              -123.10570192055381,
              49.26532538008557
            ],
            [
              -123.10569856878396,
              49.265325652628974
            ],
            [
              -123.105695274016,
              49.2653261380195
            ],
            [
              -123.10569206791429,
              49.265326831592326
            ],
            [
              -123.10568898129105,
              49.26532772668185
            ],
            [
              -123.10568604381022,
              49.265328814685844
            ],
            [
              -123.10568328370246,
              49.265330085148044
            ],
            [
              -123.1056817568061,
              49.265330945725594
            ],
            [
              -123.10567948738527,
              49.26532979444697
            ],
            [
              -123.10567662844502,
              49.265328617844794
            ],
            [
              -123.10567360658675,
              49.26532762969976
            ],
            [
              -123.10567045089256,
              49.26532683952169
            ],
            [
              -123.1056671917326,
              49.26532625491521
            ],
            [
              -123.10566386047282,
              49.26532588150651
            ],
            [
              -123.10566048917296,
              49.265325722889266
            ],
            [
              -123.10560028917295,
              49.26532482288927
            ],
            [
              -123.10559689911942,
              49.26532488114003
            ],
            [
              -123.10559353426237,
              49.26532515657743
            ],
            [
              -123.10559022719946,
              49.26532564653312
            ],
            [
              -123.10558700996843,
              49.26532634626057
            ],
            [
              -123.10558391373677,
              49.265327248981045
            ],
            [
              -123.10558096849977,
              49.265328345949285
            ],
            [
              -123.10557820278991,
              49.26532962653822
            ],
            [
              -123.10557564340054,
              49.26533107834191
            ],
            [
              -123.10557331512615,
              49.26533268729576
            ],
            [
              -123.10557124052231,
              49.26533443781274
            ],
            [
              -123.10556943968712,
              49.26533631293442
            ],
            [
              -123.10556815515723,
              49.26533799903624
            ],
            [
              -123.10556813263518,
              49.265337965545854
            ],
            [
              -123.10556647585975,
              49.26533604071886
            ],
            [
              -123.10556453777816,
              49.265334231200164
            ],
            [
              -123.10556233707698,
              49.26533255443669
            ],
            [
              -123.10555989497473,
              49.265331026595355
            ],
            [
              -123.10555723501757,
              49.26532966240721
            ],
            [
              -123.1055543828521,
              49.26532847502541
            ],
            [
              -123.10555136597819,
              49.26532747589838
            ],
            [
              -123.10554821348373,
              49.26532667465944
            ],
            [
              -123.10554495576429,
              49.26532607903394
            ],
            [
              -123.10554162422993,
              49.26532569476474
            ],
            [
              -123.10553825100247,
              49.26532552555687
            ],
            [
              -123.10539395100248,
              49.265322925556866
            ],
            [
              -123.10539057130924,
              49.26532297291704
            ],
            [
              -123.10538721499535,
              49.26532323616747
            ],
            [
              -123.10538391436977,
              49.26532371277401
            ],
            [
              -123.10538070120535,
              49.265324398148714
            ],
            [
              -123.10537760643304,
              49.265325285693926
            ],
            [
              -123.10537465984413,
              49.26532636686586
            ],
            [
              -123.1053718898034,
              49.26532763125681
            ],
            [
              -123.10536932297614,
              49.265329066695344
            ],
            [
              -123.10536698407148,
              49.26533065936348
            ],
            [
              -123.10536489560444,
              49.265332393929675
            ],
            [
              -123.10536483021748,
              49.26533246082159
            ],
            [
              -123.10536480128654,
              49.265332402803644
            ],
            [
              -123.10536344533536,
              49.2653303821796
            ],
            [
              -123.10536179246641,
              49.26532845798727
            ],
            [
              -123.10535985859023,
              49.265326648748974
            ],
            [
              -123.10535766232238,
              49.26532497188048
            ],
            [
              -123.10535522480416,
              49.265323443523336
            ],
            [
              -123.10535256949915,
              49.26532207838955
            ],
            [
              -123.10534972196737,
              49.26532088961993
            ],
            [
              -123.10534670961924,
              49.26531988865757
            ],
            [
              -123.10534356145163,
              49.26531908513778
            ],
            [
              -123.10534030776891,
              49.26531848679524
            ],
            [
              -123.10533697989106,
              49.2653180993896
            ],
            [
              -123.1053336098523,
              49.265317926650056
            ],
            [
              -123.10523430985229,
              49.265316026650055
            ],
            [
              -123.10523092853796,
              49.26531607030935
            ],
            [
              -123.1052275700724,
              49.26531633007614
            ],
            [
              -123.10522426681403,
              49.26531680344759
            ],
            [
              -123.10522105058938,
              49.26531748586283
            ],
            [
              -123.10521795238638,
              49.26531837074686
            ],
            [
              -123.10521500205587,
              49.26531944957394
            ],
            [
              -123.10521222802396,
              49.26532071194967
            ],
            [
              -123.1052096570181,
              49.265322145711224
            ],
            [
              -123.10520864039265,
              49.26532283612777
            ],
            [
              -123.1052092886886,
              49.26529762082724
            ],
            [
              -123.10523466018125,
              49.265297880249456
            ],
            [
              -123.10523803570477,
              49.26529780673286
            ],
            [
              -123.10524138398044,
              49.265297517913424
            ],
            [
              -123.1052446728352,
              49.26529701656636
            ],
            [
              -123.10524787066693,
              49.26529630750903
            ],
            [
              -123.10525094674817,
              49.265295397554674
            ],
            [
              -123.10525387152134,
              49.26529429544689
            ],
            [
              -123.10525661688274,
              49.26529301177567
            ],
            [
              -123.1052591564526,
              49.2652915588756
            ],
            [
              -123.1052614658286,
              49.26528995070739
            ],
            [
              -123.1052635228203,
              49.26528820272367
            ],
            [
              -123.10526530766238,
              49.265286331720546
            ],
            [
              -123.10526680320456,
              49.2652843556762
            ],
            [
              -123.10526799507642,
              49.265282293578146
            ],
            [
              -123.10526887182542,
              49.26528016524075
            ],
            [
              -123.10526942502705,
              49.2652779911149
            ],
            [
              -123.10526964936565,
              49.26527579209142
            ],
            [
              -123.10527134936565,
              49.265212192091425
            ],
            [
              -123.10527124262094,
              49.26520998877818
            ],
            [
              -123.10527080572653,
              49.26520780287696
            ],
            [
              -123.1052700428825,
              49.26520565540171
            ],
            [
              -123.10526896142235,
              49.265203566997
            ],
            [
              -123.10526757174262,
              49.26520155773953
            ],
            [
              -123.10526588720285,
              49.2651996469451
            ],
            [
              -123.10526392399723,
              49.26519785298297
            ],
            [
              -123.10526170099885,
              49.26519619309922
            ],
            [
              -123.10525923957832,
              49.26519468325101
            ],
            [
              -123.10525656339826,
              49.26519333795312
            ],
            [
              -123.10525369818589,
              49.26519217013845
            ],
            [
              -123.10525067148569,
              49.26519119103367
            ],
            [
              -123.10524751239456,
              49.26519041005134
            ],
            [
              -123.10524425128212,
              49.26518983469934
            ],
            [
              -123.1052409194988,
              49.26518947050878
            ],
            [
              -123.10523754907439,
              49.26518932098077
            ],
            [
              -123.1052205401437,
              49.26518911185457
            ],
            [
              -123.10522114914157,
              49.265166800387355
            ],
            [
              -123.10522104329209,
              49.26516459420495
            ],
            [
              -123.10522060643241,
              49.2651624054273
            ],
            [
              -123.10521984277311,
              49.26516025515045
            ],
            [
              -123.10521932389243,
              49.26515925338934
            ],
            [
              -123.10539541522635,
              49.26516273784648
            ],
            [
              -123.10539532353647,
              49.265162856238064
            ],
            [
              -123.10539410140963,
              49.26516491394332
            ],
            [
              -123.10539319431956,
              49.26516703991967
            ],
            [
              -123.10539261100568,
              49.26516921368424
            ],
            [
              -123.10539235708795,
              49.26517141429376
            ],
            [
              -123.10538985708794,
              49.26523401429376
            ],
            [
              -123.10538993459446,
              49.26523621676462
            ],
            [
              -123.10539034206143,
              49.26523840371207
            ],
            [
              -123.10539107557653,
              49.26524055413807
            ],
            [
              -123.10539212809692,
              49.265242647395226
            ],
            [
              -123.1053934895168,
              49.26524466338509
            ],
            [
              -123.10539514676444,
              49.26524658275106
            ],
            [
              -123.10539708392773,
              49.26524838706429
            ],
            [
              -123.10539928240692,
              49.26525005900062
            ],
            [
              -123.10540172109329,
              49.2652515825069
            ],
            [
              -123.1054043765717,
              49.26525294295514
            ],
            [
              -123.10540722334548,
              49.26525412728295
            ],
            [
              -123.10541023408126,
              49.26525512411898
            ],
            [
              -123.1054133798714,
              49.26525592389207
            ],
            [
              -123.10541663051146,
              49.26525651892319
            ],
            [
              -123.10541995479034,
              49.26525690349912
            ],
            [
              -123.10542332078987,
              49.265257073927344
            ],
            [
              -123.10544281050741,
              49.265257435517654
            ],
            [
              -123.10544215846063,
              49.265272880876005
            ],
            [
              -123.1054422316473,
              49.26527508986542
            ],
            [
              -123.10544263675905,
              49.26527728350011
            ],
            [
              -123.10544336988335,
              49.26527944059426
            ],
            [
              -123.10544442393977,
              49.26528154031492
            ],
            [
              -123.1054457887484,
              49.265283562383274
            ],
            [
              -123.10544745112807,
              49.26528548727043
            ],
            [
              -123.10544939502375,
              49.2652872963861
            ],
            [
              -123.10545160166156,
              49.26528897225807
            ],
            [
              -123.10545404973004,
              49.26529049870099
            ],
            [
              -123.1054567155861,
              49.26529186097267
            ],
            [
              -123.10545957348323,
              49.265293045916465
            ],
            [
              -123.10546259582024,
              49.26529404208836
            ],
            [
              -123.1054657534078,
              49.26529483986743
            ],
            [
              -123.10546901575033,
              49.26529543154885
            ],
            [
              -123.10547235134055,
              49.26529581141823
            ],
            [
              -123.10547572796378,
              49.265295975806836
            ],
            [
              -123.10557862796378,
              49.265297675806835
            ],
            [
              -123.1055820054259,
              49.26529762348836
            ],
            [
              -123.10558535879937,
              49.26529735557708
            ],
            [
              -123.10558865584284,
              49.26529687464887
            ],
            [
              -123.10559186485658,
              49.265296185327635
            ],
            [
              -123.1055949549872,
              49.265295294240936
            ],
            [
              -123.10559789652434,
              49.26529420995622
            ],
            [
              -123.10560066118633,
              49.26529294289843
            ],
            [
              -123.10560322239203,
              49.26529150524982
            ],
            [
              -123.1056055555165,
              49.26528991083281
            ],
            [
              -123.1056076381277,
              49.26528817497708
            ],
            [
              -123.10560945020212,
              49.26528631437217
            ],
            [
              -123.10561097431743,
              49.26528434690705
            ],
            [
              -123.10561219581986,
              49.26528229149811
            ],
            [
              -123.10561310296517,
              49.26528016790727
            ],
            [
              -123.10561368703151,
              49.26527799655201
            ],
            [
              -123.10561394240332,
              49.26527579830902
            ],
            [
              -123.10561804240332,
              49.265175298309025
            ],
            [
              -123.1056179663891,
              49.26517309216215
            ],
            [
              -123.10561755930979,
              49.26517090150422
            ],
            [
              -123.10561682508698,
              49.26516874743871
            ],
            [
              -123.10561599806007,
              49.26516710269177
            ],
            [
              -123.10608040797565,
              49.265176292334495
            ],
            [
              -123.1060812079281,
              49.26517669444233
            ],
            [
              -123.10608550988461,
              49.2651784474021
            ],
            [
              -123.1060900544357,
              49.26517991676729
            ],
            [
              -123.10609479781486,
              49.26518108838711
            ],
            [
              -123.10609969434076,
              49.26518195097822
            ],
            [
              -123.10610469685717,
              49.2651824962334
            ],
            [
              -123.10610975718714,
              49.265182718901535
            ],
            [
              -123.10611482659691,
              49.26518261683822
            ],
            [
              -123.10611985626528,
              49.265182191026376
            ],
            [
              -123.10612479775382,
              49.2651814455668
            ],
            [
              -123.10612960347329,
              49.26518038763869
            ],
            [
              -123.10613422714198,
              49.26517902743045
            ],
            [
              -123.10613840672488,
              49.26517745963035
            ],
            [
              -123.10648373799836,
              49.265184526522845
            ],
            [
              -123.10648373948725,
              49.26518452955829
            ]
          ]
        ]
      },
      "properties": {
        "feature_type": "forest_area",
        "patch_id": 64,
        "tree_count": 23
      }
    },
    {
      "type": "Feature",
      "geometry": {
        "type": "Polygon",
        "coordinates": [
          [
            [
              -123.10641197565222,
              49.26553888462984
            ],
            [
              -123.10659578386543,
              49.265541378152115
            ],
            [
              -123.10659916406433,
              49.265541315700595
            ],
            [
              -123.1066025186017,
              49.265541037330365
            ],
            [
              -123.10660581516503,
              49.26554054572282
            ],
            [
              -123.10660902200024,
              49.265539845613354
            ],
            [
              -123.10661210821759,
              49.26553894374576
            ],
            [
              -123.10661504408914,
              49.26553784880725
            ],
            [
              -123.10661780133518,
              49.26553657134479
            ],
            [
              -123.10662035339661,
              49.26553512366352
            ],
            [
              -123.10662267569076,
              49.26553351970819
            ],
            [
              -123.10662474584817,
              49.26553177492886
            ],
            [
              -123.10662654392812,
              49.26552990613208
            ],
            [
              -123.10662805261062,
              49.26552793131899
            ],
            [
              -123.10662925736334,
              49.26552586951193
            ],
            [
              -123.10663014658152,
              49.26552374057121
            ],
            [
              -123.1066307116998,
              49.2655215650038
            ],
            [
              -123.10663094727467,
              49.265519363765804
            ],
            [
              -123.10663385994445,
              49.26542724211657
            ],
            [
              -123.10664466163205,
              49.26542670975199
            ],
            [
              -123.10665569391942,
              49.26542688795659
            ],
            [
              -123.10666664364294,
              49.265427784932044
            ],
            [
              -123.10667740110281,
              49.265429391692
            ],
            [
              -123.10668234370233,
              49.26543047897606
            ],
            [
              -123.10667860568614,
              49.26551817480339
            ],
            [
              -123.10667859981463,
              49.26551832221466
            ],
            [
              -123.10667820169817,
              49.26552907135906
            ],
            [
              -123.10667656817907,
              49.26556901832624
            ],
            [
              -123.10662673187885,
              49.26556795230912
            ],
            [
              -123.10662623608496,
              49.26556794299885
            ],
            [
              -123.10636901435748,
              49.265563784433674
            ],
            [
              -123.10641197565222,
              49.26553888462984
            ]
          ]
        ]
      },
      "properties": {
        "feature_type": "forest_area",
        "patch_id": 65,
        "tree_count": 1
      }
    },
    {
      "type": "Feature",
      "geometry": {
        "type": "Polygon",
        "coordinates": [
          [
            [
              -123.10683653207414,
              49.26582551409858
            ],
            [
              -123.10683005812277,
              49.26598088893152
            ],
            [
              -123.10683013174621,
              49.265983090775634
            ],
            [
              -123.1068305351528,
              49.265985277355334
            ],
            [
              -123.10683126447158,
              49.26598742768915
            ],
            [
              -123.10683231270436,
              49.265989521143375
            ],
            [
              -123.1068336697927,
              49.26599153763013
            ],
            [
              -123.10683532271462,
              49.26599345780006
            ],
            [
              -123.10683725560932,
              49.26599526322803
            ],
            [
              -123.1068394499296,
              49.26599693658992
            ],
            [
              -123.1068418846197,
              49.265998461828865
            ],
            [
              -123.10684453631734,
              49.265999824309326
            ],
            [
              -123.106847379578,
              49.26600101095752
            ],
            [
              -123.10685038711893,
              49.26600201038687
            ],
            [
              -123.10685353008105,
              49.266002813007276
            ],
            [
              -123.10685677830585,
              49.26600341111714
            ],
            [
              -123.10686010062474,
              49.26600379897725
            ],
            [
              -123.10686346515817,
              49.266003972865875
            ],
            [
              -123.1068700596438,
              49.26600410216952
            ],
            [
              -123.10687066584421,
              49.26600480249429
            ],
            [
              -123.10687260447843,
              49.26600660432104
            ],
            [
              -123.10687480387944,
              49.266008273783775
            ],
            [
              -123.10687724295808,
              49.26600979487469
            ],
            [
              -123.10687989832701,
              49.26601115300866
            ],
            [
              -123.106882744525,
              49.2660123351631
            ],
            [
              -123.106885754261,
              49.2660133300028
            ],
            [
              -123.10688889867588,
              49.266014127988655
            ],
            [
              -123.10689214761912,
              49.2660147214691
            ],
            [
              -123.10689546993794,
              49.26601510475349
            ],
            [
              -123.10689883377596,
              49.266015274166676
            ],
            [
              -123.10707363377597,
              49.26601847416668
            ],
            [
              -123.10707364470474,
              49.26601847401644
            ],
            [
              -123.10707365560985,
              49.26601847456186
            ],
            [
              -123.1071776519064,
              49.26602033533059
            ],
            [
              -123.10717778404388,
              49.26602115532051
            ],
            [
              -123.10717785837352,
              49.26602819424686
            ],
            [
              -123.10717687822437,
              49.266035204223016
            ],
            [
              -123.10717485297887,
              49.2660421181461
            ],
            [
              -123.10717423112845,
              49.26604349428536
            ],
            [
              -123.10683378035945,
              49.266036833590604
            ],
            [
              -123.10683352717713,
              49.266036829127366
            ],
            [
              -123.10678098718121,
              49.2660360046113
            ],
            [
              -123.1067908119448,
              49.26580521982494
            ],
            [
              -123.10683653207414,
              49.26582551409858
            ]
          ]
        ]
      },
      "properties": {
        "feature_type": "forest_area",
        "patch_id": 66,
        "tree_count": 3
      }
    },
    {
      "type": "Feature",
      "geometry": {
        "type": "Polygon",
        "coordinates": [
          [
            [
              -123.10678270030967,
              49.266114883845894
            ],
            [
              -123.10681849495751,
              49.266155979693146
            ],
            [
              -123.10680805550913,
              49.26643705526092
            ],
            [
              -123.10680813943078,
              49.266439259957366
            ],
            [
              -123.10680855396316,
              49.266441448682016
            ],
            [
              -123.10680929511771,
              49.266443600375396
            ],
            [
              -123.1068103557632,
              49.26644569433433
            ],
            [
              -123.1068117256943,
              49.26644771041115
            ],
            [
              -123.10681339172979,
              49.26644962920756
            ],
            [
              -123.10681533783942,
              49.26645143226126
            ],
            [
              -123.10681754529809,
              49.266453102223636
            ],
            [
              -123.10681999286604,
              49.26645462302662
            ],
            [
              -123.10682265699327,
              49.26645598003734
            ],
            [
              -123.10682551204607,
              49.26645716019891
            ],
            [
              -123.10682853055367,
              49.26645815215605
            ],
            [
              -123.10683168347256,
              49.266458946364324
            ],
            [
              -123.10683494046599,
              49.26645953518202
            ],
            [
              -123.10683827019578,
              49.26645991294366
            ],
            [
              -123.10684164062393,
              49.26646007601448
            ],
            [
              -123.10732563410708,
              49.2664679558613
            ],
            [
              -123.10733496142859,
              49.26649444155436
            ],
            [
              -123.10681944868223,
              49.266484748546794
            ],
            [
              -123.10676198105472,
              49.26648359245035
            ],
            [
              -123.10676369520972,
              49.266442603979
            ],
            [
              -123.10676371604356,
              49.26644184443857
            ],
            [
              -123.10676401063976,
              49.26641925872987
            ],
            [
              -123.10677856290978,
              49.266091740551424
            ],
            [
              -123.10681305892781,
              49.266092281901315
            ],
            [
              -123.10678270030967,
              49.266114883845894
            ]
          ]
        ]
      },
      "properties": {
        "feature_type": "forest_area",
        "patch_id": 67,
        "tree_count": 7
      }
    },
    {
      "type": "Feature",
      "geometry": {
        "type": "Polygon",
        "coordinates": [
          [
            [
              -123.10736407532531,
              49.26657711284761
            ],
            [
              -123.10736627332244,
              49.26658571335551
            ],
            [
              -123.1073668607881,
              49.266594424207675
            ],
            [
              -123.107366603209,
              49.266604515708764
            ],
            [
              -123.10725968432854,
              49.26660272439767
            ],
            [
              -123.10725966877973,
              49.266602724635916
            ],
            [
              -123.10725965324052,
              49.26660272388599
            ],
            [
              -123.10712355324053,
              49.26660052388599
            ],
            [
              -123.10712352286166,
              49.26660052436897
            ],
            [
              -123.107123492539,
              49.2666005229397
            ],
            [
              -123.106837092539,
              49.2665962229397
            ],
            [
              -123.10683371312895,
              49.266596280449846
            ],
            [
              -123.10683035862222,
              49.26659655378879
            ],
            [
              -123.10682706131202,
              49.266597040325145
            ],
            [
              -123.10682385294093,
              49.26659773537512
            ],
            [
              -123.10682076439534,
              49.26659863224761
            ],
            [
              -123.1068178254081,
              49.26659972230857
            ],
            [
              -123.10681506427228,
              49.26660099506421
            ],
            [
              -123.10681250756883,
              49.266602438261934
            ],
            [
              -123.10681017991064,
              49.26660403800836
            ],
            [
              -123.10680810370565,
              49.26660577890302
            ],
            [
              -123.10680629894108,
              49.266607644186664
            ],
            [
              -123.10680478299106,
              49.26660961590254
            ],
            [
              -123.10680357044939,
              49.26661167506931
            ],
            [
              -123.10680267298893,
              49.26661380186378
            ],
            [
              -123.1068020992494,
              49.266615975811675
            ],
            [
              -123.10680185475407,
              49.266618175984824
            ],
            [
              -123.10679205475407,
              49.266892475984825
            ],
            [
              -123.10679214191381,
              49.26689468169995
            ],
            [
              -123.10679255998181,
              49.26689687121836
            ],
            [
              -123.10679330493159,
              49.26689902345244
            ],
            [
              -123.1067943695884,
              49.26690111767368
            ],
            [
              -123.10679574369837,
              49.266903133712304
            ],
            [
              -123.10679741402723,
              49.26690505215151
            ],
            [
              -123.10679936448776,
              49.26690685451451
            ],
            [
              -123.10680157629477,
              49.26690852344245
            ],
            [
              -123.106804028146,
              49.266910042861625
            ],
            [
              -123.10680669642727,
              49.26691139813826
            ],
            [
              -123.10680955543994,
              49.26691257621947
            ],
            [
              -123.10681257764837,
              49.266913565758955
            ],
            [
              -123.10681573394523,
              49.26691435722631
            ],
            [
              -123.10681899393167,
              49.266914942998795
            ],
            [
              -123.10682232621028,
              49.26691531743472
            ],
            [
              -123.10682569868732,
              49.26691547692785
            ],
            [
              -123.10693109868733,
              49.26691707692785
            ],
            [
              -123.10693448454313,
              49.26691701966448
            ],
            [
              -123.10693784542322,
              49.26691674574892
            ],
            [
              -123.10694114884978,
              49.26691625782814
            ],
            [
              -123.10694436290018,
              49.266915560617164
            ],
            [
              -123.10694745651546,
              49.26691466085348
            ],
            [
              -123.10695039980051,
              49.26691356723194
            ],
            [
              -123.10695316431294,
              49.266912290320754
            ],
            [
              -123.10695572333789,
              49.26691084245933
            ],
            [
              -123.10695805214627,
              49.26690923763907
            ],
            [
              -123.10696012823365,
              49.26690749136814
            ],
            [
              -123.10696193153778,
              49.2669056205216
            ],
            [
              -123.10696344463246,
              49.26690364317836
            ],
            [
              -123.10696465289591,
              49.266901578446465
            ],
            [
              -123.10696554465208,
              49.26689944627842
            ],
            [
              -123.1069661112835,
              49.26689726727842
            ],
            [
              -123.10696630938915,
              49.266895416765685
            ],
            [
              -123.1069868461206,
              49.266895738010646
            ],
            [
              -123.10698675489745,
              49.2668982719874
            ],
            [
              -123.10698684145501,
              49.266900477703665
            ],
            [
              -123.10698725892256,
              49.26690266726183
            ],
            [
              -123.10698800327943,
              49.26690481957408
            ],
            [
              -123.10698906735665,
              49.26690691391131
            ],
            [
              -123.10699044090603,
              49.266908930102794
            ],
            [
              -123.10699211069877,
              49.26691084873042
            ],
            [
              -123.10699406065298,
              49.26691265131573
            ],
            [
              -123.10699627198848,
              49.266914320497875
            ],
            [
              -123.10699872340771,
              49.26691584020082
            ],
            [
              -123.10700139130087,
              49.26691719578818
            ],
            [
              -123.10700424997323,
              49.26691837420419
            ],
            [
              -123.10700727189271,
              49.26691936409942
            ],
            [
              -123.10701042795495,
              49.26692015594011
            ],
            [
              -123.10701368776363,
              49.266920742099984
            ],
            [
              -123.10701701992329,
              49.26692111693367
            ],
            [
              -123.1070203923416,
              49.266921276831134
            ],
            [
              -123.10711189234159,
              49.266922676831136
            ],
            [
              -123.1071119080516,
              49.26692267656822
            ],
            [
              -123.10711192371544,
              49.26692267730184
            ],
            [
              -123.10724792371543,
              49.26692467730184
            ],
            [
              -123.10724799147062,
              49.266924676129236
            ],
            [
              -123.10724805880635,
              49.26692467911554
            ],
            [
              -123.10730514224142,
              49.26692537243662
            ],
            [
              -123.10730323341201,
              49.26695658179756
            ],
            [
              -123.10676446484702,
              49.266947629729366
            ],
            [
              -123.10673495187831,
              49.26694714958345
            ],
            [
              -123.1067561489631,
              49.26660873351708
            ],
            [
              -123.10675722539958,
              49.26659591413712
            ],
            [
              -123.106757294663,
              49.26659481697546
            ],
            [
              -123.10675857741381,
              49.26656450126569
            ],
            [
              -123.1068156889276,
              49.266565650198075
            ],
            [
              -123.10681581371169,
              49.26656565262637
            ],
            [
              -123.10736366712318,
              49.26657595372425
            ],
            [
              -123.10736407532531,
              49.26657711284761
            ]
          ]
        ]
      },
      "properties": {
        "feature_type": "forest_area",
        "patch_id": 68,
        "tree_count": 8
      }
    },
    {
      "type": "Feature",
      "geometry": {
        "type": "Polygon",
        "coordinates": [
          [
            [
              -123.10671785843583,
              49.2672632936221
            ],
            [
              -123.10673171900108,
              49.26700287217705
            ],
            [
              -123.10676232381002,
              49.267003370086094
            ],
            [
              -123.10679273974554,
              49.26700387547126
            ],
            [
              -123.1067839860105,
              49.26723723893201
            ],
            [
              -123.10671785843583,
              49.2672632936221
            ]
          ]
        ]
      },
      "properties": {
        "feature_type": "forest_area",
        "patch_id": 69,
        "tree_count": 2
      }
    },
    {
      "type": "Feature",
      "geometry": {
        "type": "Polygon",
        "coordinates": [
          [
            [
              -123.10449256688563,
              49.267864210393924
            ],
            [
              -123.10449113448355,
              49.26789814730443
            ],
            [
              -123.10429100267325,
              49.267894724708206
            ],
            [
              -123.10428762089784,
              49.26789477526586
            ],
            [
              -123.10428426301797,
              49.26789504197098
            ],
            [
              -123.10428096139961,
              49.267895522252864
            ],
            [
              -123.10427774786638,
              49.26789621148216
            ],
            [
              -123.10427465339284,
              49.26789710301553
            ],
            [
              -123.10427170780603,
              49.267898188259664
            ],
            [
              -123.10426893949786,
              49.26789945675412
            ],
            [
              -123.10426637515148,
              49.26790089627213
            ],
            [
              -123.10426403948412,
              49.267902492938475
            ],
            [
              -123.1042619550088,
              49.267904231363204
            ],
            [
              -123.10426014181733,
              49.26790609479001
            ],
            [
              -123.10425861738675,
              49.26790806525767
            ],
            [
              -123.10425739641069,
              49.26791012377328
            ],
            [
              -123.10425649065792,
              49.26791225049519
            ],
            [
              -123.10425590885878,
              49.267914424924385
            ],
            [
              -123.10425565662113,
              49.26791662610197
            ],
            [
              -123.10425563711375,
              49.26791712462403
            ],
            [
              -123.104248364916,
              49.267916998007415
            ],
            [
              -123.1042497797231,
              49.26785923696965
            ],
            [
              -123.10449256688563,
              49.267864210393924
            ]
          ]
        ]
      },
      "properties": {
        "feature_type": "forest_area",
        "patch_id": 70,
        "tree_count": 2
      }
    },
    {
      "type": "Feature",
      "geometry": {
        "type": "Polygon",
        "coordinates": [
          [
            [
              -123.10467520189395,
              49.266965007410825
            ],
            [
              -123.10466999893316,
              49.26710935441911
            ],
            [
              -123.10462589982501,
              49.26710897857444
            ],
            [
              -123.1045870189229,
              49.26710862277564
            ],
            [
              -123.10458954373041,
              49.26704306484269
            ],
            [
              -123.10458946271734,
              49.26704085908621
            ],
            [
              -123.10458905076894,
              49.267038669132795
            ],
            [
              -123.10458831185252,
              49.26703651607312
            ],
            [
              -123.10458725308436,
              49.26703442064256
            ],
            [
              -123.10458588466106,
              49.267032403021474
            ],
            [
              -123.10458421976143,
              49.267030482640855
            ],
            [
              -123.10458242970773,
              49.26702882205223
            ],
            [
              -123.1045834528045,
              49.26696352987644
            ],
            [
              -123.10458343526797,
              49.26696323558891
            ],
            [
              -123.10463040349207,
              49.26696416609146
            ],
            [
              -123.10463047097015,
              49.266964167393475
            ],
            [
              -123.10467520189395,
              49.266965007410825
            ]
          ]
        ]
      },
      "properties": {
        "feature_type": "forest_area",
        "patch_id": 71,
        "tree_count": 5
      }
    },
    {
      "type": "Feature",
      "geometry": {
        "type": "Polygon",
        "coordinates": [
          [
            [
              -123.1040486064963,
              49.26695265345827
            ],
            [
              -123.10404274722904,
              49.2670664677181
            ],
            [
              -123.10404282587274,
              49.26706977688711
            ],
            [
              -123.10404311342026,
              49.26707142031576
            ],
            [
              -123.10401831446173,
              49.267071002623965
            ],
            [
              -123.10402224597523,
              49.26695640318778
            ],
            [
              -123.10402215571602,
              49.266954197806534
            ],
            [
              -123.10402175768931,
              49.26695212856194
            ],
            [
              -123.1040486064963,
              49.26695265345827
            ]
          ]
        ]
      },
      "properties": {
        "feature_type": "forest_area",
        "patch_id": 72,
        "tree_count": 2
      }
    },
    {
      "type": "Feature",
      "geometry": {
        "type": "Polygon",
        "coordinates": [
          [
            [
              -123.10378134963344,
              49.26689164568407
            ],
            [
              -123.10378275469911,
              49.266863494186794
            ],
            [
              -123.1037842787627,
              49.266832857925365
            ],
            [
              -123.10378711003042,
              49.26683335977217
            ],
            [
              -123.10379044296084,
              49.26683372660016
            ],
            [
              -123.10379381493483,
              49.266833878564455
            ],
            [
              -123.1038908464811,
              49.26683513775246
            ],
            [
              -123.10389087908105,
              49.2668356786452
            ],
            [
              -123.10389133803898,
              49.26683785209501
            ],
            [
              -123.10389211945346,
              49.266839986005756
            ],
            [
              -123.10389321588332,
              49.2668420600569
            ],
            [
              -123.1038946168876,
              49.266844054497916
            ],
            [
              -123.10389630912502,
              49.26684595033638
            ],
            [
              -123.10389827648092,
              49.266847729518844
            ],
            [
              -123.10390050022082,
              49.266849375102716
            ],
            [
              -123.10390295916876,
              49.26685087141764
            ],
            [
              -123.10390562990897,
              49.266852204214686
            ],
            [
              -123.10390848700885,
              49.26685336080206
            ],
            [
              -123.10391150326114,
              49.266854330165955
            ],
            [
              -123.10391464994308,
              49.26685510307543
            ],
            [
              -123.10391789708981,
              49.26685567217031
            ],
            [
              -123.1039212137798,
              49.26685603203129
            ],
            [
              -123.10392456842928,
              49.26685617923154
            ],
            [
              -123.10403899230545,
              49.26685754813083
            ],
            [
              -123.10403991348149,
              49.266858395277936
            ],
            [
              -123.10404213289246,
              49.266860062043975
            ],
            [
              -123.10404459215361,
              49.26686157870978
            ],
            [
              -123.10404726754469,
              49.266862930646674
            ],
            [
              -123.10405013326077,
              49.26686410481486
            ],
            [
              -123.10405316166124,
              49.26686508988915
            ],
            [
              -123.10405632353634,
              49.266865876368236
            ],
            [
              -123.10405958838889,
              49.2668664566663
            ],
            [
              -123.10406292472851,
              49.26686682518621
            ],
            [
              -123.10406630037524,
              49.2668669783735
            ],
            [
              -123.10414930037524,
              49.266868078373506
            ],
            [
              -123.10415268052066,
              49.26686801486522
            ],
            [
              -123.10415603484613,
              49.26686773544719
            ],
            [
              -123.10415933104133,
              49.266867242810896
            ],
            [
              -123.10416253735588,
              49.26686654170163
            ],
            [
              -123.10416562290516,
              49.26686563887277
            ],
            [
              -123.10416599964668,
              49.26686549821037
            ],
            [
              -123.1041650738445,
              49.26689916374453
            ],
            [
              -123.10413204264181,
              49.26689850935292
            ],
            [
              -123.104131839501,
              49.26689840396276
            ],
            [
              -123.10412757924995,
              49.26689660815646
            ],
            [
              -123.10412306976758,
              49.26689509348356
            ],
            [
              -123.10411835448268,
              49.266893874531206
            ],
            [
              -123.10411347880598,
              49.26689296303857
            ],
            [
              -123.10410848969296,
              49.266892367783825
            ],
            [
              -123.10410343519149,
              49.26689209449959
            ],
            [
              -123.10409836397918,
              49.266892145817756
            ],
            [
              -123.10409332489455,
              49.26689252124409
            ],
            [
              -123.10408836646678,
              49.26689321716304
            ],
            [
              -123.10408353644823,
              49.266894226872516
            ],
            [
              -123.1040788813546,
              49.26689554064848
            ],
            [
              -123.104074446017,
              49.26689714583853
            ],
            [
              -123.10407395722915,
              49.26689736618607
            ],
            [
              -123.10378134963344,
              49.26689164568407
            ]
          ]
        ]
      },
      "properties": {
        "feature_type": "forest_area",
        "patch_id": 73,
        "tree_count": 3
      }
    },
    {
      "type": "Feature",
      "geometry": {
        "type": "Polygon",
        "coordinates": [
          [
            [
              -123.10267622054614,
              49.2659621186919
            ],
            [
              -123.10267810683156,
              49.26596105276147
            ],
            [
              -123.10268043467488,
              49.26595945092023
            ],
            [
              -123.10268251055886,
              49.2659577078323
            ],
            [
              -123.10268431447032,
              49.26595584030247
            ],
            [
              -123.10268582901809,
              49.265953866335224
            ],
            [
              -123.10268703960071,
              49.26595180496119
            ],
            [
              -123.10268793454719,
              49.265949676053694
            ],
            [
              -123.10268850522952,
              49.2659475001371
            ],
            [
              -123.10268874614587,
              49.26594529818902
            ],
            [
              -123.10269644614587,
              49.26571859818902
            ],
            [
              -123.10269635501244,
              49.26571639177061
            ],
            [
              -123.10269593276898,
              49.26571420181593
            ],
            [
              -123.10269518348501,
              49.26571204943155
            ],
            [
              -123.10269411438206,
              49.26570995536192
            ],
            [
              -123.10269273576402,
              49.265707939789465
            ],
            [
              -123.10269106091789,
              49.265706022140066
            ],
            [
              -123.10268910598565,
              49.26570422089582
            ],
            [
              -123.10268688980872,
              49.26570255341695
            ],
            [
              -123.1026844337464,
              49.26570103577443
            ],
            [
              -123.10268176146997,
              49.26569968259514
            ],
            [
              -123.10267889873454,
              49.26569850692089
            ],
            [
              -123.10267587313086,
              49.265697520082696
            ],
            [
              -123.10267271381939,
              49.26569673159162
            ],
            [
              -123.10266945124924,
              49.26569614904704
            ],
            [
              -123.10266611686471,
              49.26569577806346
            ],
            [
              -123.10266274280228,
              49.2656956222164
            ],
            [
              -123.1025838456902,
              49.26569451203189
            ],
            [
              -123.1025839652281,
              49.26569407381458
            ],
            [
              -123.10258436033583,
              49.26569077430552
            ],
            [
              -123.10258425792628,
              49.26568746541335
            ],
            [
              -123.10258365898572,
              49.26568417900454
            ],
            [
              -123.10258256928228,
              49.265680946728985
            ],
            [
              -123.10258099931038,
              49.26567779971526
            ],
            [
              -123.10257896418972,
              49.26567476827085
            ],
            [
              -123.10257648351963,
              49.2656718815902
            ],
            [
              -123.1025735811903,
              49.26566916747364
            ],
            [
              -123.10257028515277,
              49.26566665205958
            ],
            [
              -123.10256662714966,
              49.265664359572845
            ],
            [
              -123.10256264240955,
              49.26566231209133
            ],
            [
              -123.10255836930767,
              49.265660529333395
            ],
            [
              -123.10255384899634,
              49.26565902846799
            ],
            [
              -123.10254912500861,
              49.265657823949255
            ],
            [
              -123.10254424283906,
              49.26565692737737
            ],
            [
              -123.10253924950567,
              49.26565634738681
            ],
            [
              -123.10253419309694,
              49.2656560895632
            ],
            [
              -123.10235256042104,
              49.26565266400743
            ],
            [
              -123.10235466087761,
              49.26560546199592
            ],
            [
              -123.10235587350913,
              49.265577733155
            ],
            [
              -123.10271596767743,
              49.26558733566615
            ],
            [
              -123.10271658572145,
              49.26558735013352
            ],
            [
              -123.10275634075356,
              49.265588151226524
            ],
            [
              -123.10279933210997,
              49.265588992623066
            ],
            [
              -123.10279845204168,
              49.265614055437716
            ],
            [
              -123.1027791563527,
              49.26596378980043
            ],
            [
              -123.10274266958814,
              49.2659634274691
            ],
            [
              -123.10267622054614,
              49.2659621186919
            ]
          ]
        ]
      },
      "properties": {
        "feature_type": "forest_area",
        "patch_id": 74,
        "tree_count": 13
      }
    },
    {
      "type": "Feature",
      "geometry": {
        "type": "Polygon",
        "coordinates": [
          [
            [
              -123.10424656386347,
              49.26599736157228
            ],
            [
              -123.10425085449805,
              49.26590837063286
            ],
            [
              -123.1043889854179,
              49.265911173289204
            ],
            [
              -123.10438469304734,
              49.26600076672908
            ],
            [
              -123.10424656386347,
              49.26599736157228
            ]
          ]
        ]
      },
      "properties": {
        "feature_type": "forest_area",
        "patch_id": 75,
        "tree_count": 1
      }
    },
    {
      "type": "Feature",
      "geometry": {
        "type": "Polygon",
        "coordinates": [
          [
            [
              -123.10446877854466,
              49.265144893542946
            ],
            [
              -123.10446757869407,
              49.265145902174915
            ],
            [
              -123.10446577641756,
              49.2651477702525
            ],
            [
              -123.10446426356499,
              49.26514974465561
            ],
            [
              -123.10446305472011,
              49.26515180635122
            ],
            [
              -123.10446216153605,
              49.265153935464824
            ],
            [
              -123.10446159262298,
              49.265156111471995
            ],
            [
              -123.1044613534652,
              49.26515831339627
            ],
            [
              -123.10446134079238,
              49.265158695391165
            ],
            [
              -123.1044584160263,
              49.265159548223295
            ],
            [
              -123.10445547761262,
              49.26516064215677
            ],
            [
              -123.1044527177678,
              49.2651619188572
            ],
            [
              -123.10445016309866,
              49.2651633660163
            ],
            [
              -123.10444783823405,
              49.26516496968243
            ],
            [
              -123.10444576558727,
              49.26516671439512
            ],
            [
              -123.1044439651401,
              49.265168583334116
            ],
            [
              -123.10444245425013,
              49.26517055848152
            ],
            [
              -123.10444124748341,
              49.26517262079553
            ],
            [
              -123.10444035647399,
              49.26517475039399
            ],
            [
              -123.10443978981185,
              49.26517692674606
            ],
            [
              -123.10443955296002,
              49.26517912887018
            ],
            [
              -123.10443805296002,
              49.26522582887018
            ],
            [
              -123.10443814798877,
              49.26522803373922
            ],
            [
              -123.10443857365516,
              49.26523022192104
            ],
            [
              -123.10443932586213,
              49.265232372354426
            ],
            [
              -123.10444039736971,
              49.26523446434149
            ],
            [
              -123.10444177786466,
              49.26523647774688
            ],
            [
              -123.10444345405973,
              49.265238393191595
            ],
            [
              -123.10444540982157,
              49.26524019223952
            ],
            [
              -123.10444762632599,
              49.26524185757483
            ],
            [
              -123.10445008223917,
              49.2652433731687
            ],
            [
              -123.10445275392298,
              49.265244724433565
            ],
            [
              -123.10445561566252,
              49.26524589836352
            ],
            [
              -123.10445863991355,
              49.26524688365949
            ],
            [
              -123.10446173405151,
              49.26524765500395
            ],
            [
              -123.1044592230196,
              49.26524881616602
            ],
            [
              -123.10445666871433,
              49.26525026250602
            ],
            [
              -123.10445434401038,
              49.26525186528533
            ],
            [
              -123.10445227130498,
              49.265253609062064
            ],
            [
              -123.10445047056751,
              49.26525547703588
            ],
            [
              -123.10444895914709,
              49.26525745120989
            ],
            [
              -123.10444775160542,
              49.265259512564015
            ],
            [
              -123.10444685957651,
              49.26526164123823
            ],
            [
              -123.10444629165455,
              49.265263816723945
            ],
            [
              -123.10444605331116,
              49.265266018061546
            ],
            [
              -123.10444598985356,
              49.26526794938015
            ],
            [
              -123.10428873810555,
              49.26526436159755
            ],
            [
              -123.10428858832435,
              49.26526405365868
            ],
            [
              -123.10428725221564,
              49.2652620235489
            ],
            [
              -123.10428561720029,
              49.265260088816355
            ],
            [
              -123.1042836990677,
              49.265258268144834
            ],
            [
              -123.10428151634133,
              49.26525657911662
            ],
            [
              -123.10427909009987,
              49.26525503804271
            ],
            [
              -123.10427644377361,
              49.265253659805325
            ],
            [
              -123.10427360291821,
              49.26525245771414
            ],
            [
              -123.10427059496791,
              49.26525144337781
            ],
            [
              -123.10426744897062,
              49.26525062659179
            ],
            [
              -123.10426419530731,
              49.265250015243836
            ],
            [
              -123.10426086539874,
              49.26524961523774
            ],
            [
              -123.10425749140195,
              49.26524943043639
            ],
            [
              -123.1041856373791,
              49.265247808144245
            ],
            [
              -123.10419083358424,
              49.2651507852512
            ],
            [
              -123.10419078568754,
              49.265148578670996
            ],
            [
              -123.10419040651071,
              49.26514638578423
            ],
            [
              -123.10418969970682,
              49.2651442277177
            ],
            [
              -123.1041886720854,
              49.265142125262756
            ],
            [
              -123.1041873335468,
              49.265140098674955
            ],
            [
              -123.10418707931316,
              49.265139798670674
            ],
            [
              -123.10446877854466,
              49.265144893542946
            ]
          ]
        ]
      },
      "properties": {
        "feature_type": "forest_area",
        "patch_id": 76,
        "tree_count": 3
      }
    },
    {
      "type": "Feature",
      "geometry": {
        "type": "Polygon",
        "coordinates": [
          [
            [
              -123.10658920852825,
              49.2673478099941
            ],
            [
              -123.10658773357018,
              49.26738052737676
            ],
            [
              -123.10653302951154,
              49.26737945015643
            ],
            [
              -123.10586246834517,
              49.267365414290595
            ],
            [
              -123.10586289944646,
              49.26734966641348
            ],
            [
              -123.10651530621443,
              49.26735947704157
            ],
            [
              -123.10651868584834,
              49.267359419600396
            ],
            [
              -123.10652204058553,
              49.26735914630171
            ],
            [
              -123.10652533812633,
              49.26735865977686
            ],
            [
              -123.10652854672179,
              49.26735796471014
            ],
            [
              -123.10653163547934,
              49.267357067793704
            ],
            [
              -123.10653457466019,
              49.26735597766312
            ],
            [
              -123.10653733596568,
              49.26735470481425
            ],
            [
              -123.1065398928098,
              49.267353261502166
            ],
            [
              -123.10654222057505,
              49.26735166162319
            ],
            [
              -123.10654429684956,
              49.26734992058106
            ],
            [
              -123.10654610164279,
              49.26734805513866
            ],
            [
              -123.10654761757807,
              49.2673460832566
            ],
            [
              -123.10654883005986,
              49.267344023920295
            ],
            [
              -123.10654972741433,
              49.26734189695719
            ],
            [
              -123.10655030100165,
              49.26733972284583
            ],
            [
              -123.1065505452993,
              49.26733752251872
            ],
            [
              -123.1065605452993,
              49.267056822518725
            ],
            [
              -123.10656045783968,
              49.267054616157
            ],
            [
              -123.10656003927873,
              49.26705242602221
            ],
            [
              -123.10655929365011,
              49.267050273220356
            ],
            [
              -123.10655822813929,
              49.26704817849767
            ],
            [
              -123.10655685301447,
              49.26704616204067
            ],
            [
              -123.1065551815275,
              49.26704424328165
            ],
            [
              -123.10655322978624,
              49.2670424407114
            ],
            [
              -123.10655101659935,
              49.26704077170102
            ],
            [
              -123.10654856329495,
              49.267039252334506
            ],
            [
              -123.10654589351519,
              49.267037897253765
            ],
            [
              -123.10654303298831,
              49.2670367195175
            ],
            [
              -123.10654000928079,
              49.267035730475385
            ],
            [
              -123.10653685153163,
              49.267034939658664
            ],
            [
              -123.1065335901716,
              49.26703435468832
            ],
            [
              -123.1065302566299,
              49.26703398120162
            ],
            [
              -123.10652688303139,
              49.267033822797806
            ],
            [
              -123.10636584702803,
              49.267031434028446
            ],
            [
              -123.10636704528605,
              49.266997822891085
            ],
            [
              -123.10636698400269,
              49.26699627466485
            ],
            [
              -123.10656229030631,
              49.26699986775399
            ],
            [
              -123.10660772263921,
              49.26700071143705
            ],
            [
              -123.10658982182893,
              49.267337043671205
            ],
            [
              -123.1065892247802,
              49.26734749202434
            ],
            [
              -123.10658920852825,
              49.2673478099941
            ]
          ]
        ]
      },
      "properties": {
        "feature_type": "forest_area",
        "patch_id": 77,
        "tree_count": 11
      }
    },
    {
      "type": "Feature",
      "geometry": {
        "type": "Polygon",
        "coordinates": [
          [
            [
              -123.10545286543696,
              49.26596601563112
            ],
            [
              -123.10545302493009,
              49.265966002393775
            ],
            [
              -123.10545094862464,
              49.266017640879376
            ],
            [
              -123.10535932446231,
              49.26601641859707
            ],
            [
              -123.10536006860343,
              49.26599672074356
            ],
            [
              -123.10539649410217,
              49.265997276858045
            ],
            [
              -123.10539987612198,
              49.26599722007718
            ],
            [
              -123.10540323330407,
              49.26599694713288
            ],
            [
              -123.10540653328016,
              49.265996460656744
            ],
            [
              -123.10540974423347,
              49.265995765339134
            ],
            [
              -123.10541283520556,
              49.26599486788396
            ],
            [
              -123.10541577639478,
              49.26599377694406
            ],
            [
              -123.10541853944362,
              49.26599250303773
            ],
            [
              -123.10542109771212,
              49.265991058447355
            ],
            [
              -123.10542342653471,
              49.26598945710097
            ],
            [
              -123.10542550345802,
              49.26598771443798
            ],
            [
              -123.10542730845735,
              49.26598584726029
            ],
            [
              -123.1054288241298,
              49.265983873570306
            ],
            [
              -123.10543003586199,
              49.26598181239739
            ],
            [
              -123.10543093197099,
              49.26597968361437
            ],
            [
              -123.10543150381694,
              49.26597750774592
            ],
            [
              -123.1054317458864,
              49.26597530577071
            ],
            [
              -123.1054320721937,
              49.26596584285932
            ],
            [
              -123.10544948662925,
              49.265966078189535
            ],
            [
              -123.10545286543696,
              49.26596601563112
            ]
          ]
        ]
      },
      "properties": {
        "feature_type": "forest_area",
        "patch_id": 78,
        "tree_count": 2
      }
    },
    {
      "type": "Feature",
      "geometry": {
        "type": "Polygon",
        "coordinates": [
          [
            [
              -123.10664000776094,
              49.26641732713786
            ],
            [
              -123.10663998395644,
              49.26641815556143
            ],
            [
              -123.1066396889108,
              49.26644077572741
            ],
            [
              -123.10663800501234,
              49.26648104071111
            ],
            [
              -123.10658167686172,
              49.26647985535441
            ],
            [
              -123.10640157295664,
              49.266475389968335
            ],
            [
              -123.10640175225099,
              49.26645118523052
            ],
            [
              -123.1065679083561,
              49.266453677073734
            ],
            [
              -123.10657128684285,
              49.26645361955154
            ],
            [
              -123.10657464044016,
              49.266453346318315
            ],
            [
              -123.10657793688115,
              49.266452860002985
            ],
            [
              -123.10658114444897,
              49.26645216528466
            ],
            [
              -123.10658423228178,
              49.26645126884761
            ],
            [
              -123.10658717066983,
              49.26645017931697
            ],
            [
              -123.10658993134123,
              49.26644890717571
            ],
            [
              -123.10659248773403,
              49.26644746466381
            ],
            [
              -123.10659481525177,
              49.26644586566049
            ],
            [
              -123.10659689150006,
              49.26644412555066
            ],
            [
              -123.10659869650218,
              49.26644226107689
            ],
            [
              -123.10660021289118,
              49.26644029017831
            ],
            [
              -123.10660142607705,
              49.26643823181804
            ],
            [
              -123.10660232438703,
              49.26643610580072
            ],
            [
              -123.106602899178,
              49.266433932581954
            ],
            [
              -123.10660314491956,
              49.26643173307149
            ],
            [
              -123.10661384491956,
              49.26613733307149
            ],
            [
              -123.10661375945601,
              49.266135130259656
            ],
            [
              -123.10661334394948,
              49.266132943486674
            ],
            [
              -123.10661260239118,
              49.26613079375779
            ],
            [
              -123.10661154190421,
              49.26612870172243
            ],
            [
              -123.10661017267518,
              49.266126687475825
            ],
            [
              -123.10660850785634,
              49.26612477036602
            ],
            [
              -123.10660656343927,
              49.266122968807984
            ],
            [
              -123.10660435810125,
              49.266121300106754
            ],
            [
              -123.10660191302586,
              49.2661197802912
            ],
            [
              -123.10659925169949,
              49.266118423960044
            ],
            [
              -123.10659639968577,
              49.266117244141654
            ],
            [
              -123.10659338437998,
              49.26611625216889
            ],
            [
              -123.10659023474592,
              49.26611545757024
            ],
            [
              -123.1065869810377,
              49.26611486797829
            ],
            [
              -123.10658365450911,
              49.26611448905642
            ],
            [
              -123.10658028711345,
              49.2661143244444
            ],
            [
              -123.10654458711345,
              49.2661137244444
            ],
            [
              -123.10654120155878,
              49.26611377617979
            ],
            [
              -123.1065378401405,
              49.2661140445423
            ],
            [
              -123.10653453533186,
              49.26611452693937
            ],
            [
              -123.10653131905924,
              49.26611521871078
            ],
            [
              -123.10652822239368,
              49.26611611317362
            ],
            [
              -123.10652527525077,
              49.26611720168684
            ],
            [
              -123.10652250610164,
              49.26611847373479
            ],
            [
              -123.10651994169785,
              49.26611991702875
            ],
            [
              -123.10651760681306,
              49.266121517625656
            ],
            [
              -123.10651552400357,
              49.26612326006281
            ],
            [
              -123.10651436263869,
              49.26612445788056
            ],
            [
              -123.10639957410137,
              49.26612266230567
            ],
            [
              -123.1064007446215,
              49.266090941210784
            ],
            [
              -123.10640066003066,
              49.26608873530253
            ],
            [
              -123.10640024446772,
              49.26608654542943
            ],
            [
              -123.10640012717597,
              49.26608620537802
            ],
            [
              -123.1066121260983,
              49.26608907174734
            ],
            [
              -123.10665456217201,
              49.26608976077231
            ],
            [
              -123.10664000776094,
              49.26641732713786
            ]
          ]
        ]
      },
      "properties": {
        "feature_type": "forest_area",
        "patch_id": 79,
        "tree_count": 4
      }
    },
    {
      "type": "Feature",
      "geometry": {
        "type": "Polygon",
        "coordinates": [
          [
            [
              -123.10635631403466,
              49.26639391230831
            ],
            [
              -123.10635131332994,
              49.2663936833123
            ],
            [
              -123.10600281332994,
              49.2663887833123
            ],
            [
              -123.1059978110287,
              49.26638887110095
            ],
            [
              -123.10599284518703,
              49.2663892741644
            ],
            [
              -123.10598796236025,
              49.266389988723894
            ],
            [
              -123.10598320832541,
              49.26639100808034
            ],
            [
              -123.10597897598839,
              49.26639222270896
            ],
            [
              -123.10598004896137,
              49.26636530896994
            ],
            [
              -123.10636963312656,
              49.266371343105135
            ],
            [
              -123.10636873287777,
              49.26639596025344
            ],
            [
              -123.10636609636525,
              49.26639531038503
            ],
            [
              -123.10636125721567,
              49.266394456372154
            ],
            [
              -123.10635631403466,
              49.26639391230831
            ]
          ]
        ]
      },
      "properties": {
        "feature_type": "forest_area",
        "patch_id": 80,
        "tree_count": 1
      }
    },
    {
      "type": "Feature",
      "geometry": {
        "type": "Polygon",
        "coordinates": [
          [
            [
              -123.1061734626594,
              49.26775730996478
            ],
            [
              -123.10617604587668,
              49.267758181459286
            ],
            [
              -123.106180757804,
              49.2677594059277
            ],
            [
              -123.1061856309678,
              49.26776032312459
            ],
            [
              -123.10619061843687,
              49.267760924216844
            ],
            [
              -123.10619567217915,
              49.26776120341562
            ],
            [
              -123.10653777056332,
              49.267769103378306
            ],
            [
              -123.1065713568735,
              49.26776988034867
            ],
            [
              -123.10656823087326,
              49.26784730467604
            ],
            [
              -123.10654340861566,
              49.26784685381767
            ],
            [
              -123.1065449416987,
              49.267810315338494
            ],
            [
              -123.10654486848694,
              49.26780811137071
            ],
            [
              -123.1065444648554,
              49.26780592267607
            ],
            [
              -123.10654373468464,
              49.267803770296744
            ],
            [
              -123.1065426849945,
              49.26780167492578
            ],
            [
              -123.10654132587675,
              49.26779965670814
            ],
            [
              -123.10653967039799,
              49.267797735047054
            ],
            [
              -123.10653773447407,
              49.267795928417414
            ],
            [
              -123.106535536717,
              49.26779425418823
            ],
            [
              -123.10653309825611,
              49.267792728455596
            ],
            [
              -123.10653044253483,
              49.26779136588795
            ],
            [
              -123.10652759508537,
              49.26779017958507
            ],
            [
              -123.10652458328317,
              49.2677891809521
            ],
            [
              -123.10652143608382,
              49.267788379589945
            ],
            [
              -123.10651818374461,
              49.26778778320292
            ],
            [
              -123.10651485753363,
              49.26778739752471
            ],
            [
              -123.10651148942917,
              49.26778722626324
            ],
            [
              -123.10617247886738,
              49.26778087095008
            ],
            [
              -123.1061734626594,
              49.26775730996478
            ]
          ]
        ]
      },
      "properties": {
        "feature_type": "forest_area",
        "patch_id": 81,
        "tree_count": 2
      }
    },
    {
      "type": "Feature",
      "geometry": {
        "type": "Polygon",
        "coordinates": [
          [
            [
              -123.1057635465952,
              49.26721080641906
            ],
            [
              -123.10566067587722,
              49.26720945876773
            ],
            [
              -123.10566216792057,
              49.267159368740465
            ],
            [
              -123.1057652094114,
              49.267160666115174
            ],
            [
              -123.1057635465952,
              49.26721080641906
            ]
          ]
        ]
      },
      "properties": {
        "feature_type": "forest_area",
        "patch_id": 82,
        "tree_count": 1
      }
    },
    {
      "type": "Feature",
      "geometry": {
        "type": "Polygon",
        "coordinates": [
          [
            [
              -123.10275153178513,
              49.26676079422116
            ],
            [
              -123.10275079846843,
              49.26678914913336
            ],
            [
              -123.10274238480112,
              49.266796612367884
            ],
            [
              -123.102719475066,
              49.26679640998507
            ],
            [
              -123.10272944333383,
              49.26654217504781
            ],
            [
              -123.10272936383669,
              49.2665399690981
            ],
            [
              -123.10272895334252,
              49.26653777885745
            ],
            [
              -123.10272821580527,
              49.26653562542255
            ],
            [
              -123.10272715832899,
              49.26653352953557
            ],
            [
              -123.10272679739792,
              49.26653299676956
            ],
            [
              -123.10273808133651,
              49.26654298183752
            ],
            [
              -123.1027421569408,
              49.266558030222576
            ],
            [
              -123.10274273377037,
              49.2665596948213
            ],
            [
              -123.1027435497758,
              49.26656131625222
            ],
            [
              -123.10274459761057,
              49.266562879917615
            ],
            [
              -123.10274586784104,
              49.26656437173978
            ],
            [
              -123.10274734903129,
              49.26656577828784
            ],
            [
              -123.10274902784619,
              49.26656708689865
            ],
            [
              -123.10275088917136,
              49.26656828579077
            ],
            [
              -123.10275516883742,
              49.266570792208746
            ],
            [
              -123.10275474129074,
              49.266583362081356
            ],
            [
              -123.10275475035887,
              49.266583582037605
            ],
            [
              -123.10275472984371,
              49.266583801665824
            ],
            [
              -123.10275153178513,
              49.26676079422116
            ]
          ]
        ]
      },
      "properties": {
        "feature_type": "forest_area",
        "patch_id": 83,
        "tree_count": 2
      }
    },
    {
      "type": "Feature",
      "geometry": {
        "type": "Polygon",
        "coordinates": [
          [
            [
              -123.10311592197719,
              49.268342527137015
            ],
            [
              -123.10311291327498,
              49.26834151915367
            ],
            [
              -123.10310976762177,
              49.26834070851208
            ],
            [
              -123.10310651532727,
              49.26834010302312
            ],
            [
              -123.10310318772873,
              49.26833970852094
            ],
            [
              -123.103099816889,
              49.268339528806735
            ],
            [
              -123.10307517936349,
              49.26833900737762
            ],
            [
              -123.10307537833637,
              49.26832819648782
            ],
            [
              -123.10307580648598,
              49.268304434184564
            ],
            [
              -123.10316978137445,
              49.26830618585729
            ],
            [
              -123.10316864184551,
              49.268330777627085
            ],
            [
              -123.10316664199007,
              49.268373674525925
            ],
            [
              -123.10316667619288,
              49.26837486947789
            ],
            [
              -123.1031325675311,
              49.26837403708716
            ],
            [
              -123.10313313605025,
              49.26836273776918
            ],
            [
              -123.1031330809945,
              49.2683605311244
            ],
            [
              -123.10313269466309,
              49.26835833863287
            ],
            [
              -123.10313198077851,
              49.268356181420195
            ],
            [
              -123.10313094621932,
              49.268354080272026
            ],
            [
              -123.10312960095396,
              49.268352055433844
            ],
            [
              -123.10312795794464,
              49.268350126415825
            ],
            [
              -123.10312603302245,
              49.26834831180489
            ],
            [
              -123.10312384473485,
              49.2683466290856
            ],
            [
              -123.10312141416692,
              49.26834509447166
            ],
            [
              -123.10311876473824,
              49.26834372274976
            ],
            [
              -123.10311592197719,
              49.268342527137015
            ]
          ]
        ]
      },
      "properties": {
        "feature_type": "forest_area",
        "patch_id": 84,
        "tree_count": 1
      }
    },
    {
      "type": "Feature",
      "geometry": {
        "type": "Point",
        "coordinates": [
          -123.1017715,
          49.2674069
        ]
      },
      "properties": {
        "feature_type": "tree",
        "tree_id": 1,
        "latitude": 49.2674069,
        "longitude": -123.1017715
      }
    },
    {
      "type": "Feature",
      "geometry": {
        "type": "Point",
        "coordinates": [
          -123.1024023,
          49.2675804
        ]
      },
      "properties": {
        "feature_type": "tree",
        "tree_id": 2,
        "latitude": 49.2675804,
        "longitude": -123.1024023
      }
    },
    {
      "type": "Feature",
      "geometry": {
        "type": "Point",
        "coordinates": [
          -123.1039727,
          49.265052
        ]
      },
      "properties": {
        "feature_type": "tree",
        "tree_id": 3,
        "latitude": 49.265052,
        "longitude": -123.1039727
      }
    },
    {
      "type": "Feature",
      "geometry": {
        "type": "Point",
        "coordinates": [
          -123.1063905,
          49.2670117
        ]
      },
      "properties": {
        "feature_type": "tree",
        "tree_id": 4,
        "latitude": 49.2670117,
        "longitude": -123.1063905
      }
    },
    {
      "type": "Feature",
      "geometry": {
        "type": "Point",
        "coordinates": [
          -123.1021527,
          49.2664866
        ]
      },
      "properties": {
        "feature_type": "tree",
        "tree_id": 5,
        "latitude": 49.2664866,
        "longitude": -123.1021527
      }
    },
    {
      "type": "Feature",
      "geometry": {
        "type": "Point",
        "coordinates": [
          -123.1042663,
          49.2656324
        ]
      },
      "properties": {
        "feature_type": "tree",
        "tree_id": 6,
        "latitude": 49.2656324,
        "longitude": -123.1042663
      }
    },
    {
      "type": "Feature",
      "geometry": {
        "type": "Point",
        "coordinates": [
          -123.1046547,
          49.2672111
        ]
      },
      "properties": {
        "feature_type": "tree",
        "tree_id": 7,
        "latitude": 49.2672111,
        "longitude": -123.1046547
      }
    },
    {
      "type": "Feature",
      "geometry": {
        "type": "Point",
        "coordinates": [
          -123.1055884,
          49.2670199
        ]
      },
      "properties": {
        "feature_type": "tree",
        "tree_id": 8,
        "latitude": 49.2670199,
        "longitude": -123.1055884
      }
    },
    {
      "type": "Feature",
      "geometry": {
        "type": "Point",
        "coordinates": [
          -123.1032365,
          49.2650562
        ]
      },
      "properties": {
        "feature_type": "tree",
        "tree_id": 9,
        "latitude": 49.2650562,
        "longitude": -123.1032365
      }
    },
    {
      "type": "Feature",
      "geometry": {
        "type": "Point",
        "coordinates": [
          -123.1064276,
          49.2674649
        ]
      },
      "properties": {
        "feature_type": "tree",
        "tree_id": 10,
        "latitude": 49.2674649,
        "longitude": -123.1064276
      }
    },
    {
      "type": "Feature",
      "geometry": {
        "type": "Point",
        "coordinates": [
          -123.1048526,
          49.2662909
        ]
      },
      "properties": {
        "feature_type": "tree",
        "tree_id": 11,
        "latitude": 49.2662909,
        "longitude": -123.1048526
      }
    },
    {
      "type": "Feature",
      "geometry": {
        "type": "Point",
        "coordinates": [
          -123.1013252,
          49.2665447
        ]
      },
      "properties": {
        "feature_type": "tree",
        "tree_id": 12,
        "latitude": 49.2665447,
        "longitude": -123.1013252
      }
    },
    {
      "type": "Feature",
      "geometry": {
        "type": "Point",
        "coordinates": [
          -123.1021514,
          49.2656959
        ]
      },
      "properties": {
        "feature_type": "tree",
        "tree_id": 13,
        "latitude": 49.2656959,
        "longitude": -123.1021514
      }
    },
    {
      "type": "Feature",
      "geometry": {
        "type": "Point",
        "coordinates": [
          -123.1031106,
          49.2668626
        ]
      },
      "properties": {
        "feature_type": "tree",
        "tree_id": 14,
        "latitude": 49.2668626,
        "longitude": -123.1031106
      }
    },
    {
      "type": "Feature",
      "geometry": {
        "type": "Point",
        "coordinates": [
          -123.1046109,
          49.2669978
        ]
      },
      "properties": {
        "feature_type": "tree",
        "tree_id": 15,
        "latitude": 49.2669978,
        "longitude": -123.1046109
      }
    },
    {
      "type": "Feature",
      "geometry": {
        "type": "Point",
        "coordinates": [
          -123.1031902,
          49.2674961
        ]
      },
      "properties": {
        "feature_type": "tree",
        "tree_id": 16,
        "latitude": 49.2674961,
        "longitude": -123.1031902
      }
    },
    {
      "type": "Feature",
      "geometry": {
        "type": "Point",
        "coordinates": [
          -123.1067309,
          49.2671023
        ]
      },
      "properties": {
        "feature_type": "tree",
        "tree_id": 17,
        "latitude": 49.2671023,
        "longitude": -123.1067309
      }
    },
    {
      "type": "Feature",
      "geometry": {
        "type": "Point",
        "coordinates": [
          -123.1026895,
          49.2659526
        ]
      },
      "properties": {
        "feature_type": "tree",
        "tree_id": 18,
        "latitude": 49.2659526,
        "longitude": -123.1026895
      }
    },
    {
      "type": "Feature",
      "geometry": {
        "type": "Point",
        "coordinates": [
          -123.1056057,
          49.2655145
        ]
      },
      "properties": {
        "feature_type": "tree",
        "tree_id": 19,
        "latitude": 49.2655145,
        "longitude": -123.1056057
      }
    },
    {
      "type": "Feature",
      "geometry": {
        "type": "Point",
        "coordinates": [
          -123.1018329,
          49.2656148
        ]
      },
      "properties": {
        "feature_type": "tree",
        "tree_id": 20,
        "latitude": 49.2656148,
        "longitude": -123.1018329
      }
    },
    {
      "type": "Feature",
      "geometry": {
        "type": "Point",
        "coordinates": [
          -123.1030825,
          49.2683355
        ]
      },
      "properties": {
        "feature_type": "tree",
        "tree_id": 21,
        "latitude": 49.2683355,
        "longitude": -123.1030825
      }
    },
    {
      "type": "Feature",
      "geometry": {
        "type": "Point",
        "coordinates": [
          -123.1046258,
          49.2672038
        ]
      },
      "properties": {
        "feature_type": "tree",
        "tree_id": 22,
        "latitude": 49.2672038,
        "longitude": -123.1046258
      }
    },
    {
      "type": "Feature",
      "geometry": {
        "type": "Point",
        "coordinates": [
          -123.1032388,
          49.2678629
        ]
      },
      "properties": {
        "feature_type": "tree",
        "tree_id": 23,
        "latitude": 49.2678629,
        "longitude": -123.1032388
      }
    },
    {
      "type": "Feature",
      "geometry": {
        "type": "Point",
        "coordinates": [
          -123.1046753,
          49.2664068
        ]
      },
      "properties": {
        "feature_type": "tree",
        "tree_id": 24,
        "latitude": 49.2664068,
        "longitude": -123.1046753
      }
    },
    {
      "type": "Feature",
      "geometry": {
        "type": "Point",
        "coordinates": [
          -123.1027356,
          49.2667699
        ]
      },
      "properties": {
        "feature_type": "tree",
        "tree_id": 25,
        "latitude": 49.2667699,
        "longitude": -123.1027356
      }
    },
    {
      "type": "Feature",
      "geometry": {
        "type": "Point",
        "coordinates": [
          -123.1043185,
          49.2665185
        ]
      },
      "properties": {
        "feature_type": "tree",
        "tree_id": 26,
        "latitude": 49.2665185,
        "longitude": -123.1043185
      }
    },
    {
      "type": "Feature",
      "geometry": {
        "type": "Point",
        "coordinates": [
          -123.102965,
          49.2652946
        ]
      },
      "properties": {
        "feature_type": "tree",
        "tree_id": 27,
        "latitude": 49.2652946,
        "longitude": -123.102965
      }
    },
    {
      "type": "Feature",
      "geometry": {
        "type": "Point",
        "coordinates": [
          -123.1030209,
          49.2674171
        ]
      },
      "properties": {
        "feature_type": "tree",
        "tree_id": 28,
        "latitude": 49.2674171,
        "longitude": -123.1030209
      }
    },
    {
      "type": "Feature",
      "geometry": {
        "type": "Point",
        "coordinates": [
          -123.1030823,
          49.2650217
        ]
      },
      "properties": {
        "feature_type": "tree",
        "tree_id": 29,
        "latitude": 49.2650217,
        "longitude": -123.1030823
      }
    },
    {
      "type": "Feature",
      "geometry": {
        "type": "Point",
        "coordinates": [
          -123.1027606,
          49.2656587
        ]
      },
      "properties": {
        "feature_type": "tree",
        "tree_id": 30,
        "latitude": 49.2656587,
        "longitude": -123.1027606
      }
    },
    {
      "type": "Feature",
      "geometry": {
        "type": "Point",
        "coordinates": [
          -123.1054927,
          49.268357
        ]
      },
      "properties": {
        "feature_type": "tree",
        "tree_id": 31,
        "latitude": 49.268357,
        "longitude": -123.1054927
      }
    },
    {
      "type": "Feature",
      "geometry": {
        "type": "Point",
        "coordinates": [
          -123.1017739,
          49.2656801
        ]
      },
      "properties": {
        "feature_type": "tree",
        "tree_id": 32,
        "latitude": 49.2656801,
        "longitude": -123.1017739
      }
    },
    {
      "type": "Feature",
      "geometry": {
        "type": "Point",
        "coordinates": [
          -123.1028562,
          49.2680979
        ]
      },
      "properties": {
        "feature_type": "tree",
        "tree_id": 33,
        "latitude": 49.2680979,
        "longitude": -123.1028562
      }
    },
    {
      "type": "Feature",
      "geometry": {
        "type": "Point",
        "coordinates": [
          -123.1060377,
          49.2663713
        ]
      },
      "properties": {
        "feature_type": "tree",
        "tree_id": 34,
        "latitude": 49.2663713,
        "longitude": -123.1060377
      }
    },
    {
      "type": "Feature",
      "geometry": {
        "type": "Point",
        "coordinates": [
          -123.1043385,
          49.2645996
        ]
      },
      "properties": {
        "feature_type": "tree",
        "tree_id": 35,
        "latitude": 49.2645996,
        "longitude": -123.1043385
      }
    },
    {
      "type": "Feature",
      "geometry": {
        "type": "Point",
        "coordinates": [
          -123.1034313,
          49.266949
        ]
      },
      "properties": {
        "feature_type": "tree",
        "tree_id": 36,
        "latitude": 49.266949,
        "longitude": -123.1034313
      }
    },
    {
      "type": "Feature",
      "geometry": {
        "type": "Point",
        "coordinates": [
          -123.1018289,
          49.2654277
        ]
      },
      "properties": {
        "feature_type": "tree",
        "tree_id": 37,
        "latitude": 49.2654277,
        "longitude": -123.1018289
      }
    },
    {
      "type": "Feature",
      "geometry": {
        "type": "Point",
        "coordinates": [
          -123.105232,
          49.2660921
        ]
      },
      "properties": {
        "feature_type": "tree",
        "tree_id": 38,
        "latitude": 49.2660921,
        "longitude": -123.105232
      }
    },
    {
      "type": "Feature",
      "geometry": {
        "type": "Point",
        "coordinates": [
          -123.1027501,
          49.2657235
        ]
      },
      "properties": {
        "feature_type": "tree",
        "tree_id": 39,
        "latitude": 49.2657235,
        "longitude": -123.1027501
      }
    },
    {
      "type": "Feature",
      "geometry": {
        "type": "Point",
        "coordinates": [
          -123.10341,
          49.2654946
        ]
      },
      "properties": {
        "feature_type": "tree",
        "tree_id": 40,
        "latitude": 49.2654946,
        "longitude": -123.10341
      }
    },
    {
      "type": "Feature",
      "geometry": {
        "type": "Point",
        "coordinates": [
          -123.103356,
          49.2683563
        ]
      },
      "properties": {
        "feature_type": "tree",
        "tree_id": 41,
        "latitude": 49.2683563,
        "longitude": -123.103356
      }
    },
    {
      "type": "Feature",
      "geometry": {
        "type": "Point",
        "coordinates": [
          -123.1022281,
          49.2651953
        ]
      },
      "properties": {
        "feature_type": "tree",
        "tree_id": 42,
        "latitude": 49.2651953,
        "longitude": -123.1022281
      }
    },
    {
      "type": "Feature",
      "geometry": {
        "type": "Point",
        "coordinates": [
          -123.102477,
          49.2656512
        ]
      },
      "properties": {
        "feature_type": "tree",
        "tree_id": 43,
        "latitude": 49.2656512,
        "longitude": -123.102477
      }
    },
    {
      "type": "Feature",
      "geometry": {
        "type": "Point",
        "coordinates": [
          -123.1048217,
          49.2681092
        ]
      },
      "properties": {
        "feature_type": "tree",
        "tree_id": 44,
        "latitude": 49.2681092,
        "longitude": -123.1048217
      }
    },
    {
      "type": "Feature",
      "geometry": {
        "type": "Point",
        "coordinates": [
          -123.1046997,
          49.2652043
        ]
      },
      "properties": {
        "feature_type": "tree",
        "tree_id": 45,
        "latitude": 49.2652043,
        "longitude": -123.1046997
      }
    },
    {
      "type": "Feature",
      "geometry": {
        "type": "Point",
        "coordinates": [
          -123.104282,
          49.265079
        ]
      },
      "properties": {
        "feature_type": "tree",
        "tree_id": 46,
        "latitude": 49.265079,
        "longitude": -123.104282
      }
    },
    {
      "type": "Feature",
      "geometry": {
        "type": "Point",
        "coordinates": [
          -123.1054697,
          49.2652991
        ]
      },
      "properties": {
        "feature_type": "tree",
        "tree_id": 47,
        "latitude": 49.2652991,
        "longitude": -123.1054697
      }
    },
    {
      "type": "Feature",
      "geometry": {
        "type": "Point",
        "coordinates": [
          -123.1057117,
          49.2670294
        ]
      },
      "properties": {
        "feature_type": "tree",
        "tree_id": 48,
        "latitude": 49.2670294,
        "longitude": -123.1057117
      }
    },
    {
      "type": "Feature",
      "geometry": {
        "type": "Point",
        "coordinates": [
          -123.1046509,
          49.2676017
        ]
      },
      "properties": {
        "feature_type": "tree",
        "tree_id": 49,
        "latitude": 49.2676017,
        "longitude": -123.1046509
      }
    },
    {
      "type": "Feature",
      "geometry": {
        "type": "Point",
        "coordinates": [
          -123.1013694,
          49.2667225
        ]
      },
      "properties": {
        "feature_type": "tree",
        "tree_id": 50,
        "latitude": 49.2667225,
        "longitude": -123.1013694
      }
    },
    {
      "type": "Feature",
      "geometry": {
        "type": "Point",
        "coordinates": [
          -123.10385,
          49.2664164
        ]
      },
      "properties": {
        "feature_type": "tree",
        "tree_id": 51,
        "latitude": 49.2664164,
        "longitude": -123.10385
      }
    },
    {
      "type": "Feature",
      "geometry": {
        "type": "Point",
        "coordinates": [
          -123.1046117,
          49.2647436
        ]
      },
      "properties": {
        "feature_type": "tree",
        "tree_id": 52,
        "latitude": 49.2647436,
        "longitude": -123.1046117
      }
    },
    {
      "type": "Feature",
      "geometry": {
        "type": "Point",
        "coordinates": [
          -123.1059459,
          49.2655438
        ]
      },
      "properties": {
        "feature_type": "tree",
        "tree_id": 53,
        "latitude": 49.2655438,
        "longitude": -123.1059459
      }
    },
    {
      "type": "Feature",
      "geometry": {
        "type": "Point",
        "coordinates": [
          -123.1067342,
          49.2676523
        ]
      },
      "properties": {
        "feature_type": "tree",
        "tree_id": 54,
        "latitude": 49.2676523,
        "longitude": -123.1067342
      }
    },
    {
      "type": "Feature",
      "geometry": {
        "type": "Point",
        "coordinates": [
          -123.1027415,
          49.2657375
        ]
      },
      "properties": {
        "feature_type": "tree",
        "tree_id": 55,
        "latitude": 49.2657375,
        "longitude": -123.1027415
      }
    },
    {
      "type": "Feature",
      "geometry": {
        "type": "Point",
        "coordinates": [
          -123.1030812,
          49.26743
        ]
      },
      "properties": {
        "feature_type": "tree",
        "tree_id": 56,
        "latitude": 49.26743,
        "longitude": -123.1030812
      }
    },
    {
      "type": "Feature",
      "geometry": {
        "type": "Point",
        "coordinates": [
          -123.1058118,
          49.2652038
        ]
      },
      "properties": {
        "feature_type": "tree",
        "tree_id": 57,
        "latitude": 49.2652038,
        "longitude": -123.1058118
      }
    },
    {
      "type": "Feature",
      "geometry": {
        "type": "Point",
        "coordinates": [
          -123.1049253,
          49.2661325
        ]
      },
      "properties": {
        "feature_type": "tree",
        "tree_id": 58,
        "latitude": 49.2661325,
        "longitude": -123.1049253
      }
    },
    {
      "type": "Feature",
      "geometry": {
        "type": "Point",
        "coordinates": [
          -123.104105,
          49.2665424
        ]
      },
      "properties": {
        "feature_type": "tree",
        "tree_id": 59,
        "latitude": 49.2665424,
        "longitude": -123.104105
      }
    },
    {
      "type": "Feature",
      "geometry": {
        "type": "Point",
        "coordinates": [
          -123.104635,
          49.2647392
        ]
      },
      "properties": {
        "feature_type": "tree",
        "tree_id": 60,
        "latitude": 49.2647392,
        "longitude": -123.104635
      }
    },
    {
      "type": "Feature",
      "geometry": {
        "type": "Point",
        "coordinates": [
          -123.1065629,
          49.2672403
        ]
      },
      "properties": {
        "feature_type": "tree",
        "tree_id": 61,
        "latitude": 49.2672403,
        "longitude": -123.1065629
      }
    },
    {
      "type": "Feature",
      "geometry": {
        "type": "Point",
        "coordinates": [
          -123.1049852,
          49.2681384
        ]
      },
      "properties": {
        "feature_type": "tree",
        "tree_id": 62,
        "latitude": 49.2681384,
        "longitude": -123.1049852
      }
    },
    {
      "type": "Feature",
      "geometry": {
        "type": "Point",
        "coordinates": [
          -123.1038326,
          49.2650379
        ]
      },
      "properties": {
        "feature_type": "tree",
        "tree_id": 63,
        "latitude": 49.2650379,
        "longitude": -123.1038326
      }
    },
    {
      "type": "Feature",
      "geometry": {
        "type": "Point",
        "coordinates": [
          -123.1063772,
          49.2652031
        ]
      },
      "properties": {
        "feature_type": "tree",
        "tree_id": 64,
        "latitude": 49.2652031,
        "longitude": -123.1063772
      }
    },
    {
      "type": "Feature",
      "geometry": {
        "type": "Point",
        "coordinates": [
          -123.1058464,
          49.2664483
        ]
      },
      "properties": {
        "feature_type": "tree",
        "tree_id": 65,
        "latitude": 49.2664483,
        "longitude": -123.1058464
      }
    },
    {
      "type": "Feature",
      "geometry": {
        "type": "Point",
        "coordinates": [
          -123.1018157,
          49.2674075
        ]
      },
      "properties": {
        "feature_type": "tree",
        "tree_id": 66,
        "latitude": 49.2674075,
        "longitude": -123.1018157
      }
    },
    {
      "type": "Feature",
      "geometry": {
        "type": "Point",
        "coordinates": [
          -123.1017207,
          49.2659112
        ]
      },
      "properties": {
        "feature_type": "tree",
        "tree_id": 67,
        "latitude": 49.2659112,
        "longitude": -123.1017207
      }
    },
    {
      "type": "Feature",
      "geometry": {
        "type": "Point",
        "coordinates": [
          -123.1029521,
          49.2661391
        ]
      },
      "properties": {
        "feature_type": "tree",
        "tree_id": 68,
        "latitude": 49.2661391,
        "longitude": -123.1029521
      }
    },
    {
      "type": "Feature",
      "geometry": {
        "type": "Point",
        "coordinates": [
          -123.1034776,
          49.268529
        ]
      },
      "properties": {
        "feature_type": "tree",
        "tree_id": 69,
        "latitude": 49.268529,
        "longitude": -123.1034776
      }
    },
    {
      "type": "Feature",
      "geometry": {
        "type": "Point",
        "coordinates": [
          -123.1053897,
          49.2652858
        ]
      },
      "properties": {
        "feature_type": "tree",
        "tree_id": 70,
        "latitude": 49.2652858,
        "longitude": -123.1053897
      }
    },
    {
      "type": "Feature",
      "geometry": {
        "type": "Point",
        "coordinates": [
          -123.10188,
          49.2653692
        ]
      },
      "properties": {
        "feature_type": "tree",
        "tree_id": 71,
        "latitude": 49.2653692,
        "longitude": -123.10188
      }
    },
    {
      "type": "Feature",
      "geometry": {
        "type": "Point",
        "coordinates": [
          -123.1036734,
          49.2684499
        ]
      },
      "properties": {
        "feature_type": "tree",
        "tree_id": 72,
        "latitude": 49.2684499,
        "longitude": -123.1036734
      }
    },
    {
      "type": "Feature",
      "geometry": {
        "type": "Point",
        "coordinates": [
          -123.1017143,
          49.2656957
        ]
      },
      "properties": {
        "feature_type": "tree",
        "tree_id": 73,
        "latitude": 49.2656957,
        "longitude": -123.1017143
      }
    },
    {
      "type": "Feature",
      "geometry": {
        "type": "Point",
        "coordinates": [
          -123.1011482,
          49.2666655
        ]
      },
      "properties": {
        "feature_type": "tree",
        "tree_id": 74,
        "latitude": 49.2666655,
        "longitude": -123.1011482
      }
    },
    {
      "type": "Feature",
      "geometry": {
        "type": "Point",
        "coordinates": [
          -123.1048004,
          49.2671211
        ]
      },
      "properties": {
        "feature_type": "tree",
        "tree_id": 75,
        "latitude": 49.2671211,
        "longitude": -123.1048004
      }
    },
    {
      "type": "Feature",
      "geometry": {
        "type": "Point",
        "coordinates": [
          -123.1056236,
          49.2670494
        ]
      },
      "properties": {
        "feature_type": "tree",
        "tree_id": 76,
        "latitude": 49.2670494,
        "longitude": -123.1056236
      }
    },
    {
      "type": "Feature",
      "geometry": {
        "type": "Point",
        "coordinates": [
          -123.1032171,
          49.2647279
        ]
      },
      "properties": {
        "feature_type": "tree",
        "tree_id": 77,
        "latitude": 49.2647279,
        "longitude": -123.1032171
      }
    },
    {
      "type": "Feature",
      "geometry": {
        "type": "Point",
        "coordinates": [
          -123.1031986,
          49.2651523
        ]
      },
      "properties": {
        "feature_type": "tree",
        "tree_id": 78,
        "latitude": 49.2651523,
        "longitude": -123.1031986
      }
    },
    {
      "type": "Feature",
      "geometry": {
        "type": "Point",
        "coordinates": [
          -123.1056066,
          49.2670795
        ]
      },
      "properties": {
        "feature_type": "tree",
        "tree_id": 79,
        "latitude": 49.2670795,
        "longitude": -123.1056066
      }
    },
    {
      "type": "Feature",
      "geometry": {
        "type": "Point",
        "coordinates": [
          -123.1065569,
          49.2668916
        ]
      },
      "properties": {
        "feature_type": "tree",
        "tree_id": 80,
        "latitude": 49.2668916,
        "longitude": -123.1065569
      }
    },
    {
      "type": "Feature",
      "geometry": {
        "type": "Point",
        "coordinates": [
          -123.1037712,
          49.2678659
        ]
      },
      "properties": {
        "feature_type": "tree",
        "tree_id": 81,
        "latitude": 49.2678659,
        "longitude": -123.1037712
      }
    },
    {
      "type": "Feature",
      "geometry": {
        "type": "Point",
        "coordinates": [
          -123.1020416,
          49.2653009
        ]
      },
      "properties": {
        "feature_type": "tree",
        "tree_id": 82,
        "latitude": 49.2653009,
        "longitude": -123.1020416
      }
    },
    {
      "type": "Feature",
      "geometry": {
        "type": "Point",
        "coordinates": [
          -123.1026297,
          49.2674883
        ]
      },
      "properties": {
        "feature_type": "tree",
        "tree_id": 83,
        "latitude": 49.2674883,
        "longitude": -123.1026297
      }
    },
    {
      "type": "Feature",
      "geometry": {
        "type": "Point",
        "coordinates": [
          -123.1022409,
          49.2651586
        ]
      },
      "properties": {
        "feature_type": "tree",
        "tree_id": 84,
        "latitude": 49.2651586,
        "longitude": -123.1022409
      }
    },
    {
      "type": "Feature",
      "geometry": {
        "type": "Point",
        "coordinates": [
          -123.1020076,
          49.2652919
        ]
      },
      "properties": {
        "feature_type": "tree",
        "tree_id": 85,
        "latitude": 49.2652919,
        "longitude": -123.1020076
      }
    },
    {
      "type": "Feature",
      "geometry": {
        "type": "Point",
        "coordinates": [
          -123.1022256,
          49.2652316
        ]
      },
      "properties": {
        "feature_type": "tree",
        "tree_id": 86,
        "latitude": 49.2652316,
        "longitude": -123.1022256
      }
    },
    {
      "type": "Feature",
      "geometry": {
        "type": "Point",
        "coordinates": [
          -123.1068102,
          49.2659853
        ]
      },
      "properties": {
        "feature_type": "tree",
        "tree_id": 87,
        "latitude": 49.2659853,
        "longitude": -123.1068102
      }
    },
    {
      "type": "Feature",
      "geometry": {
        "type": "Point",
        "coordinates": [
          -123.1041056,
          49.2668723
        ]
      },
      "properties": {
        "feature_type": "tree",
        "tree_id": 88,
        "latitude": 49.2668723,
        "longitude": -123.1041056
      }
    },
    {
      "type": "Feature",
      "geometry": {
        "type": "Point",
        "coordinates": [
          -123.103672,
          49.2665173
        ]
      },
      "properties": {
        "feature_type": "tree",
        "tree_id": 89,
        "latitude": 49.2665173,
        "longitude": -123.103672
      }
    },
    {
      "type": "Feature",
      "geometry": {
        "type": "Point",
        "coordinates": [
          -123.102202,
          49.2655956
        ]
      },
      "properties": {
        "feature_type": "tree",
        "tree_id": 90,
        "latitude": 49.2655956,
        "longitude": -123.102202
      }
    },
    {
      "type": "Feature",
      "geometry": {
        "type": "Point",
        "coordinates": [
          -123.1063504,
          49.2656708
        ]
      },
      "properties": {
        "feature_type": "tree",
        "tree_id": 91,
        "latitude": 49.2656708,
        "longitude": -123.1063504
      }
    },
    {
      "type": "Feature",
      "geometry": {
        "type": "Point",
        "coordinates": [
          -123.1029582,
          49.2654252
        ]
      },
      "properties": {
        "feature_type": "tree",
        "tree_id": 92,
        "latitude": 49.2654252,
        "longitude": -123.1029582
      }
    },
    {
      "type": "Feature",
      "geometry": {
        "type": "Point",
        "coordinates": [
          -123.104673,
          49.266898
        ]
      },
      "properties": {
        "feature_type": "tree",
        "tree_id": 93,
        "latitude": 49.266898,
        "longitude": -123.104673
      }
    },
    {
      "type": "Feature",
      "geometry": {
        "type": "Point",
        "coordinates": [
          -123.1049366,
          49.2679161
        ]
      },
      "properties": {
        "feature_type": "tree",
        "tree_id": 94,
        "latitude": 49.2679161,
        "longitude": -123.1049366
      }
    },
    {
      "type": "Feature",
      "geometry": {
        "type": "Point",
        "coordinates": [
          -123.1024303,
          49.2676491
        ]
      },
      "properties": {
        "feature_type": "tree",
        "tree_id": 95,
        "latitude": 49.2676491,
        "longitude": -123.1024303
      }
    },
    {
      "type": "Feature",
      "geometry": {
        "type": "Point",
        "coordinates": [
          -123.1021441,
          49.2656636
        ]
      },
      "properties": {
        "feature_type": "tree",
        "tree_id": 96,
        "latitude": 49.2656636,
        "longitude": -123.1021441
      }
    },
    {
      "type": "Feature",
      "geometry": {
        "type": "Point",
        "coordinates": [
          -123.1055835,
          49.2672856
        ]
      },
      "properties": {
        "feature_type": "tree",
        "tree_id": 97,
        "latitude": 49.2672856,
        "longitude": -123.1055835
      }
    },
    {
      "type": "Feature",
      "geometry": {
        "type": "Point",
        "coordinates": [
          -123.1018105,
          49.2657767
        ]
      },
      "properties": {
        "feature_type": "tree",
        "tree_id": 98,
        "latitude": 49.2657767,
        "longitude": -123.1018105
      }
    },
    {
      "type": "Feature",
      "geometry": {
        "type": "Point",
        "coordinates": [
          -123.1055664,
          49.2674457
        ]
      },
      "properties": {
        "feature_type": "tree",
        "tree_id": 99,
        "latitude": 49.2674457,
        "longitude": -123.1055664
      }
    },
    {
      "type": "Feature",
      "geometry": {
        "type": "Point",
        "coordinates": [
          -123.1031885,
          49.2649622
        ]
      },
      "properties": {
        "feature_type": "tree",
        "tree_id": 100,
        "latitude": 49.2649622,
        "longitude": -123.1031885
      }
    },
    {
      "type": "Feature",
      "geometry": {
        "type": "Point",
        "coordinates": [
          -123.103497,
          49.2659771
        ]
      },
      "properties": {
        "feature_type": "tree",
        "tree_id": 101,
        "latitude": 49.2659771,
        "longitude": -123.103497
      }
    },
    {
      "type": "Feature",
      "geometry": {
        "type": "Point",
        "coordinates": [
          -123.1038517,
          49.2650746
        ]
      },
      "properties": {
        "feature_type": "tree",
        "tree_id": 102,
        "latitude": 49.2650746,
        "longitude": -123.1038517
      }
    },
    {
      "type": "Feature",
      "geometry": {
        "type": "Point",
        "coordinates": [
          -123.1036898,
          49.2683847
        ]
      },
      "properties": {
        "feature_type": "tree",
        "tree_id": 103,
        "latitude": 49.2683847,
        "longitude": -123.1036898
      }
    },
    {
      "type": "Feature",
      "geometry": {
        "type": "Point",
        "coordinates": [
          -123.1019787,
          49.2656885
        ]
      },
      "properties": {
        "feature_type": "tree",
        "tree_id": 104,
        "latitude": 49.2656885,
        "longitude": -123.1019787
      }
    },
    {
      "type": "Feature",
      "geometry": {
        "type": "Point",
        "coordinates": [
          -123.1030564,
          49.264853
        ]
      },
      "properties": {
        "feature_type": "tree",
        "tree_id": 105,
        "latitude": 49.264853,
        "longitude": -123.1030564
      }
    },
    {
      "type": "Feature",
      "geometry": {
        "type": "Point",
        "coordinates": [
          -123.1052353,
          49.2653007
        ]
      },
      "properties": {
        "feature_type": "tree",
        "tree_id": 106,
        "latitude": 49.2653007,
        "longitude": -123.1052353
      }
    },
    {
      "type": "Feature",
      "geometry": {
        "type": "Point",
        "coordinates": [
          -123.1043708,
          49.2674232
        ]
      },
      "properties": {
        "feature_type": "tree",
        "tree_id": 107,
        "latitude": 49.2674232,
        "longitude": -123.1043708
      }
    },
    {
      "type": "Feature",
      "geometry": {
        "type": "Point",
        "coordinates": [
          -123.1044716,
          49.2646155
        ]
      },
      "properties": {
        "feature_type": "tree",
        "tree_id": 108,
        "latitude": 49.2646155,
        "longitude": -123.1044716
      }
    },
    {
      "type": "Feature",
      "geometry": {
        "type": "Point",
        "coordinates": [
          -123.1013878,
          49.266719
        ]
      },
      "properties": {
        "feature_type": "tree",
        "tree_id": 109,
        "latitude": 49.266719,
        "longitude": -123.1013878
      }
    },
    {
      "type": "Feature",
      "geometry": {
        "type": "Point",
        "coordinates": [
          -123.1035434,
          49.2662009
        ]
      },
      "properties": {
        "feature_type": "tree",
        "tree_id": 110,
        "latitude": 49.2662009,
        "longitude": -123.1035434
      }
    },
    {
      "type": "Feature",
      "geometry": {
        "type": "Point",
        "coordinates": [
          -123.1053783,
          49.2651971
        ]
      },
      "properties": {
        "feature_type": "tree",
        "tree_id": 111,
        "latitude": 49.2651971,
        "longitude": -123.1053783
      }
    },
    {
      "type": "Feature",
      "geometry": {
        "type": "Point",
        "coordinates": [
          -123.102897,
          49.2672855
        ]
      },
      "properties": {
        "feature_type": "tree",
        "tree_id": 112,
        "latitude": 49.2672855,
        "longitude": -123.102897
      }
    },
    {
      "type": "Feature",
      "geometry": {
        "type": "Point",
        "coordinates": [
          -123.1023001,
          49.2676927
        ]
      },
      "properties": {
        "feature_type": "tree",
        "tree_id": 113,
        "latitude": 49.2676927,
        "longitude": -123.1023001
      }
    },
    {
      "type": "Feature",
      "geometry": {
        "type": "Point",
        "coordinates": [
          -123.1036523,
          49.2682247
        ]
      },
      "properties": {
        "feature_type": "tree",
        "tree_id": 114,
        "latitude": 49.2682247,
        "longitude": -123.1036523
      }
    },
    {
      "type": "Feature",
      "geometry": {
        "type": "Point",
        "coordinates": [
          -123.1012694,
          49.2667078
        ]
      },
      "properties": {
        "feature_type": "tree",
        "tree_id": 115,
        "latitude": 49.2667078,
        "longitude": -123.1012694
      }
    },
    {
      "type": "Feature",
      "geometry": {
        "type": "Point",
        "coordinates": [
          -123.103107,
          49.2655978
        ]
      },
      "properties": {
        "feature_type": "tree",
        "tree_id": 116,
        "latitude": 49.2655978,
        "longitude": -123.103107
      }
    },
    {
      "type": "Feature",
      "geometry": {
        "type": "Point",
        "coordinates": [
          -123.1040023,
          49.2656334
        ]
      },
      "properties": {
        "feature_type": "tree",
        "tree_id": 117,
        "latitude": 49.2656334,
        "longitude": -123.1040023
      }
    },
    {
      "type": "Feature",
      "geometry": {
        "type": "Point",
        "coordinates": [
          -123.1020081,
          49.2652985
        ]
      },
      "properties": {
        "feature_type": "tree",
        "tree_id": 118,
        "latitude": 49.2652985,
        "longitude": -123.1020081
      }
    },
    {
      "type": "Feature",
      "geometry": {
        "type": "Point",
        "coordinates": [
          -123.1063498,
          49.2651925
        ]
      },
      "properties": {
        "feature_type": "tree",
        "tree_id": 119,
        "latitude": 49.2651925,
        "longitude": -123.1063498
      }
    },
    {
      "type": "Feature",
      "geometry": {
        "type": "Point",
        "coordinates": [
          -123.1056809,
          49.2669994
        ]
      },
      "properties": {
        "feature_type": "tree",
        "tree_id": 120,
        "latitude": 49.2669994,
        "longitude": -123.1056809
      }
    },
    {
      "type": "Feature",
      "geometry": {
        "type": "Point",
        "coordinates": [
          -123.1065589,
          49.2673531
        ]
      },
      "properties": {
        "feature_type": "tree",
        "tree_id": 121,
        "latitude": 49.2673531,
        "longitude": -123.1065589
      }
    },
    {
      "type": "Feature",
      "geometry": {
        "type": "Point",
        "coordinates": [
          -123.1069512,
          49.2669254
        ]
      },
      "properties": {
        "feature_type": "tree",
        "tree_id": 122,
        "latitude": 49.2669254,
        "longitude": -123.1069512
      }
    },
    {
      "type": "Feature",
      "geometry": {
        "type": "Point",
        "coordinates": [
          -123.1030414,
          49.2650587
        ]
      },
      "properties": {
        "feature_type": "tree",
        "tree_id": 123,
        "latitude": 49.2650587,
        "longitude": -123.1030414
      }
    },
    {
      "type": "Feature",
      "geometry": {
        "type": "Point",
        "coordinates": [
          -123.1043169,
          49.2646143
        ]
      },
      "properties": {
        "feature_type": "tree",
        "tree_id": 124,
        "latitude": 49.2646143,
        "longitude": -123.1043169
      }
    },
    {
      "type": "Feature",
      "geometry": {
        "type": "Point",
        "coordinates": [
          -123.1053189,
          49.2682387
        ]
      },
      "properties": {
        "feature_type": "tree",
        "tree_id": 125,
        "latitude": 49.2682387,
        "longitude": -123.1053189
      }
    },
    {
      "type": "Feature",
      "geometry": {
        "type": "Point",
        "coordinates": [
          -123.1058025,
          49.2681222
        ]
      },
      "properties": {
        "feature_type": "tree",
        "tree_id": 126,
        "latitude": 49.2681222,
        "longitude": -123.1058025
      }
    },
    {
      "type": "Feature",
      "geometry": {
        "type": "Point",
        "coordinates": [
          -123.1064474,
          49.2679154
        ]
      },
      "properties": {
        "feature_type": "tree",
        "tree_id": 127,
        "latitude": 49.2679154,
        "longitude": -123.1064474
      }
    },
    {
      "type": "Feature",
      "geometry": {
        "type": "Point",
        "coordinates": [
          -123.1034236,
          49.2669639
        ]
      },
      "properties": {
        "feature_type": "tree",
        "tree_id": 128,
        "latitude": 49.2669639,
        "longitude": -123.1034236
      }
    },
    {
      "type": "Feature",
      "geometry": {
        "type": "Point",
        "coordinates": [
          -123.1045941,
          49.266997
        ]
      },
      "properties": {
        "feature_type": "tree",
        "tree_id": 129,
        "latitude": 49.266997,
        "longitude": -123.1045941
      }
    },
    {
      "type": "Feature",
      "geometry": {
        "type": "Point",
        "coordinates": [
          -123.103672,
          49.2664158
        ]
      },
      "properties": {
        "feature_type": "tree",
        "tree_id": 130,
        "latitude": 49.2664158,
        "longitude": -123.103672
      }
    },
    {
      "type": "Feature",
      "geometry": {
        "type": "Point",
        "coordinates": [
          -123.1046182,
          49.2676071
        ]
      },
      "properties": {
        "feature_type": "tree",
        "tree_id": 131,
        "latitude": 49.2676071,
        "longitude": -123.1046182
      }
    },
    {
      "type": "Feature",
      "geometry": {
        "type": "Point",
        "coordinates": [
          -123.1030296,
          49.2647516
        ]
      },
      "properties": {
        "feature_type": "tree",
        "tree_id": 132,
        "latitude": 49.2647516,
        "longitude": -123.1030296
      }
    },
    {
      "type": "Feature",
      "geometry": {
        "type": "Point",
        "coordinates": [
          -123.1012472,
          49.26655
        ]
      },
      "properties": {
        "feature_type": "tree",
        "tree_id": 133,
        "latitude": 49.26655,
        "longitude": -123.1012472
      }
    },
    {
      "type": "Feature",
      "geometry": {
        "type": "Point",
        "coordinates": [
          -123.1016696,
          49.2672674
        ]
      },
      "properties": {
        "feature_type": "tree",
        "tree_id": 134,
        "latitude": 49.2672674,
        "longitude": -123.1016696
      }
    },
    {
      "type": "Feature",
      "geometry": {
        "type": "Point",
        "coordinates": [
          -123.1045864,
          49.2669709
        ]
      },
      "properties": {
        "feature_type": "tree",
        "tree_id": 135,
        "latitude": 49.2669709,
        "longitude": -123.1045864
      }
    },
    {
      "type": "Feature",
      "geometry": {
        "type": "Point",
        "coordinates": [
          -123.1059735,
          49.2665523
        ]
      },
      "properties": {
        "feature_type": "tree",
        "tree_id": 136,
        "latitude": 49.2665523,
        "longitude": -123.1059735
      }
    },
    {
      "type": "Feature",
      "geometry": {
        "type": "Point",
        "coordinates": [
          -123.1045837,
          49.2672814
        ]
      },
      "properties": {
        "feature_type": "tree",
        "tree_id": 137,
        "latitude": 49.2672814,
        "longitude": -123.1045837
      }
    },
    {
      "type": "Feature",
      "geometry": {
        "type": "Point",
        "coordinates": [
          -123.1016407,
          49.2671404
        ]
      },
      "properties": {
        "feature_type": "tree",
        "tree_id": 138,
        "latitude": 49.2671404,
        "longitude": -123.1016407
      }
    },
    {
      "type": "Feature",
      "geometry": {
        "type": "Point",
        "coordinates": [
          -123.1046447,
          49.2650771
        ]
      },
      "properties": {
        "feature_type": "tree",
        "tree_id": 139,
        "latitude": 49.2650771,
        "longitude": -123.1046447
      }
    },
    {
      "type": "Feature",
      "geometry": {
        "type": "Point",
        "coordinates": [
          -123.105146,
          49.2647439
        ]
      },
      "properties": {
        "feature_type": "tree",
        "tree_id": 140,
        "latitude": 49.2647439,
        "longitude": -123.105146
      }
    },
    {
      "type": "Feature",
      "geometry": {
        "type": "Point",
        "coordinates": [
          -123.1049351,
          49.2650409
        ]
      },
      "properties": {
        "feature_type": "tree",
        "tree_id": 141,
        "latitude": 49.2650409,
        "longitude": -123.1049351
      }
    },
    {
      "type": "Feature",
      "geometry": {
        "type": "Point",
        "coordinates": [
          -123.1047137,
          49.2651636
        ]
      },
      "properties": {
        "feature_type": "tree",
        "tree_id": 142,
        "latitude": 49.2651636,
        "longitude": -123.1047137
      }
    },
    {
      "type": "Feature",
      "geometry": {
        "type": "Point",
        "coordinates": [
          -123.1040116,
          49.2650553
        ]
      },
      "properties": {
        "feature_type": "tree",
        "tree_id": 143,
        "latitude": 49.2650553,
        "longitude": -123.1040116
      }
    },
    {
      "type": "Feature",
      "geometry": {
        "type": "Point",
        "coordinates": [
          -123.1030941,
          49.2649841
        ]
      },
      "properties": {
        "feature_type": "tree",
        "tree_id": 144,
        "latitude": 49.2649841,
        "longitude": -123.1030941
      }
    },
    {
      "type": "Feature",
      "geometry": {
        "type": "Point",
        "coordinates": [
          -123.1022777,
          49.267755
        ]
      },
      "properties": {
        "feature_type": "tree",
        "tree_id": 145,
        "latitude": 49.267755,
        "longitude": -123.1022777
      }
    },
    {
      "type": "Feature",
      "geometry": {
        "type": "Point",
        "coordinates": [
          -123.1040228,
          49.2650499
        ]
      },
      "properties": {
        "feature_type": "tree",
        "tree_id": 146,
        "latitude": 49.2650499,
        "longitude": -123.1040228
      }
    },
    {
      "type": "Feature",
      "geometry": {
        "type": "Point",
        "coordinates": [
          -123.1050673,
          49.2680023
        ]
      },
      "properties": {
        "feature_type": "tree",
        "tree_id": 147,
        "latitude": 49.2680023,
        "longitude": -123.1050673
      }
    },
    {
      "type": "Feature",
      "geometry": {
        "type": "Point",
        "coordinates": [
          -123.1060479,
          49.2656646
        ]
      },
      "properties": {
        "feature_type": "tree",
        "tree_id": 148,
        "latitude": 49.2656646,
        "longitude": -123.1060479
      }
    },
    {
      "type": "Feature",
      "geometry": {
        "type": "Point",
        "coordinates": [
          -123.1020901,
          49.2664883
        ]
      },
      "properties": {
        "feature_type": "tree",
        "tree_id": 149,
        "latitude": 49.2664883,
        "longitude": -123.1020901
      }
    },
    {
      "type": "Feature",
      "geometry": {
        "type": "Point",
        "coordinates": [
          -123.1022414,
          49.2654922
        ]
      },
      "properties": {
        "feature_type": "tree",
        "tree_id": 150,
        "latitude": 49.2654922,
        "longitude": -123.1022414
      }
    },
    {
      "type": "Feature",
      "geometry": {
        "type": "Point",
        "coordinates": [
          -123.1035689,
          49.2682157
        ]
      },
      "properties": {
        "feature_type": "tree",
        "tree_id": 151,
        "latitude": 49.2682157,
        "longitude": -123.1035689
      }
    },
    {
      "type": "Feature",
      "geometry": {
        "type": "Point",
        "coordinates": [
          -123.1057064,
          49.2664497
        ]
      },
      "properties": {
        "feature_type": "tree",
        "tree_id": 152,
        "latitude": 49.2664497,
        "longitude": -123.1057064
      }
    },
    {
      "type": "Feature",
      "geometry": {
        "type": "Point",
        "coordinates": [
          -123.1071112,
          49.266465
        ]
      },
      "properties": {
        "feature_type": "tree",
        "tree_id": 153,
        "latitude": 49.266465,
        "longitude": -123.1071112
      }
    },
    {
      "type": "Feature",
      "geometry": {
        "type": "Point",
        "coordinates": [
          -123.1027411,
          49.2665961
        ]
      },
      "properties": {
        "feature_type": "tree",
        "tree_id": 154,
        "latitude": 49.2665961,
        "longitude": -123.1027411
      }
    },
    {
      "type": "Feature",
      "geometry": {
        "type": "Point",
        "coordinates": [
          -123.1039538,
          49.2668718
        ]
      },
      "properties": {
        "feature_type": "tree",
        "tree_id": 155,
        "latitude": 49.2668718,
        "longitude": -123.1039538
      }
    },
    {
      "type": "Feature",
      "geometry": {
        "type": "Point",
        "coordinates": [
          -123.1049774,
          49.2680155
        ]
      },
      "properties": {
        "feature_type": "tree",
        "tree_id": 156,
        "latitude": 49.2680155,
        "longitude": -123.1049774
      }
    },
    {
      "type": "Feature",
      "geometry": {
        "type": "Point",
        "coordinates": [
          -123.1035321,
          49.2684009
        ]
      },
      "properties": {
        "feature_type": "tree",
        "tree_id": 157,
        "latitude": 49.2684009,
        "longitude": -123.1035321
      }
    },
    {
      "type": "Feature",
      "geometry": {
        "type": "Point",
        "coordinates": [
          -123.1048289,
          49.267884
        ]
      },
      "properties": {
        "feature_type": "tree",
        "tree_id": 158,
        "latitude": 49.267884,
        "longitude": -123.1048289
      }
    },
    {
      "type": "Feature",
      "geometry": {
        "type": "Point",
        "coordinates": [
          -123.1055423,
          49.2650823
        ]
      },
      "properties": {
        "feature_type": "tree",
        "tree_id": 159,
        "latitude": 49.2650823,
        "longitude": -123.1055423
      }
    },
    {
      "type": "Feature",
      "geometry": {
        "type": "Point",
        "coordinates": [
          -123.1033116,
          49.2665167
        ]
      },
      "properties": {
        "feature_type": "tree",
        "tree_id": 160,
        "latitude": 49.2665167,
        "longitude": -123.1033116
      }
    },
    {
      "type": "Feature",
      "geometry": {
        "type": "Point",
        "coordinates": [
          -123.1031402,
          49.2675907
        ]
      },
      "properties": {
        "feature_type": "tree",
        "tree_id": 161,
        "latitude": 49.2675907,
        "longitude": -123.1031402
      }
    },
    {
      "type": "Feature",
      "geometry": {
        "type": "Point",
        "coordinates": [
          -123.1051529,
          49.2674485
        ]
      },
      "properties": {
        "feature_type": "tree",
        "tree_id": 162,
        "latitude": 49.2674485,
        "longitude": -123.1051529
      }
    },
    {
      "type": "Feature",
      "geometry": {
        "type": "Point",
        "coordinates": [
          -123.1039762,
          49.2650596
        ]
      },
      "properties": {
        "feature_type": "tree",
        "tree_id": 163,
        "latitude": 49.2650596,
        "longitude": -123.1039762
      }
    },
    {
      "type": "Feature",
      "geometry": {
        "type": "Point",
        "coordinates": [
          -123.1034816,
          49.2659573
        ]
      },
      "properties": {
        "feature_type": "tree",
        "tree_id": 164,
        "latitude": 49.2659573,
        "longitude": -123.1034816
      }
    },
    {
      "type": "Feature",
      "geometry": {
        "type": "Point",
        "coordinates": [
          -123.1030958,
          49.2650622
        ]
      },
      "properties": {
        "feature_type": "tree",
        "tree_id": 165,
        "latitude": 49.2650622,
        "longitude": -123.1030958
      }
    },
    {
      "type": "Feature",
      "geometry": {
        "type": "Point",
        "coordinates": [
          -123.1011826,
          49.26648
        ]
      },
      "properties": {
        "feature_type": "tree",
        "tree_id": 166,
        "latitude": 49.26648,
        "longitude": -123.1011826
      }
    },
    {
      "type": "Feature",
      "geometry": {
        "type": "Point",
        "coordinates": [
          -123.1028177,
          49.2651603
        ]
      },
      "properties": {
        "feature_type": "tree",
        "tree_id": 167,
        "latitude": 49.2651603,
        "longitude": -123.1028177
      }
    },
    {
      "type": "Feature",
      "geometry": {
        "type": "Point",
        "coordinates": [
          -123.1049377,
          49.2678873
        ]
      },
      "properties": {
        "feature_type": "tree",
        "tree_id": 168,
        "latitude": 49.2678873,
        "longitude": -123.1049377
      }
    },
    {
      "type": "Feature",
      "geometry": {
        "type": "Point",
        "coordinates": [
          -123.1067337,
          49.267173
        ]
      },
      "properties": {
        "feature_type": "tree",
        "tree_id": 169,
        "latitude": 49.267173,
        "longitude": -123.1067337
      }
    },
    {
      "type": "Feature",
      "geometry": {
        "type": "Point",
        "coordinates": [
          -123.1046201,
          49.2670817
        ]
      },
      "properties": {
        "feature_type": "tree",
        "tree_id": 170,
        "latitude": 49.2670817,
        "longitude": -123.1046201
      }
    },
    {
      "type": "Feature",
      "geometry": {
        "type": "Point",
        "coordinates": [
          -123.1014848,
          49.2658672
        ]
      },
      "properties": {
        "feature_type": "tree",
        "tree_id": 171,
        "latitude": 49.2658672,
        "longitude": -123.1014848
      }
    },
    {
      "type": "Feature",
      "geometry": {
        "type": "Point",
        "coordinates": [
          -123.1033506,
          49.2651254
        ]
      },
      "properties": {
        "feature_type": "tree",
        "tree_id": 172,
        "latitude": 49.2651254,
        "longitude": -123.1033506
      }
    },
    {
      "type": "Feature",
      "geometry": {
        "type": "Point",
        "coordinates": [
          -123.104032,
          49.2679737
        ]
      },
      "properties": {
        "feature_type": "tree",
        "tree_id": 173,
        "latitude": 49.2679737,
        "longitude": -123.104032
      }
    },
    {
      "type": "Feature",
      "geometry": {
        "type": "Point",
        "coordinates": [
          -123.1040206,
          49.2656283
        ]
      },
      "properties": {
        "feature_type": "tree",
        "tree_id": 174,
        "latitude": 49.2656283,
        "longitude": -123.1040206
      }
    },
    {
      "type": "Feature",
      "geometry": {
        "type": "Point",
        "coordinates": [
          -123.1068047,
          49.266412
        ]
      },
      "properties": {
        "feature_type": "tree",
        "tree_id": 175,
        "latitude": 49.266412,
        "longitude": -123.1068047
      }
    },
    {
      "type": "Feature",
      "geometry": {
        "type": "Point",
        "coordinates": [
          -123.1026791,
          49.267761
        ]
      },
      "properties": {
        "feature_type": "tree",
        "tree_id": 176,
        "latitude": 49.267761,
        "longitude": -123.1026791
      }
    },
    {
      "type": "Feature",
      "geometry": {
        "type": "Point",
        "coordinates": [
          -123.1017897,
          49.2678478
        ]
      },
      "properties": {
        "feature_type": "tree",
        "tree_id": 177,
        "latitude": 49.2678478,
        "longitude": -123.1017897
      }
    },
    {
      "type": "Feature",
      "geometry": {
        "type": "Point",
        "coordinates": [
          -123.1070633,
          49.2669228
        ]
      },
      "properties": {
        "feature_type": "tree",
        "tree_id": 178,
        "latitude": 49.2669228,
        "longitude": -123.1070633
      }
    },
    {
      "type": "Feature",
      "geometry": {
        "type": "Point",
        "coordinates": [
          -123.1020561,
          49.2657829
        ]
      },
      "properties": {
        "feature_type": "tree",
        "tree_id": 179,
        "latitude": 49.2657829,
        "longitude": -123.1020561
      }
    },
    {
      "type": "Feature",
      "geometry": {
        "type": "Point",
        "coordinates": [
          -123.1064911,
          49.2673676
        ]
      },
      "properties": {
        "feature_type": "tree",
        "tree_id": 180,
        "latitude": 49.2673676,
        "longitude": -123.1064911
      }
    },
    {
      "type": "Feature",
      "geometry": {
        "type": "Point",
        "coordinates": [
          -123.1071557,
          49.266471
        ]
      },
      "properties": {
        "feature_type": "tree",
        "tree_id": 181,
        "latitude": 49.266471,
        "longitude": -123.1071557
      }
    },
    {
      "type": "Feature",
      "geometry": {
        "type": "Point",
        "coordinates": [
          -123.1048531,
          49.2674624
        ]
      },
      "properties": {
        "feature_type": "tree",
        "tree_id": 182,
        "latitude": 49.2674624,
        "longitude": -123.1048531
      }
    },
    {
      "type": "Feature",
      "geometry": {
        "type": "Point",
        "coordinates": [
          -123.1033949,
          49.2659655
        ]
      },
      "properties": {
        "feature_type": "tree",
        "tree_id": 183,
        "latitude": 49.2659655,
        "longitude": -123.1033949
      }
    },
    {
      "type": "Feature",
      "geometry": {
        "type": "Point",
        "coordinates": [
          -123.1022351,
          49.2652057
        ]
      },
      "properties": {
        "feature_type": "tree",
        "tree_id": 184,
        "latitude": 49.2652057,
        "longitude": -123.1022351
      }
    },
    {
      "type": "Feature",
      "geometry": {
        "type": "Point",
        "coordinates": [
          -123.1030879,
          49.2647642
        ]
      },
      "properties": {
        "feature_type": "tree",
        "tree_id": 185,
        "latitude": 49.2647642,
        "longitude": -123.1030879
      }
    },
    {
      "type": "Feature",
      "geometry": {
        "type": "Point",
        "coordinates": [
          -123.1021512,
          49.2656678
        ]
      },
      "properties": {
        "feature_type": "tree",
        "tree_id": 186,
        "latitude": 49.2656678,
        "longitude": -123.1021512
      }
    },
    {
      "type": "Feature",
      "geometry": {
        "type": "Point",
        "coordinates": [
          -123.1034469,
          49.2669462
        ]
      },
      "properties": {
        "feature_type": "tree",
        "tree_id": 187,
        "latitude": 49.2669462,
        "longitude": -123.1034469
      }
    },
    {
      "type": "Feature",
      "geometry": {
        "type": "Point",
        "coordinates": [
          -123.1049312,
          49.26503
        ]
      },
      "properties": {
        "feature_type": "tree",
        "tree_id": 188,
        "latitude": 49.26503,
        "longitude": -123.1049312
      }
    },
    {
      "type": "Feature",
      "geometry": {
        "type": "Point",
        "coordinates": [
          -123.1017222,
          49.2659132
        ]
      },
      "properties": {
        "feature_type": "tree",
        "tree_id": 189,
        "latitude": 49.2659132,
        "longitude": -123.1017222
      }
    },
    {
      "type": "Feature",
      "geometry": {
        "type": "Point",
        "coordinates": [
          -123.1047696,
          49.2685207
        ]
      },
      "properties": {
        "feature_type": "tree",
        "tree_id": 190,
        "latitude": 49.2685207,
        "longitude": -123.1047696
      }
    },
    {
      "type": "Feature",
      "geometry": {
        "type": "Point",
        "coordinates": [
          -123.1021451,
          49.265599
        ]
      },
      "properties": {
        "feature_type": "tree",
        "tree_id": 191,
        "latitude": 49.265599,
        "longitude": -123.1021451
      }
    },
    {
      "type": "Feature",
      "geometry": {
        "type": "Point",
        "coordinates": [
          -123.1042544,
          49.2673245
        ]
      },
      "properties": {
        "feature_type": "tree",
        "tree_id": 192,
        "latitude": 49.2673245,
        "longitude": -123.1042544
      }
    },
    {
      "type": "Feature",
      "geometry": {
        "type": "Point",
        "coordinates": [
          -123.1041097,
          49.2655228
        ]
      },
      "properties": {
        "feature_type": "tree",
        "tree_id": 193,
        "latitude": 49.2655228,
        "longitude": -123.1041097
      }
    },
    {
      "type": "Feature",
      "geometry": {
        "type": "Point",
        "coordinates": [
          -123.1042732,
          49.2652005
        ]
      },
      "properties": {
        "feature_type": "tree",
        "tree_id": 194,
        "latitude": 49.2652005,
        "longitude": -123.1042732
      }
    },
    {
      "type": "Feature",
      "geometry": {
        "type": "Point",
        "coordinates": [
          -123.1027426,
          49.2651269
        ]
      },
      "properties": {
        "feature_type": "tree",
        "tree_id": 195,
        "latitude": 49.2651269,
        "longitude": -123.1027426
      }
    },
    {
      "type": "Feature",
      "geometry": {
        "type": "Point",
        "coordinates": [
          -123.1055051,
          49.2656453
        ]
      },
      "properties": {
        "feature_type": "tree",
        "tree_id": 196,
        "latitude": 49.2656453,
        "longitude": -123.1055051
      }
    },
    {
      "type": "Feature",
      "geometry": {
        "type": "Point",
        "coordinates": [
          -123.1020313,
          49.2652731
        ]
      },
      "properties": {
        "feature_type": "tree",
        "tree_id": 197,
        "latitude": 49.2652731,
        "longitude": -123.1020313
      }
    },
    {
      "type": "Feature",
      "geometry": {
        "type": "Point",
        "coordinates": [
          -123.104449,
          49.2668702
        ]
      },
      "properties": {
        "feature_type": "tree",
        "tree_id": 198,
        "latitude": 49.2668702,
        "longitude": -123.104449
      }
    },
    {
      "type": "Feature",
      "geometry": {
        "type": "Point",
        "coordinates": [
          -123.1053642,
          49.2668039
        ]
      },
      "properties": {
        "feature_type": "tree",
        "tree_id": 199,
        "latitude": 49.2668039,
        "longitude": -123.1053642
      }
    },
    {
      "type": "Feature",
      "geometry": {
        "type": "Point",
        "coordinates": [
          -123.1027399,
          49.2651306
        ]
      },
      "properties": {
        "feature_type": "tree",
        "tree_id": 200,
        "latitude": 49.2651306,
        "longitude": -123.1027399
      }
    },
    {
      "type": "Feature",
      "geometry": {
        "type": "Point",
        "coordinates": [
          -123.1068165,
          49.2674761
        ]
      },
      "properties": {
        "feature_type": "tree",
        "tree_id": 201,
        "latitude": 49.2674761,
        "longitude": -123.1068165
      }
    },
    {
      "type": "Feature",
      "geometry": {
        "type": "Point",
        "coordinates": [
          -123.1049131,
          49.2647982
        ]
      },
      "properties": {
        "feature_type": "tree",
        "tree_id": 202,
        "latitude": 49.2647982,
        "longitude": -123.1049131
      }
    },
    {
      "type": "Feature",
      "geometry": {
        "type": "Point",
        "coordinates": [
          -123.1019355,
          49.2654678
        ]
      },
      "properties": {
        "feature_type": "tree",
        "tree_id": 203,
        "latitude": 49.2654678,
        "longitude": -123.1019355
      }
    },
    {
      "type": "Feature",
      "geometry": {
        "type": "Point",
        "coordinates": [
          -123.1021808,
          49.2651012
        ]
      },
      "properties": {
        "feature_type": "tree",
        "tree_id": 204,
        "latitude": 49.2651012,
        "longitude": -123.1021808
      }
    },
    {
      "type": "Feature",
      "geometry": {
        "type": "Point",
        "coordinates": [
          -123.1038819,
          49.2665159
        ]
      },
      "properties": {
        "feature_type": "tree",
        "tree_id": 205,
        "latitude": 49.2665159,
        "longitude": -123.1038819
      }
    },
    {
      "type": "Feature",
      "geometry": {
        "type": "Point",
        "coordinates": [
          -123.1020262,
          49.2656383
        ]
      },
      "properties": {
        "feature_type": "tree",
        "tree_id": 206,
        "latitude": 49.2656383,
        "longitude": -123.1020262
      }
    },
    {
      "type": "Feature",
      "geometry": {
        "type": "Point",
        "coordinates": [
          -123.1062229,
          49.2656755
        ]
      },
      "properties": {
        "feature_type": "tree",
        "tree_id": 207,
        "latitude": 49.2656755,
        "longitude": -123.1062229
      }
    },
    {
      "type": "Feature",
      "geometry": {
        "type": "Point",
        "coordinates": [
          -123.1042735,
          49.2647384
        ]
      },
      "properties": {
        "feature_type": "tree",
        "tree_id": 208,
        "latitude": 49.2647384,
        "longitude": -123.1042735
      }
    },
    {
      "type": "Feature",
      "geometry": {
        "type": "Point",
        "coordinates": [
          -123.1066123,
          49.2661856
        ]
      },
      "properties": {
        "feature_type": "tree",
        "tree_id": 209,
        "latitude": 49.2661856,
        "longitude": -123.1066123
      }
    },
    {
      "type": "Feature",
      "geometry": {
        "type": "Point",
        "coordinates": [
          -123.1055798,
          49.2650958
        ]
      },
      "properties": {
        "feature_type": "tree",
        "tree_id": 210,
        "latitude": 49.2650958,
        "longitude": -123.1055798
      }
    },
    {
      "type": "Feature",
      "geometry": {
        "type": "Point",
        "coordinates": [
          -123.1028735,
          49.2674563
        ]
      },
      "properties": {
        "feature_type": "tree",
        "tree_id": 211,
        "latitude": 49.2674563,
        "longitude": -123.1028735
      }
    },
    {
      "type": "Feature",
      "geometry": {
        "type": "Point",
        "coordinates": [
          -123.1037274,
          49.265134
        ]
      },
      "properties": {
        "feature_type": "tree",
        "tree_id": 212,
        "latitude": 49.265134,
        "longitude": -123.1037274
      }
    },
    {
      "type": "Feature",
      "geometry": {
        "type": "Point",
        "coordinates": [
          -123.1032877,
          49.2669625
        ]
      },
      "properties": {
        "feature_type": "tree",
        "tree_id": 213,
        "latitude": 49.2669625,
        "longitude": -123.1032877
      }
    },
    {
      "type": "Feature",
      "geometry": {
        "type": "Point",
        "coordinates": [
          -123.1049563,
          49.2673281
        ]
      },
      "properties": {
        "feature_type": "tree",
        "tree_id": 214,
        "latitude": 49.2673281,
        "longitude": -123.1049563
      }
    },
    {
      "type": "Feature",
      "geometry": {
        "type": "Point",
        "coordinates": [
          -123.1070301,
          49.2664838
        ]
      },
      "properties": {
        "feature_type": "tree",
        "tree_id": 215,
        "latitude": 49.2664838,
        "longitude": -123.1070301
      }
    },
    {
      "type": "Feature",
      "geometry": {
        "type": "Point",
        "coordinates": [
          -123.1031703,
          49.2675095
        ]
      },
      "properties": {
        "feature_type": "tree",
        "tree_id": 216,
        "latitude": 49.2675095,
        "longitude": -123.1031703
      }
    },
    {
      "type": "Feature",
      "geometry": {
        "type": "Point",
        "coordinates": [
          -123.105749,
          49.2665719
        ]
      },
      "properties": {
        "feature_type": "tree",
        "tree_id": 217,
        "latitude": 49.2665719,
        "longitude": -123.105749
      }
    },
    {
      "type": "Feature",
      "geometry": {
        "type": "Point",
        "coordinates": [
          -123.1032744,
          49.2664016
        ]
      },
      "properties": {
        "feature_type": "tree",
        "tree_id": 218,
        "latitude": 49.2664016,
        "longitude": -123.1032744
      }
    },
    {
      "type": "Feature",
      "geometry": {
        "type": "Point",
        "coordinates": [
          -123.101807,
          49.2653974
        ]
      },
      "properties": {
        "feature_type": "tree",
        "tree_id": 219,
        "latitude": 49.2653974,
        "longitude": -123.101807
      }
    },
    {
      "type": "Feature",
      "geometry": {
        "type": "Point",
        "coordinates": [
          -123.1042408,
          49.2650807
        ]
      },
      "properties": {
        "feature_type": "tree",
        "tree_id": 220,
        "latitude": 49.2650807,
        "longitude": -123.1042408
      }
    },
    {
      "type": "Feature",
      "geometry": {
        "type": "Point",
        "coordinates": [
          -123.1029315,
          49.2662079
        ]
      },
      "properties": {
        "feature_type": "tree",
        "tree_id": 221,
        "latitude": 49.2662079,
        "longitude": -123.1029315
      }
    },
    {
      "type": "Feature",
      "geometry": {
        "type": "Point",
        "coordinates": [
          -123.1014709,
          49.2674232
        ]
      },
      "properties": {
        "feature_type": "tree",
        "tree_id": 222,
        "latitude": 49.2674232,
        "longitude": -123.1014709
      }
    },
    {
      "type": "Feature",
      "geometry": {
        "type": "Point",
        "coordinates": [
          -123.1017939,
          49.2656621
        ]
      },
      "properties": {
        "feature_type": "tree",
        "tree_id": 223,
        "latitude": 49.2656621,
        "longitude": -123.1017939
      }
    },
    {
      "type": "Feature",
      "geometry": {
        "type": "Point",
        "coordinates": [
          -123.1057048,
          49.2655285
        ]
      },
      "properties": {
        "feature_type": "tree",
        "tree_id": 224,
        "latitude": 49.2655285,
        "longitude": -123.1057048
      }
    },
    {
      "type": "Feature",
      "geometry": {
        "type": "Point",
        "coordinates": [
          -123.1072127,
          49.2664685
        ]
      },
      "properties": {
        "feature_type": "tree",
        "tree_id": 225,
        "latitude": 49.2664685,
        "longitude": -123.1072127
      }
    },
    {
      "type": "Feature",
      "geometry": {
        "type": "Point",
        "coordinates": [
          -123.1041603,
          49.2682248
        ]
      },
      "properties": {
        "feature_type": "tree",
        "tree_id": 226,
        "latitude": 49.2682248,
        "longitude": -123.1041603
      }
    },
    {
      "type": "Feature",
      "geometry": {
        "type": "Point",
        "coordinates": [
          -123.1065287,
          49.2676967
        ]
      },
      "properties": {
        "feature_type": "tree",
        "tree_id": 227,
        "latitude": 49.2676967,
        "longitude": -123.1065287
      }
    },
    {
      "type": "Feature",
      "geometry": {
        "type": "Point",
        "coordinates": [
          -123.1046954,
          49.2656425
        ]
      },
      "properties": {
        "feature_type": "tree",
        "tree_id": 228,
        "latitude": 49.2656425,
        "longitude": -123.1046954
      }
    },
    {
      "type": "Feature",
      "geometry": {
        "type": "Point",
        "coordinates": [
          -123.1023834,
          49.2654932
        ]
      },
      "properties": {
        "feature_type": "tree",
        "tree_id": 229,
        "latitude": 49.2654932,
        "longitude": -123.1023834
      }
    },
    {
      "type": "Feature",
      "geometry": {
        "type": "Point",
        "coordinates": [
          -123.1040308,
          49.266977
        ]
      },
      "properties": {
        "feature_type": "tree",
        "tree_id": 230,
        "latitude": 49.266977,
        "longitude": -123.1040308
      }
    },
    {
      "type": "Feature",
      "geometry": {
        "type": "Point",
        "coordinates": [
          -123.101805,
          49.265624
        ]
      },
      "properties": {
        "feature_type": "tree",
        "tree_id": 231,
        "latitude": 49.265624,
        "longitude": -123.101805
      }
    },
    {
      "type": "Feature",
      "geometry": {
        "type": "Point",
        "coordinates": [
          -123.1021117,
          49.2665026
        ]
      },
      "properties": {
        "feature_type": "tree",
        "tree_id": 232,
        "latitude": 49.2665026,
        "longitude": -123.1021117
      }
    },
    {
      "type": "Feature",
      "geometry": {
        "type": "Point",
        "coordinates": [
          -123.1024815,
          49.2674703
        ]
      },
      "properties": {
        "feature_type": "tree",
        "tree_id": 233,
        "latitude": 49.2674703,
        "longitude": -123.1024815
      }
    },
    {
      "type": "Feature",
      "geometry": {
        "type": "Point",
        "coordinates": [
          -123.1065743,
          49.2660004
        ]
      },
      "properties": {
        "feature_type": "tree",
        "tree_id": 234,
        "latitude": 49.2660004,
        "longitude": -123.1065743
      }
    },
    {
      "type": "Feature",
      "geometry": {
        "type": "Point",
        "coordinates": [
          -123.1019069,
          49.2654754
        ]
      },
      "properties": {
        "feature_type": "tree",
        "tree_id": 235,
        "latitude": 49.2654754,
        "longitude": -123.1019069
      }
    },
    {
      "type": "Feature",
      "geometry": {
        "type": "Point",
        "coordinates": [
          -123.1049579,
          49.2680823
        ]
      },
      "properties": {
        "feature_type": "tree",
        "tree_id": 236,
        "latitude": 49.2680823,
        "longitude": -123.1049579
      }
    },
    {
      "type": "Feature",
      "geometry": {
        "type": "Point",
        "coordinates": [
          -123.1040553,
          49.2678919
        ]
      },
      "properties": {
        "feature_type": "tree",
        "tree_id": 237,
        "latitude": 49.2678919,
        "longitude": -123.1040553
      }
    },
    {
      "type": "Feature",
      "geometry": {
        "type": "Point",
        "coordinates": [
          -123.1036197,
          49.2683976
        ]
      },
      "properties": {
        "feature_type": "tree",
        "tree_id": 238,
        "latitude": 49.2683976,
        "longitude": -123.1036197
      }
    },
    {
      "type": "Feature",
      "geometry": {
        "type": "Point",
        "coordinates": [
          -123.1022194,
          49.2672936
        ]
      },
      "properties": {
        "feature_type": "tree",
        "tree_id": 239,
        "latitude": 49.2672936,
        "longitude": -123.1022194
      }
    },
    {
      "type": "Feature",
      "geometry": {
        "type": "Point",
        "coordinates": [
          -123.1012302,
          49.2661224
        ]
      },
      "properties": {
        "feature_type": "tree",
        "tree_id": 240,
        "latitude": 49.2661224,
        "longitude": -123.1012302
      }
    },
    {
      "type": "Feature",
      "geometry": {
        "type": "Point",
        "coordinates": [
          -123.1053399,
          49.2665362
        ]
      },
      "properties": {
        "feature_type": "tree",
        "tree_id": 241,
        "latitude": 49.2665362,
        "longitude": -123.1053399
      }
    },
    {
      "type": "Feature",
      "geometry": {
        "type": "Point",
        "coordinates": [
          -123.1031782,
          49.2675947
        ]
      },
      "properties": {
        "feature_type": "tree",
        "tree_id": 242,
        "latitude": 49.2675947,
        "longitude": -123.1031782
      }
    },
    {
      "type": "Feature",
      "geometry": {
        "type": "Point",
        "coordinates": [
          -123.1065772,
          49.2673534
        ]
      },
      "properties": {
        "feature_type": "tree",
        "tree_id": 243,
        "latitude": 49.2673534,
        "longitude": -123.1065772
      }
    },
    {
      "type": "Feature",
      "geometry": {
        "type": "Point",
        "coordinates": [
          -123.1032002,
          49.2647173
        ]
      },
      "properties": {
        "feature_type": "tree",
        "tree_id": 244,
        "latitude": 49.2647173,
        "longitude": -123.1032002
      }
    },
    {
      "type": "Feature",
      "geometry": {
        "type": "Point",
        "coordinates": [
          -123.1028955,
          49.2671225
        ]
      },
      "properties": {
        "feature_type": "tree",
        "tree_id": 245,
        "latitude": 49.2671225,
        "longitude": -123.1028955
      }
    },
    {
      "type": "Feature",
      "geometry": {
        "type": "Point",
        "coordinates": [
          -123.1053972,
          49.2660083
        ]
      },
      "properties": {
        "feature_type": "tree",
        "tree_id": 246,
        "latitude": 49.2660083,
        "longitude": -123.1053972
      }
    },
    {
      "type": "Feature",
      "geometry": {
        "type": "Point",
        "coordinates": [
          -123.10285,
          49.2675067
        ]
      },
      "properties": {
        "feature_type": "tree",
        "tree_id": 247,
        "latitude": 49.2675067,
        "longitude": -123.10285
      }
    },
    {
      "type": "Feature",
      "geometry": {
        "type": "Point",
        "coordinates": [
          -123.103236,
          49.2659513
        ]
      },
      "properties": {
        "feature_type": "tree",
        "tree_id": 248,
        "latitude": 49.2659513,
        "longitude": -123.103236
      }
    },
    {
      "type": "Feature",
      "geometry": {
        "type": "Point",
        "coordinates": [
          -123.106652,
          49.2659937
        ]
      },
      "properties": {
        "feature_type": "tree",
        "tree_id": 249,
        "latitude": 49.2659937,
        "longitude": -123.106652
      }
    },
    {
      "type": "Feature",
      "geometry": {
        "type": "Point",
        "coordinates": [
          -123.1053009,
          49.2679299
        ]
      },
      "properties": {
        "feature_type": "tree",
        "tree_id": 250,
        "latitude": 49.2679299,
        "longitude": -123.1053009
      }
    },
    {
      "type": "Feature",
      "geometry": {
        "type": "Point",
        "coordinates": [
          -123.1043069,
          49.265958
        ]
      },
      "properties": {
        "feature_type": "tree",
        "tree_id": 251,
        "latitude": 49.265958,
        "longitude": -123.1043069
      }
    },
    {
      "type": "Feature",
      "geometry": {
        "type": "Point",
        "coordinates": [
          -123.1024557,
          49.26757
        ]
      },
      "properties": {
        "feature_type": "tree",
        "tree_id": 252,
        "latitude": 49.26757,
        "longitude": -123.1024557
      }
    },
    {
      "type": "Feature",
      "geometry": {
        "type": "Point",
        "coordinates": [
          -123.1065738,
          49.26757
        ]
      },
      "properties": {
        "feature_type": "tree",
        "tree_id": 253,
        "latitude": 49.26757,
        "longitude": -123.1065738
      }
    },
    {
      "type": "Feature",
      "geometry": {
        "type": "Point",
        "coordinates": [
          -123.1071461,
          49.2664748
        ]
      },
      "properties": {
        "feature_type": "tree",
        "tree_id": 254,
        "latitude": 49.2664748,
        "longitude": -123.1071461
      }
    },
    {
      "type": "Feature",
      "geometry": {
        "type": "Point",
        "coordinates": [
          -123.1026183,
          49.2681463
        ]
      },
      "properties": {
        "feature_type": "tree",
        "tree_id": 255,
        "latitude": 49.2681463,
        "longitude": -123.1026183
      }
    },
    {
      "type": "Feature",
      "geometry": {
        "type": "Point",
        "coordinates": [
          -123.1018669,
          49.2672703
        ]
      },
      "properties": {
        "feature_type": "tree",
        "tree_id": 256,
        "latitude": 49.2672703,
        "longitude": -123.1018669
      }
    },
    {
      "type": "Feature",
      "geometry": {
        "type": "Point",
        "coordinates": [
          -123.1012058,
          49.2664932
        ]
      },
      "properties": {
        "feature_type": "tree",
        "tree_id": 257,
        "latitude": 49.2664932,
        "longitude": -123.1012058
      }
    },
    {
      "type": "Feature",
      "geometry": {
        "type": "Point",
        "coordinates": [
          -123.104259,
          49.2678858
        ]
      },
      "properties": {
        "feature_type": "tree",
        "tree_id": 258,
        "latitude": 49.2678858,
        "longitude": -123.104259
      }
    },
    {
      "type": "Feature",
      "geometry": {
        "type": "Point",
        "coordinates": [
          -123.1018055,
          49.2659141
        ]
      },
      "properties": {
        "feature_type": "tree",
        "tree_id": 259,
        "latitude": 49.2659141,
        "longitude": -123.1018055
      }
    },
    {
      "type": "Feature",
      "geometry": {
        "type": "Point",
        "coordinates": [
          -123.1053591,
          49.2652097
        ]
      },
      "properties": {
        "feature_type": "tree",
        "tree_id": 260,
        "latitude": 49.2652097,
        "longitude": -123.1053591
      }
    },
    {
      "type": "Feature",
      "geometry": {
        "type": "Point",
        "coordinates": [
          -123.1056224,
          49.2653031
        ]
      },
      "properties": {
        "feature_type": "tree",
        "tree_id": 261,
        "latitude": 49.2653031,
        "longitude": -123.1056224
      }
    },
    {
      "type": "Feature",
      "geometry": {
        "type": "Point",
        "coordinates": [
          -123.106565,
          49.2673504
        ]
      },
      "properties": {
        "feature_type": "tree",
        "tree_id": 262,
        "latitude": 49.2673504,
        "longitude": -123.106565
      }
    },
    {
      "type": "Feature",
      "geometry": {
        "type": "Point",
        "coordinates": [
          -123.1053546,
          49.2652333
        ]
      },
      "properties": {
        "feature_type": "tree",
        "tree_id": 263,
        "latitude": 49.2652333,
        "longitude": -123.1053546
      }
    },
    {
      "type": "Feature",
      "geometry": {
        "type": "Point",
        "coordinates": [
          -123.1031402,
          49.2650631
        ]
      },
      "properties": {
        "feature_type": "tree",
        "tree_id": 264,
        "latitude": 49.2650631,
        "longitude": -123.1031402
      }
    },
    {
      "type": "Feature",
      "geometry": {
        "type": "Point",
        "coordinates": [
          -123.1051476,
          49.2673282
        ]
      },
      "properties": {
        "feature_type": "tree",
        "tree_id": 265,
        "latitude": 49.2673282,
        "longitude": -123.1051476
      }
    },
    {
      "type": "Feature",
      "geometry": {
        "type": "Point",
        "coordinates": [
          -123.1018244,
          49.2658347
        ]
      },
      "properties": {
        "feature_type": "tree",
        "tree_id": 266,
        "latitude": 49.2658347,
        "longitude": -123.1018244
      }
    },
    {
      "type": "Feature",
      "geometry": {
        "type": "Point",
        "coordinates": [
          -123.1030051,
          49.2647694
        ]
      },
      "properties": {
        "feature_type": "tree",
        "tree_id": 267,
        "latitude": 49.2647694,
        "longitude": -123.1030051
      }
    },
    {
      "type": "Feature",
      "geometry": {
        "type": "Point",
        "coordinates": [
          -123.1065532,
          49.2677971
        ]
      },
      "properties": {
        "feature_type": "tree",
        "tree_id": 268,
        "latitude": 49.2677971,
        "longitude": -123.1065532
      }
    },
    {
      "type": "Feature",
      "geometry": {
        "type": "Point",
        "coordinates": [
          -123.1028895,
          49.2670132
        ]
      },
      "properties": {
        "feature_type": "tree",
        "tree_id": 269,
        "latitude": 49.2670132,
        "longitude": -123.1028895
      }
    },
    {
      "type": "Feature",
      "geometry": {
        "type": "Point",
        "coordinates": [
          -123.1018509,
          49.2654671
        ]
      },
      "properties": {
        "feature_type": "tree",
        "tree_id": 270,
        "latitude": 49.2654671,
        "longitude": -123.1018509
      }
    },
    {
      "type": "Feature",
      "geometry": {
        "type": "Point",
        "coordinates": [
          -123.1031155,
          49.2650185
        ]
      },
      "properties": {
        "feature_type": "tree",
        "tree_id": 271,
        "latitude": 49.2650185,
        "longitude": -123.1031155
      }
    },
    {
      "type": "Feature",
      "geometry": {
        "type": "Point",
        "coordinates": [
          -123.1065888,
          49.267353
        ]
      },
      "properties": {
        "feature_type": "tree",
        "tree_id": 272,
        "latitude": 49.267353,
        "longitude": -123.1065888
      }
    },
    {
      "type": "Feature",
      "geometry": {
        "type": "Point",
        "coordinates": [
          -123.1029113,
          49.2661586
        ]
      },
      "properties": {
        "feature_type": "tree",
        "tree_id": 273,
        "latitude": 49.2661586,
        "longitude": -123.1029113
      }
    },
    {
      "type": "Feature",
      "geometry": {
        "type": "Point",
        "coordinates": [
          -123.1030233,
          49.2648677
        ]
      },
      "properties": {
        "feature_type": "tree",
        "tree_id": 274,
        "latitude": 49.2648677,
        "longitude": -123.1030233
      }
    },
    {
      "type": "Feature",
      "geometry": {
        "type": "Point",
        "coordinates": [
          -123.1049668,
          49.267319
        ]
      },
      "properties": {
        "feature_type": "tree",
        "tree_id": 275,
        "latitude": 49.267319,
        "longitude": -123.1049668
      }
    },
    {
      "type": "Feature",
      "geometry": {
        "type": "Point",
        "coordinates": [
          -123.1029266,
          49.2661012
        ]
      },
      "properties": {
        "feature_type": "tree",
        "tree_id": 276,
        "latitude": 49.2661012,
        "longitude": -123.1029266
      }
    },
    {
      "type": "Feature",
      "geometry": {
        "type": "Point",
        "coordinates": [
          -123.1049021,
          49.2679593
        ]
      },
      "properties": {
        "feature_type": "tree",
        "tree_id": 277,
        "latitude": 49.2679593,
        "longitude": -123.1049021
      }
    },
    {
      "type": "Feature",
      "geometry": {
        "type": "Point",
        "coordinates": [
          -123.1054903,
          49.2661165
        ]
      },
      "properties": {
        "feature_type": "tree",
        "tree_id": 278,
        "latitude": 49.2661165,
        "longitude": -123.1054903
      }
    },
    {
      "type": "Feature",
      "geometry": {
        "type": "Point",
        "coordinates": [
          -123.1025472,
          49.2674737
        ]
      },
      "properties": {
        "feature_type": "tree",
        "tree_id": 279,
        "latitude": 49.2674737,
        "longitude": -123.1025472
      }
    },
    {
      "type": "Feature",
      "geometry": {
        "type": "Point",
        "coordinates": [
          -123.1060969,
          49.2674711
        ]
      },
      "properties": {
        "feature_type": "tree",
        "tree_id": 280,
        "latitude": 49.2674711,
        "longitude": -123.1060969
      }
    },
    {
      "type": "Feature",
      "geometry": {
        "type": "Point",
        "coordinates": [
          -123.1034813,
          49.2685037
        ]
      },
      "properties": {
        "feature_type": "tree",
        "tree_id": 281,
        "latitude": 49.2685037,
        "longitude": -123.1034813
      }
    },
    {
      "type": "Feature",
      "geometry": {
        "type": "Point",
        "coordinates": [
          -123.1058625,
          49.2674747
        ]
      },
      "properties": {
        "feature_type": "tree",
        "tree_id": 282,
        "latitude": 49.2674747,
        "longitude": -123.1058625
      }
    },
    {
      "type": "Feature",
      "geometry": {
        "type": "Point",
        "coordinates": [
          -123.1039759,
          49.2674212
        ]
      },
      "properties": {
        "feature_type": "tree",
        "tree_id": 283,
        "latitude": 49.2674212,
        "longitude": -123.1039759
      }
    },
    {
      "type": "Feature",
      "geometry": {
        "type": "Point",
        "coordinates": [
          -123.1042549,
          49.2679049
        ]
      },
      "properties": {
        "feature_type": "tree",
        "tree_id": 284,
        "latitude": 49.2679049,
        "longitude": -123.1042549
      }
    },
    {
      "type": "Feature",
      "geometry": {
        "type": "Point",
        "coordinates": [
          -123.1022635,
          49.2664856
        ]
      },
      "properties": {
        "feature_type": "tree",
        "tree_id": 285,
        "latitude": 49.2664856,
        "longitude": -123.1022635
      }
    },
    {
      "type": "Feature",
      "geometry": {
        "type": "Point",
        "coordinates": [
          -123.1056925,
          49.2672853
        ]
      },
      "properties": {
        "feature_type": "tree",
        "tree_id": 286,
        "latitude": 49.2672853,
        "longitude": -123.1056925
      }
    },
    {
      "type": "Feature",
      "geometry": {
        "type": "Point",
        "coordinates": [
          -123.1014462,
          49.2666627
        ]
      },
      "properties": {
        "feature_type": "tree",
        "tree_id": 287,
        "latitude": 49.2666627,
        "longitude": -123.1014462
      }
    },
    {
      "type": "Feature",
      "geometry": {
        "type": "Point",
        "coordinates": [
          -123.1030088,
          49.2649537
        ]
      },
      "properties": {
        "feature_type": "tree",
        "tree_id": 288,
        "latitude": 49.2649537,
        "longitude": -123.1030088
      }
    },
    {
      "type": "Feature",
      "geometry": {
        "type": "Point",
        "coordinates": [
          -123.1014741,
          49.2674161
        ]
      },
      "properties": {
        "feature_type": "tree",
        "tree_id": 289,
        "latitude": 49.2674161,
        "longitude": -123.1014741
      }
    },
    {
      "type": "Feature",
      "geometry": {
        "type": "Point",
        "coordinates": [
          -123.105756,
          49.2651848
        ]
      },
      "properties": {
        "feature_type": "tree",
        "tree_id": 290,
        "latitude": 49.2651848,
        "longitude": -123.105756
      }
    },
    {
      "type": "Feature",
      "geometry": {
        "type": "Point",
        "coordinates": [
          -123.1050513,
          49.2661245
        ]
      },
      "properties": {
        "feature_type": "tree",
        "tree_id": 291,
        "latitude": 49.2661245,
        "longitude": -123.1050513
      }
    },
    {
      "type": "Feature",
      "geometry": {
        "type": "Point",
        "coordinates": [
          -123.1057763,
          49.2681671
        ]
      },
      "properties": {
        "feature_type": "tree",
        "tree_id": 292,
        "latitude": 49.2681671,
        "longitude": -123.1057763
      }
    },
    {
      "type": "Feature",
      "geometry": {
        "type": "Point",
        "coordinates": [
          -123.1051692,
          49.2647323
        ]
      },
      "properties": {
        "feature_type": "tree",
        "tree_id": 293,
        "latitude": 49.2647323,
        "longitude": -123.1051692
      }
    },
    {
      "type": "Feature",
      "geometry": {
        "type": "Point",
        "coordinates": [
          -123.1049209,
          49.2648538
        ]
      },
      "properties": {
        "feature_type": "tree",
        "tree_id": 294,
        "latitude": 49.2648538,
        "longitude": -123.1049209
      }
    },
    {
      "type": "Feature",
      "geometry": {
        "type": "Point",
        "coordinates": [
          -123.1031578,
          49.2675689
        ]
      },
      "properties": {
        "feature_type": "tree",
        "tree_id": 295,
        "latitude": 49.2675689,
        "longitude": -123.1031578
      }
    },
    {
      "type": "Feature",
      "geometry": {
        "type": "Point",
        "coordinates": [
          -123.1047682,
          49.268096
        ]
      },
      "properties": {
        "feature_type": "tree",
        "tree_id": 296,
        "latitude": 49.268096,
        "longitude": -123.1047682
      }
    },
    {
      "type": "Feature",
      "geometry": {
        "type": "Point",
        "coordinates": [
          -123.1064331,
          49.2673749
        ]
      },
      "properties": {
        "feature_type": "tree",
        "tree_id": 297,
        "latitude": 49.2673749,
        "longitude": -123.1064331
      }
    },
    {
      "type": "Feature",
      "geometry": {
        "type": "Point",
        "coordinates": [
          -123.1053777,
          49.2683655
        ]
      },
      "properties": {
        "feature_type": "tree",
        "tree_id": 298,
        "latitude": 49.2683655,
        "longitude": -123.1053777
      }
    },
    {
      "type": "Feature",
      "geometry": {
        "type": "Point",
        "coordinates": [
          -123.1043939,
          49.2650762
        ]
      },
      "properties": {
        "feature_type": "tree",
        "tree_id": 299,
        "latitude": 49.2650762,
        "longitude": -123.1043939
      }
    },
    {
      "type": "Feature",
      "geometry": {
        "type": "Point",
        "coordinates": [
          -123.1046328,
          49.2674993
        ]
      },
      "properties": {
        "feature_type": "tree",
        "tree_id": 300,
        "latitude": 49.2674993,
        "longitude": -123.1046328
      }
    },
    {
      "type": "Feature",
      "geometry": {
        "type": "Point",
        "coordinates": [
          -123.1045932,
          49.2656392
        ]
      },
      "properties": {
        "feature_type": "tree",
        "tree_id": 301,
        "latitude": 49.2656392,
        "longitude": -123.1045932
      }
    },
    {
      "type": "Feature",
      "geometry": {
        "type": "Point",
        "coordinates": [
          -123.1067888,
          49.2658913
        ]
      },
      "properties": {
        "feature_type": "tree",
        "tree_id": 302,
        "latitude": 49.2658913,
        "longitude": -123.1067888
      }
    },
    {
      "type": "Feature",
      "geometry": {
        "type": "Point",
        "coordinates": [
          -123.1019596,
          49.2656869
        ]
      },
      "properties": {
        "feature_type": "tree",
        "tree_id": 303,
        "latitude": 49.2656869,
        "longitude": -123.1019596
      }
    },
    {
      "type": "Feature",
      "geometry": {
        "type": "Point",
        "coordinates": [
          -123.1028847,
          49.2676884
        ]
      },
      "properties": {
        "feature_type": "tree",
        "tree_id": 304,
        "latitude": 49.2676884,
        "longitude": -123.1028847
      }
    },
    {
      "type": "Feature",
      "geometry": {
        "type": "Point",
        "coordinates": [
          -123.1034933,
          49.2668701
        ]
      },
      "properties": {
        "feature_type": "tree",
        "tree_id": 305,
        "latitude": 49.2668701,
        "longitude": -123.1034933
      }
    },
    {
      "type": "Feature",
      "geometry": {
        "type": "Point",
        "coordinates": [
          -123.1049246,
          49.2649737
        ]
      },
      "properties": {
        "feature_type": "tree",
        "tree_id": 306,
        "latitude": 49.2649737,
        "longitude": -123.1049246
      }
    },
    {
      "type": "Feature",
      "geometry": {
        "type": "Point",
        "coordinates": [
          -123.1025899,
          49.265497
        ]
      },
      "properties": {
        "feature_type": "tree",
        "tree_id": 307,
        "latitude": 49.265497,
        "longitude": -123.1025899
      }
    },
    {
      "type": "Feature",
      "geometry": {
        "type": "Point",
        "coordinates": [
          -123.1025839,
          49.2673054
        ]
      },
      "properties": {
        "feature_type": "tree",
        "tree_id": 308,
        "latitude": 49.2673054,
        "longitude": -123.1025839
      }
    },
    {
      "type": "Feature",
      "geometry": {
        "type": "Point",
        "coordinates": [
          -123.1020424,
          49.2653799
        ]
      },
      "properties": {
        "feature_type": "tree",
        "tree_id": 309,
        "latitude": 49.2653799,
        "longitude": -123.1020424
      }
    },
    {
      "type": "Feature",
      "geometry": {
        "type": "Point",
        "coordinates": [
          -123.1047821,
          49.2679622
        ]
      },
      "properties": {
        "feature_type": "tree",
        "tree_id": 310,
        "latitude": 49.2679622,
        "longitude": -123.1047821
      }
    },
    {
      "type": "Feature",
      "geometry": {
        "type": "Point",
        "coordinates": [
          -123.1050435,
          49.2661021
        ]
      },
      "properties": {
        "feature_type": "tree",
        "tree_id": 311,
        "latitude": 49.2661021,
        "longitude": -123.1050435
      }
    },
    {
      "type": "Feature",
      "geometry": {
        "type": "Point",
        "coordinates": [
          -123.1052621,
          49.2682581
        ]
      },
      "properties": {
        "feature_type": "tree",
        "tree_id": 312,
        "latitude": 49.2682581,
        "longitude": -123.1052621
      }
    },
    {
      "type": "Feature",
      "geometry": {
        "type": "Point",
        "coordinates": [
          -123.1053074,
          49.2653137
        ]
      },
      "properties": {
        "feature_type": "tree",
        "tree_id": 313,
        "latitude": 49.2653137,
        "longitude": -123.1053074
      }
    },
    {
      "type": "Feature",
      "geometry": {
        "type": "Point",
        "coordinates": [
          -123.1051507,
          49.267985
        ]
      },
      "properties": {
        "feature_type": "tree",
        "tree_id": 314,
        "latitude": 49.267985,
        "longitude": -123.1051507
      }
    },
    {
      "type": "Feature",
      "geometry": {
        "type": "Point",
        "coordinates": [
          -123.1049217,
          49.2680787
        ]
      },
      "properties": {
        "feature_type": "tree",
        "tree_id": 315,
        "latitude": 49.2680787,
        "longitude": -123.1049217
      }
    },
    {
      "type": "Feature",
      "geometry": {
        "type": "Point",
        "coordinates": [
          -123.1054242,
          49.2674462
        ]
      },
      "properties": {
        "feature_type": "tree",
        "tree_id": 316,
        "latitude": 49.2674462,
        "longitude": -123.1054242
      }
    },
    {
      "type": "Feature",
      "geometry": {
        "type": "Point",
        "coordinates": [
          -123.1062671,
          49.2674666
        ]
      },
      "properties": {
        "feature_type": "tree",
        "tree_id": 317,
        "latitude": 49.2674666,
        "longitude": -123.1062671
      }
    },
    {
      "type": "Feature",
      "geometry": {
        "type": "Point",
        "coordinates": [
          -123.1058131,
          49.2664466
        ]
      },
      "properties": {
        "feature_type": "tree",
        "tree_id": 318,
        "latitude": 49.2664466,
        "longitude": -123.1058131
      }
    },
    {
      "type": "Feature",
      "geometry": {
        "type": "Point",
        "coordinates": [
          -123.1049447,
          49.2673443
        ]
      },
      "properties": {
        "feature_type": "tree",
        "tree_id": 319,
        "latitude": 49.2673443,
        "longitude": -123.1049447
      }
    },
    {
      "type": "Feature",
      "geometry": {
        "type": "Point",
        "coordinates": [
          -123.1029714,
          49.266839
        ]
      },
      "properties": {
        "feature_type": "tree",
        "tree_id": 320,
        "latitude": 49.266839,
        "longitude": -123.1029714
      }
    },
    {
      "type": "Feature",
      "geometry": {
        "type": "Point",
        "coordinates": [
          -123.1065203,
          49.2661016
        ]
      },
      "properties": {
        "feature_type": "tree",
        "tree_id": 321,
        "latitude": 49.2661016,
        "longitude": -123.1065203
      }
    },
    {
      "type": "Feature",
      "geometry": {
        "type": "Point",
        "coordinates": [
          -123.1017634,
          49.2659357
        ]
      },
      "properties": {
        "feature_type": "tree",
        "tree_id": 322,
        "latitude": 49.2659357,
        "longitude": -123.1017634
      }
    },
    {
      "type": "Feature",
      "geometry": {
        "type": "Point",
        "coordinates": [
          -123.1020103,
          49.2654703
        ]
      },
      "properties": {
        "feature_type": "tree",
        "tree_id": 323,
        "latitude": 49.2654703,
        "longitude": -123.1020103
      }
    },
    {
      "type": "Feature",
      "geometry": {
        "type": "Point",
        "coordinates": [
          -123.1025679,
          49.267427
        ]
      },
      "properties": {
        "feature_type": "tree",
        "tree_id": 324,
        "latitude": 49.267427,
        "longitude": -123.1025679
      }
    },
    {
      "type": "Feature",
      "geometry": {
        "type": "Point",
        "coordinates": [
          -123.1036988,
          49.2684124
        ]
      },
      "properties": {
        "feature_type": "tree",
        "tree_id": 325,
        "latitude": 49.2684124,
        "longitude": -123.1036988
      }
    },
    {
      "type": "Feature",
      "geometry": {
        "type": "Point",
        "coordinates": [
          -123.1018529,
          49.265403
        ]
      },
      "properties": {
        "feature_type": "tree",
        "tree_id": 326,
        "latitude": 49.265403,
        "longitude": -123.1018529
      }
    },
    {
      "type": "Feature",
      "geometry": {
        "type": "Point",
        "coordinates": [
          -123.1048153,
          49.2680521
        ]
      },
      "properties": {
        "feature_type": "tree",
        "tree_id": 327,
        "latitude": 49.2680521,
        "longitude": -123.1048153
      }
    },
    {
      "type": "Feature",
      "geometry": {
        "type": "Point",
        "coordinates": [
          -123.103792,
          49.2651337
        ]
      },
      "properties": {
        "feature_type": "tree",
        "tree_id": 328,
        "latitude": 49.2651337,
        "longitude": -123.103792
      }
    },
    {
      "type": "Feature",
      "geometry": {
        "type": "Point",
        "coordinates": [
          -123.1067416,
          49.2677057
        ]
      },
      "properties": {
        "feature_type": "tree",
        "tree_id": 329,
        "latitude": 49.2677057,
        "longitude": -123.1067416
      }
    },
    {
      "type": "Feature",
      "geometry": {
        "type": "Point",
        "coordinates": [
          -123.1063941,
          49.2660202
        ]
      },
      "properties": {
        "feature_type": "tree",
        "tree_id": 330,
        "latitude": 49.2660202,
        "longitude": -123.1063941
      }
    },
    {
      "type": "Feature",
      "geometry": {
        "type": "Point",
        "coordinates": [
          -123.1027527,
          49.2656122
        ]
      },
      "properties": {
        "feature_type": "tree",
        "tree_id": 331,
        "latitude": 49.2656122,
        "longitude": -123.1027527
      }
    },
    {
      "type": "Feature",
      "geometry": {
        "type": "Point",
        "coordinates": [
          -123.1020852,
          49.2656023
        ]
      },
      "properties": {
        "feature_type": "tree",
        "tree_id": 332,
        "latitude": 49.2656023,
        "longitude": -123.1020852
      }
    },
    {
      "type": "Feature",
      "geometry": {
        "type": "Point",
        "coordinates": [
          -123.1023092,
          49.2672984
        ]
      },
      "properties": {
        "feature_type": "tree",
        "tree_id": 333,
        "latitude": 49.2672984,
        "longitude": -123.1023092
      }
    },
    {
      "type": "Feature",
      "geometry": {
        "type": "Point",
        "coordinates": [
          -123.1027093,
          49.2657389
        ]
      },
      "properties": {
        "feature_type": "tree",
        "tree_id": 334,
        "latitude": 49.2657389,
        "longitude": -123.1027093
      }
    },
    {
      "type": "Feature",
      "geometry": {
        "type": "Point",
        "coordinates": [
          -123.104215,
          49.2650788
        ]
      },
      "properties": {
        "feature_type": "tree",
        "tree_id": 335,
        "latitude": 49.2650788,
        "longitude": -123.104215
      }
    },
    {
      "type": "Feature",
      "geometry": {
        "type": "Point",
        "coordinates": [
          -123.1024509,
          49.2674939
        ]
      },
      "properties": {
        "feature_type": "tree",
        "tree_id": 336,
        "latitude": 49.2674939,
        "longitude": -123.1024509
      }
    },
    {
      "type": "Feature",
      "geometry": {
        "type": "Point",
        "coordinates": [
          -123.1031423,
          49.2674341
        ]
      },
      "properties": {
        "feature_type": "tree",
        "tree_id": 337,
        "latitude": 49.2674341,
        "longitude": -123.1031423
      }
    },
    {
      "type": "Feature",
      "geometry": {
        "type": "Point",
        "coordinates": [
          -123.1052459,
          49.2660936
        ]
      },
      "properties": {
        "feature_type": "tree",
        "tree_id": 338,
        "latitude": 49.2660936,
        "longitude": -123.1052459
      }
    },
    {
      "type": "Feature",
      "geometry": {
        "type": "Point",
        "coordinates": [
          -123.1052081,
          49.2674377
        ]
      },
      "properties": {
        "feature_type": "tree",
        "tree_id": 339,
        "latitude": 49.2674377,
        "longitude": -123.1052081
      }
    },
    {
      "type": "Feature",
      "geometry": {
        "type": "Point",
        "coordinates": [
          -123.1017314,
          49.2656556
        ]
      },
      "properties": {
        "feature_type": "tree",
        "tree_id": 340,
        "latitude": 49.2656556,
        "longitude": -123.1017314
      }
    },
    {
      "type": "Feature",
      "geometry": {
        "type": "Point",
        "coordinates": [
          -123.1021819,
          49.2654381
        ]
      },
      "properties": {
        "feature_type": "tree",
        "tree_id": 341,
        "latitude": 49.2654381,
        "longitude": -123.1021819
      }
    },
    {
      "type": "Feature",
      "geometry": {
        "type": "Point",
        "coordinates": [
          -123.1028716,
          49.2683343
        ]
      },
      "properties": {
        "feature_type": "tree",
        "tree_id": 342,
        "latitude": 49.2683343,
        "longitude": -123.1028716
      }
    },
    {
      "type": "Feature",
      "geometry": {
        "type": "Point",
        "coordinates": [
          -123.103863,
          49.2673101
        ]
      },
      "properties": {
        "feature_type": "tree",
        "tree_id": 343,
        "latitude": 49.2673101,
        "longitude": -123.103863
      }
    },
    {
      "type": "Feature",
      "geometry": {
        "type": "Point",
        "coordinates": [
          -123.1056856,
          49.2683919
        ]
      },
      "properties": {
        "feature_type": "tree",
        "tree_id": 344,
        "latitude": 49.2683919,
        "longitude": -123.1056856
      }
    },
    {
      "type": "Feature",
      "geometry": {
        "type": "Point",
        "coordinates": [
          -123.1049747,
          49.2678823
        ]
      },
      "properties": {
        "feature_type": "tree",
        "tree_id": 345,
        "latitude": 49.2678823,
        "longitude": -123.1049747
      }
    },
    {
      "type": "Feature",
      "geometry": {
        "type": "Point",
        "coordinates": [
          -123.1026116,
          49.2654895
        ]
      },
      "properties": {
        "feature_type": "tree",
        "tree_id": 346,
        "latitude": 49.2654895,
        "longitude": -123.1026116
      }
    },
    {
      "type": "Feature",
      "geometry": {
        "type": "Point",
        "coordinates": [
          -123.1046048,
          49.2647655
        ]
      },
      "properties": {
        "feature_type": "tree",
        "tree_id": 347,
        "latitude": 49.2647655,
        "longitude": -123.1046048
      }
    },
    {
      "type": "Feature",
      "geometry": {
        "type": "Point",
        "coordinates": [
          -123.1064832,
          49.2674671
        ]
      },
      "properties": {
        "feature_type": "tree",
        "tree_id": 348,
        "latitude": 49.2674671,
        "longitude": -123.1064832
      }
    },
    {
      "type": "Feature",
      "geometry": {
        "type": "Point",
        "coordinates": [
          -123.1055338,
          49.2683647
        ]
      },
      "properties": {
        "feature_type": "tree",
        "tree_id": 349,
        "latitude": 49.2683647,
        "longitude": -123.1055338
      }
    },
    {
      "type": "Feature",
      "geometry": {
        "type": "Point",
        "coordinates": [
          -123.1052761,
          49.2681964
        ]
      },
      "properties": {
        "feature_type": "tree",
        "tree_id": 350,
        "latitude": 49.2681964,
        "longitude": -123.1052761
      }
    },
    {
      "type": "Feature",
      "geometry": {
        "type": "Point",
        "coordinates": [
          -123.103851,
          49.2668456
        ]
      },
      "properties": {
        "feature_type": "tree",
        "tree_id": 351,
        "latitude": 49.2668456,
        "longitude": -123.103851
      }
    },
    {
      "type": "Feature",
      "geometry": {
        "type": "Point",
        "coordinates": [
          -123.1047441,
          49.2648539
        ]
      },
      "properties": {
        "feature_type": "tree",
        "tree_id": 352,
        "latitude": 49.2648539,
        "longitude": -123.1047441
      }
    },
    {
      "type": "Feature",
      "geometry": {
        "type": "Point",
        "coordinates": [
          -123.1025493,
          49.2655923
        ]
      },
      "properties": {
        "feature_type": "tree",
        "tree_id": 353,
        "latitude": 49.2655923,
        "longitude": -123.1025493
      }
    },
    {
      "type": "Feature",
      "geometry": {
        "type": "Point",
        "coordinates": [
          -123.1070981,
          49.2669226
        ]
      },
      "properties": {
        "feature_type": "tree",
        "tree_id": 354,
        "latitude": 49.2669226,
        "longitude": -123.1070981
      }
    },
    {
      "type": "Feature",
      "geometry": {
        "type": "Point",
        "coordinates": [
          -123.1053186,
          49.2655465
        ]
      },
      "properties": {
        "feature_type": "tree",
        "tree_id": 355,
        "latitude": 49.2655465,
        "longitude": -123.1053186
      }
    },
    {
      "type": "Feature",
      "geometry": {
        "type": "Point",
        "coordinates": [
          -123.1050605,
          49.2680633
        ]
      },
      "properties": {
        "feature_type": "tree",
        "tree_id": 356,
        "latitude": 49.2680633,
        "longitude": -123.1050605
      }
    },
    {
      "type": "Feature",
      "geometry": {
        "type": "Point",
        "coordinates": [
          -123.1055874,
          49.2653098
        ]
      },
      "properties": {
        "feature_type": "tree",
        "tree_id": 357,
        "latitude": 49.2653098,
        "longitude": -123.1055874
      }
    },
    {
      "type": "Feature",
      "geometry": {
        "type": "Point",
        "coordinates": [
          -123.1045998,
          49.2676379
        ]
      },
      "properties": {
        "feature_type": "tree",
        "tree_id": 358,
        "latitude": 49.2676379,
        "longitude": -123.1045998
      }
    },
    {
      "type": "Feature",
      "geometry": {
        "type": "Point",
        "coordinates": [
          -123.1049276,
          49.2649462
        ]
      },
      "properties": {
        "feature_type": "tree",
        "tree_id": 359,
        "latitude": 49.2649462,
        "longitude": -123.1049276
      }
    },
    {
      "type": "Feature",
      "geometry": {
        "type": "Point",
        "coordinates": [
          -123.1044081,
          49.2674459
        ]
      },
      "properties": {
        "feature_type": "tree",
        "tree_id": 360,
        "latitude": 49.2674459,
        "longitude": -123.1044081
      }
    },
    {
      "type": "Feature",
      "geometry": {
        "type": "Point",
        "coordinates": [
          -123.1066157,
          49.2659498
        ]
      },
      "properties": {
        "feature_type": "tree",
        "tree_id": 361,
        "latitude": 49.2659498,
        "longitude": -123.1066157
      }
    },
    {
      "type": "Feature",
      "geometry": {
        "type": "Point",
        "coordinates": [
          -123.1072566,
          49.2665932
        ]
      },
      "properties": {
        "feature_type": "tree",
        "tree_id": 362,
        "latitude": 49.2665932,
        "longitude": -123.1072566
      }
    },
    {
      "type": "Feature",
      "geometry": {
        "type": "Point",
        "coordinates": [
          -123.1026664,
          49.2675666
        ]
      },
      "properties": {
        "feature_type": "tree",
        "tree_id": 363,
        "latitude": 49.2675666,
        "longitude": -123.1026664
      }
    },
    {
      "type": "Feature",
      "geometry": {
        "type": "Point",
        "coordinates": [
          -123.1031945,
          49.2675714
        ]
      },
      "properties": {
        "feature_type": "tree",
        "tree_id": 364,
        "latitude": 49.2675714,
        "longitude": -123.1031945
      }
    },
    {
      "type": "Feature",
      "geometry": {
        "type": "Point",
        "coordinates": [
          -123.1056629,
          49.2674441
        ]
      },
      "properties": {
        "feature_type": "tree",
        "tree_id": 365,
        "latitude": 49.2674441,
        "longitude": -123.1056629
      }
    },
    {
      "type": "Feature",
      "geometry": {
        "type": "Point",
        "coordinates": [
          -123.1024406,
          49.2675235
        ]
      },
      "properties": {
        "feature_type": "tree",
        "tree_id": 366,
        "latitude": 49.2675235,
        "longitude": -123.1024406
      }
    },
    {
      "type": "Feature",
      "geometry": {
        "type": "Point",
        "coordinates": [
          -123.1046193,
          49.2678759
        ]
      },
      "properties": {
        "feature_type": "tree",
        "tree_id": 367,
        "latitude": 49.2678759,
        "longitude": -123.1046193
      }
    },
    {
      "type": "Feature",
      "geometry": {
        "type": "Point",
        "coordinates": [
          -123.1046137,
          49.2677468
        ]
      },
      "properties": {
        "feature_type": "tree",
        "tree_id": 368,
        "latitude": 49.2677468,
        "longitude": -123.1046137
      }
    },
    {
      "type": "Feature",
      "geometry": {
        "type": "Point",
        "coordinates": [
          -123.10423,
          49.265149
        ]
      },
      "properties": {
        "feature_type": "tree",
        "tree_id": 369,
        "latitude": 49.265149,
        "longitude": -123.10423
      }
    },
    {
      "type": "Feature",
      "geometry": {
        "type": "Point",
        "coordinates": [
          -123.1024092,
          49.2676184
        ]
      },
      "properties": {
        "feature_type": "tree",
        "tree_id": 370,
        "latitude": 49.2676184,
        "longitude": -123.1024092
      }
    },
    {
      "type": "Feature",
      "geometry": {
        "type": "Point",
        "coordinates": [
          -123.1049266,
          49.2649365
        ]
      },
      "properties": {
        "feature_type": "tree",
        "tree_id": 371,
        "latitude": 49.2649365,
        "longitude": -123.1049266
      }
    },
    {
      "type": "Feature",
      "geometry": {
        "type": "Point",
        "coordinates": [
          -123.1029607,
          49.265862
        ]
      },
      "properties": {
        "feature_type": "tree",
        "tree_id": 372,
        "latitude": 49.265862,
        "longitude": -123.1029607
      }
    },
    {
      "type": "Feature",
      "geometry": {
        "type": "Point",
        "coordinates": [
          -123.1044709,
          49.2674299
        ]
      },
      "properties": {
        "feature_type": "tree",
        "tree_id": 373,
        "latitude": 49.2674299,
        "longitude": -123.1044709
      }
    },
    {
      "type": "Feature",
      "geometry": {
        "type": "Point",
        "coordinates": [
          -123.1032812,
          49.2678654
        ]
      },
      "properties": {
        "feature_type": "tree",
        "tree_id": 374,
        "latitude": 49.2678654,
        "longitude": -123.1032812
      }
    },
    {
      "type": "Feature",
      "geometry": {
        "type": "Point",
        "coordinates": [
          -123.1056651,
          49.2652284
        ]
      },
      "properties": {
        "feature_type": "tree",
        "tree_id": 375,
        "latitude": 49.2652284,
        "longitude": -123.1056651
      }
    },
    {
      "type": "Feature",
      "geometry": {
        "type": "Point",
        "coordinates": [
          -123.1046518,
          49.267544
        ]
      },
      "properties": {
        "feature_type": "tree",
        "tree_id": 376,
        "latitude": 49.267544,
        "longitude": -123.1046518
      }
    },
    {
      "type": "Feature",
      "geometry": {
        "type": "Point",
        "coordinates": [
          -123.1051546,
          49.2674652
        ]
      },
      "properties": {
        "feature_type": "tree",
        "tree_id": 377,
        "latitude": 49.2674652,
        "longitude": -123.1051546
      }
    },
    {
      "type": "Feature",
      "geometry": {
        "type": "Point",
        "coordinates": [
          -123.1047944,
          49.2677036
        ]
      },
      "properties": {
        "feature_type": "tree",
        "tree_id": 378,
        "latitude": 49.2677036,
        "longitude": -123.1047944
      }
    },
    {
      "type": "Feature",
      "geometry": {
        "type": "Point",
        "coordinates": [
          -123.1033094,
          49.2650674
        ]
      },
      "properties": {
        "feature_type": "tree",
        "tree_id": 379,
        "latitude": 49.2650674,
        "longitude": -123.1033094
      }
    },
    {
      "type": "Feature",
      "geometry": {
        "type": "Point",
        "coordinates": [
          -123.1061785,
          49.2651973
        ]
      },
      "properties": {
        "feature_type": "tree",
        "tree_id": 380,
        "latitude": 49.2651973,
        "longitude": -123.1061785
      }
    },
    {
      "type": "Feature",
      "geometry": {
        "type": "Point",
        "coordinates": [
          -123.1036951,
          49.2656052
        ]
      },
      "properties": {
        "feature_type": "tree",
        "tree_id": 381,
        "latitude": 49.2656052,
        "longitude": -123.1036951
      }
    },
    {
      "type": "Feature",
      "geometry": {
        "type": "Point",
        "coordinates": [
          -123.1049074,
          49.2649664
        ]
      },
      "properties": {
        "feature_type": "tree",
        "tree_id": 382,
        "latitude": 49.2649664,
        "longitude": -123.1049074
      }
    },
    {
      "type": "Feature",
      "geometry": {
        "type": "Point",
        "coordinates": [
          -123.1023108,
          49.2677516
        ]
      },
      "properties": {
        "feature_type": "tree",
        "tree_id": 383,
        "latitude": 49.2677516,
        "longitude": -123.1023108
      }
    },
    {
      "type": "Feature",
      "geometry": {
        "type": "Point",
        "coordinates": [
          -123.1056145,
          49.2670401
        ]
      },
      "properties": {
        "feature_type": "tree",
        "tree_id": 384,
        "latitude": 49.2670401,
        "longitude": -123.1056145
      }
    },
    {
      "type": "Feature",
      "geometry": {
        "type": "Point",
        "coordinates": [
          -123.1015368,
          49.2673754
        ]
      },
      "properties": {
        "feature_type": "tree",
        "tree_id": 385,
        "latitude": 49.2673754,
        "longitude": -123.1015368
      }
    },
    {
      "type": "Feature",
      "geometry": {
        "type": "Point",
        "coordinates": [
          -123.1046583,
          49.2668116
        ]
      },
      "properties": {
        "feature_type": "tree",
        "tree_id": 386,
        "latitude": 49.2668116,
        "longitude": -123.1046583
      }
    },
    {
      "type": "Feature",
      "geometry": {
        "type": "Point",
        "coordinates": [
          -123.1053683,
          49.2651877
        ]
      },
      "properties": {
        "feature_type": "tree",
        "tree_id": 387,
        "latitude": 49.2651877,
        "longitude": -123.1053683
      }
    },
    {
      "type": "Feature",
      "geometry": {
        "type": "Point",
        "coordinates": [
          -123.1018748,
          49.2674064
        ]
      },
      "properties": {
        "feature_type": "tree",
        "tree_id": 388,
        "latitude": 49.2674064,
        "longitude": -123.1018748
      }
    },
    {
      "type": "Feature",
      "geometry": {
        "type": "Point",
        "coordinates": [
          -123.1056708,
          49.2672821
        ]
      },
      "properties": {
        "feature_type": "tree",
        "tree_id": 389,
        "latitude": 49.2672821,
        "longitude": -123.1056708
      }
    },
    {
      "type": "Feature",
      "geometry": {
        "type": "Point",
        "coordinates": [
          -123.1048284,
          49.266985
        ]
      },
      "properties": {
        "feature_type": "tree",
        "tree_id": 390,
        "latitude": 49.266985,
        "longitude": -123.1048284
      }
    },
    {
      "type": "Feature",
      "geometry": {
        "type": "Point",
        "coordinates": [
          -123.1059684,
          49.2656611
        ]
      },
      "properties": {
        "feature_type": "tree",
        "tree_id": 391,
        "latitude": 49.2656611,
        "longitude": -123.1059684
      }
    },
    {
      "type": "Feature",
      "geometry": {
        "type": "Point",
        "coordinates": [
          -123.1021338,
          49.2655882
        ]
      },
      "properties": {
        "feature_type": "tree",
        "tree_id": 392,
        "latitude": 49.2655882,
        "longitude": -123.1021338
      }
    },
    {
      "type": "Feature",
      "geometry": {
        "type": "Point",
        "coordinates": [
          -123.1047935,
          49.2671444
        ]
      },
      "properties": {
        "feature_type": "tree",
        "tree_id": 393,
        "latitude": 49.2671444,
        "longitude": -123.1047935
      }
    },
    {
      "type": "Feature",
      "geometry": {
        "type": "Point",
        "coordinates": [
          -123.1040197,
          49.2670581
        ]
      },
      "properties": {
        "feature_type": "tree",
        "tree_id": 394,
        "latitude": 49.2670581,
        "longitude": -123.1040197
      }
    },
    {
      "type": "Feature",
      "geometry": {
        "type": "Point",
        "coordinates": [
          -123.106589,
          49.2671229
        ]
      },
      "properties": {
        "feature_type": "tree",
        "tree_id": 395,
        "latitude": 49.2671229,
        "longitude": -123.106589
      }
    },
    {
      "type": "Feature",
      "geometry": {
        "type": "Point",
        "coordinates": [
          -123.1048922,
          49.2680958
        ]
      },
      "properties": {
        "feature_type": "tree",
        "tree_id": 396,
        "latitude": 49.2680958,
        "longitude": -123.1048922
      }
    },
    {
      "type": "Feature",
      "geometry": {
        "type": "Point",
        "coordinates": [
          -123.1038745,
          49.2682128
        ]
      },
      "properties": {
        "feature_type": "tree",
        "tree_id": 397,
        "latitude": 49.2682128,
        "longitude": -123.1038745
      }
    },
    {
      "type": "Feature",
      "geometry": {
        "type": "Point",
        "coordinates": [
          -123.1036207,
          49.2651519
        ]
      },
      "properties": {
        "feature_type": "tree",
        "tree_id": 398,
        "latitude": 49.2651519,
        "longitude": -123.1036207
      }
    },
    {
      "type": "Feature",
      "geometry": {
        "type": "Point",
        "coordinates": [
          -123.104085,
          49.2655181
        ]
      },
      "properties": {
        "feature_type": "tree",
        "tree_id": 399,
        "latitude": 49.2655181,
        "longitude": -123.104085
      }
    },
    {
      "type": "Feature",
      "geometry": {
        "type": "Point",
        "coordinates": [
          -123.1049343,
          49.2651638
        ]
      },
      "properties": {
        "feature_type": "tree",
        "tree_id": 400,
        "latitude": 49.2651638,
        "longitude": -123.1049343
      }
    },
    {
      "type": "Feature",
      "geometry": {
        "type": "Point",
        "coordinates": [
          -123.1048542,
          49.2679615
        ]
      },
      "properties": {
        "feature_type": "tree",
        "tree_id": 401,
        "latitude": 49.2679615,
        "longitude": -123.1048542
      }
    },
    {
      "type": "Feature",
      "geometry": {
        "type": "Point",
        "coordinates": [
          -123.1046394,
          49.267883
        ]
      },
      "properties": {
        "feature_type": "tree",
        "tree_id": 402,
        "latitude": 49.267883,
        "longitude": -123.1046394
      }
    },
    {
      "type": "Feature",
      "geometry": {
        "type": "Point",
        "coordinates": [
          -123.104992,
          49.2662061
        ]
      },
      "properties": {
        "feature_type": "tree",
        "tree_id": 403,
        "latitude": 49.2662061,
        "longitude": -123.104992
      }
    },
    {
      "type": "Feature",
      "geometry": {
        "type": "Point",
        "coordinates": [
          -123.1047912,
          49.2678118
        ]
      },
      "properties": {
        "feature_type": "tree",
        "tree_id": 404,
        "latitude": 49.2678118,
        "longitude": -123.1047912
      }
    },
    {
      "type": "Feature",
      "geometry": {
        "type": "Point",
        "coordinates": [
          -123.1024594,
          49.2675208
        ]
      },
      "properties": {
        "feature_type": "tree",
        "tree_id": 405,
        "latitude": 49.2675208,
        "longitude": -123.1024594
      }
    },
    {
      "type": "Feature",
      "geometry": {
        "type": "Point",
        "coordinates": [
          -123.104332,
          49.2650821
        ]
      },
      "properties": {
        "feature_type": "tree",
        "tree_id": 406,
        "latitude": 49.2650821,
        "longitude": -123.104332
      }
    },
    {
      "type": "Feature",
      "geometry": {
        "type": "Point",
        "coordinates": [
          -123.1026033,
          49.2674069
        ]
      },
      "properties": {
        "feature_type": "tree",
        "tree_id": 407,
        "latitude": 49.2674069,
        "longitude": -123.1026033
      }
    },
    {
      "type": "Feature",
      "geometry": {
        "type": "Point",
        "coordinates": [
          -123.1037598,
          49.2651572
        ]
      },
      "properties": {
        "feature_type": "tree",
        "tree_id": 408,
        "latitude": 49.2651572,
        "longitude": -123.1037598
      }
    },
    {
      "type": "Feature",
      "geometry": {
        "type": "Point",
        "coordinates": [
          -123.1019797,
          49.2658353
        ]
      },
      "properties": {
        "feature_type": "tree",
        "tree_id": 409,
        "latitude": 49.2658353,
        "longitude": -123.1019797
      }
    },
    {
      "type": "Feature",
      "geometry": {
        "type": "Point",
        "coordinates": [
          -123.1019097,
          49.2664756
        ]
      },
      "properties": {
        "feature_type": "tree",
        "tree_id": 410,
        "latitude": 49.2664756,
        "longitude": -123.1019097
      }
    },
    {
      "type": "Feature",
      "geometry": {
        "type": "Point",
        "coordinates": [
          -123.1032996,
          49.2664012
        ]
      },
      "properties": {
        "feature_type": "tree",
        "tree_id": 411,
        "latitude": 49.2664012,
        "longitude": -123.1032996
      }
    },
    {
      "type": "Feature",
      "geometry": {
        "type": "Point",
        "coordinates": [
          -123.1023793,
          49.2651195
        ]
      },
      "properties": {
        "feature_type": "tree",
        "tree_id": 412,
        "latitude": 49.2651195,
        "longitude": -123.1023793
      }
    },
    {
      "type": "Feature",
      "geometry": {
        "type": "Point",
        "coordinates": [
          -123.1070677,
          49.2660252
        ]
      },
      "properties": {
        "feature_type": "tree",
        "tree_id": 413,
        "latitude": 49.2660252,
        "longitude": -123.1070677
      }
    },
    {
      "type": "Feature",
      "geometry": {
        "type": "Point",
        "coordinates": [
          -123.1054138,
          49.2659955
        ]
      },
      "properties": {
        "feature_type": "tree",
        "tree_id": 414,
        "latitude": 49.2659955,
        "longitude": -123.1054138
      }
    },
    {
      "type": "Feature",
      "geometry": {
        "type": "Point",
        "coordinates": [
          -123.1050055,
          49.2665622
        ]
      },
      "properties": {
        "feature_type": "tree",
        "tree_id": 415,
        "latitude": 49.2665622,
        "longitude": -123.1050055
      }
    },
    {
      "type": "Feature",
      "geometry": {
        "type": "Point",
        "coordinates": [
          -123.1047704,
          49.2685654
        ]
      },
      "properties": {
        "feature_type": "tree",
        "tree_id": 416,
        "latitude": 49.2685654,
        "longitude": -123.1047704
      }
    },
    {
      "type": "Feature",
      "geometry": {
        "type": "Point",
        "coordinates": [
          -123.1016426,
          49.2672708
        ]
      },
      "properties": {
        "feature_type": "tree",
        "tree_id": 417,
        "latitude": 49.2672708,
        "longitude": -123.1016426
      }
    },
    {
      "type": "Feature",
      "geometry": {
        "type": "Point",
        "coordinates": [
          -123.1072478,
          49.2669403
        ]
      },
      "properties": {
        "feature_type": "tree",
        "tree_id": 418,
        "latitude": 49.2669403,
        "longitude": -123.1072478
      }
    },
    {
      "type": "Feature",
      "geometry": {
        "type": "Point",
        "coordinates": [
          -123.1017753,
          49.2673952
        ]
      },
      "properties": {
        "feature_type": "tree",
        "tree_id": 419,
        "latitude": 49.2673952,
        "longitude": -123.1017753
      }
    },
    {
      "type": "Feature",
      "geometry": {
        "type": "Point",
        "coordinates": [
          -123.1024362,
          49.267705
        ]
      },
      "properties": {
        "feature_type": "tree",
        "tree_id": 420,
        "latitude": 49.267705,
        "longitude": -123.1024362
      }
    },
    {
      "type": "Feature",
      "geometry": {
        "type": "Point",
        "coordinates": [
          -123.1064844,
          49.267474
        ]
      },
      "properties": {
        "feature_type": "tree",
        "tree_id": 421,
        "latitude": 49.267474,
        "longitude": -123.1064844
      }
    },
    {
      "type": "Feature",
      "geometry": {
        "type": "Point",
        "coordinates": [
          -123.1039857,
          49.2656324
        ]
      },
      "properties": {
        "feature_type": "tree",
        "tree_id": 422,
        "latitude": 49.2656324,
        "longitude": -123.1039857
      }
    },
    {
      "type": "Feature",
      "geometry": {
        "type": "Point",
        "coordinates": [
          -123.1046378,
          49.2669829
        ]
      },
      "properties": {
        "feature_type": "tree",
        "tree_id": 423,
        "latitude": 49.2669829,
        "longitude": -123.1046378
      }
    },
    {
      "type": "Feature",
      "geometry": {
        "type": "Point",
        "coordinates": [
          -123.106586,
          49.2670507
        ]
      },
      "properties": {
        "feature_type": "tree",
        "tree_id": 424,
        "latitude": 49.2670507,
        "longitude": -123.106586
      }
    },
    {
      "type": "Feature",
      "geometry": {
        "type": "Point",
        "coordinates": [
          -123.1016485,
          49.2673876
        ]
      },
      "properties": {
        "feature_type": "tree",
        "tree_id": 425,
        "latitude": 49.2673876,
        "longitude": -123.1016485
      }
    },
    {
      "type": "Feature",
      "geometry": {
        "type": "Point",
        "coordinates": [
          -123.1032734,
          49.2664021
        ]
      },
      "properties": {
        "feature_type": "tree",
        "tree_id": 426,
        "latitude": 49.2664021,
        "longitude": -123.1032734
      }
    },
    {
      "type": "Feature",
      "geometry": {
        "type": "Point",
        "coordinates": [
          -123.1016331,
          49.2674067
        ]
      },
      "properties": {
        "feature_type": "tree",
        "tree_id": 427,
        "latitude": 49.2674067,
        "longitude": -123.1016331
      }
    },
    {
      "type": "Feature",
      "geometry": {
        "type": "Point",
        "coordinates": [
          -123.1062351,
          49.267766
        ]
      },
      "properties": {
        "feature_type": "tree",
        "tree_id": 428,
        "latitude": 49.267766,
        "longitude": -123.1062351
      }
    },
    {
      "type": "Feature",
      "geometry": {
        "type": "Point",
        "coordinates": [
          -123.1045491,
          49.2655151
        ]
      },
      "properties": {
        "feature_type": "tree",
        "tree_id": 429,
        "latitude": 49.2655151,
        "longitude": -123.1045491
      }
    },
    {
      "type": "Feature",
      "geometry": {
        "type": "Point",
        "coordinates": [
          -123.1058037,
          49.2664291
        ]
      },
      "properties": {
        "feature_type": "tree",
        "tree_id": 430,
        "latitude": 49.2664291,
        "longitude": -123.1058037
      }
    },
    {
      "type": "Feature",
      "geometry": {
        "type": "Point",
        "coordinates": [
          -123.1058354,
          49.2681928
        ]
      },
      "properties": {
        "feature_type": "tree",
        "tree_id": 431,
        "latitude": 49.2681928,
        "longitude": -123.1058354
      }
    },
    {
      "type": "Feature",
      "geometry": {
        "type": "Point",
        "coordinates": [
          -123.1062085,
          49.2656747
        ]
      },
      "properties": {
        "feature_type": "tree",
        "tree_id": 432,
        "latitude": 49.2656747,
        "longitude": -123.1062085
      }
    },
    {
      "type": "Feature",
      "geometry": {
        "type": "Point",
        "coordinates": [
          -123.1021209,
          49.2673873
        ]
      },
      "properties": {
        "feature_type": "tree",
        "tree_id": 433,
        "latitude": 49.2673873,
        "longitude": -123.1021209
      }
    },
    {
      "type": "Feature",
      "geometry": {
        "type": "Point",
        "coordinates": [
          -123.1049408,
          49.2650675
        ]
      },
      "properties": {
        "feature_type": "tree",
        "tree_id": 434,
        "latitude": 49.2650675,
        "longitude": -123.1049408
      }
    },
    {
      "type": "Feature",
      "geometry": {
        "type": "Point",
        "coordinates": [
          -123.1027302,
          49.2656867
        ]
      },
      "properties": {
        "feature_type": "tree",
        "tree_id": 435,
        "latitude": 49.2656867,
        "longitude": -123.1027302
      }
    },
    {
      "type": "Feature",
      "geometry": {
        "type": "Point",
        "coordinates": [
          -123.1049316,
          49.2649929
        ]
      },
      "properties": {
        "feature_type": "tree",
        "tree_id": 436,
        "latitude": 49.2649929,
        "longitude": -123.1049316
      }
    },
    {
      "type": "Feature",
      "geometry": {
        "type": "Point",
        "coordinates": [
          -123.1049156,
          49.2674476
        ]
      },
      "properties": {
        "feature_type": "tree",
        "tree_id": 437,
        "latitude": 49.2674476,
        "longitude": -123.1049156
      }
    },
    {
      "type": "Feature",
      "geometry": {
        "type": "Point",
        "coordinates": [
          -123.1041241,
          49.2674175
        ]
      },
      "properties": {
        "feature_type": "tree",
        "tree_id": 438,
        "latitude": 49.2674175,
        "longitude": -123.1041241
      }
    },
    {
      "type": "Feature",
      "geometry": {
        "type": "Point",
        "coordinates": [
          -123.1058947,
          49.266566
        ]
      },
      "properties": {
        "feature_type": "tree",
        "tree_id": 439,
        "latitude": 49.266566,
        "longitude": -123.1058947
      }
    },
    {
      "type": "Feature",
      "geometry": {
        "type": "Point",
        "coordinates": [
          -123.1030518,
          49.2672971
        ]
      },
      "properties": {
        "feature_type": "tree",
        "tree_id": 440,
        "latitude": 49.2672971,
        "longitude": -123.1030518
      }
    },
    {
      "type": "Feature",
      "geometry": {
        "type": "Point",
        "coordinates": [
          -123.1031051,
          49.2665051
        ]
      },
      "properties": {
        "feature_type": "tree",
        "tree_id": 441,
        "latitude": 49.2665051,
        "longitude": -123.1031051
      }
    },
    {
      "type": "Feature",
      "geometry": {
        "type": "Point",
        "coordinates": [
          -123.1019994,
          49.2653855
        ]
      },
      "properties": {
        "feature_type": "tree",
        "tree_id": 442,
        "latitude": 49.2653855,
        "longitude": -123.1019994
      }
    },
    {
      "type": "Feature",
      "geometry": {
        "type": "Point",
        "coordinates": [
          -123.1070653,
          49.2665725
        ]
      },
      "properties": {
        "feature_type": "tree",
        "tree_id": 443,
        "latitude": 49.2665725,
        "longitude": -123.1070653
      }
    },
    {
      "type": "Feature",
      "geometry": {
        "type": "Point",
        "coordinates": [
          -123.1035118,
          49.2683715
        ]
      },
      "properties": {
        "feature_type": "tree",
        "tree_id": 444,
        "latitude": 49.2683715,
        "longitude": -123.1035118
      }
    },
    {
      "type": "Feature",
      "geometry": {
        "type": "Point",
        "coordinates": [
          -123.1053533,
          49.2655168
        ]
      },
      "properties": {
        "feature_type": "tree",
        "tree_id": 445,
        "latitude": 49.2655168,
        "longitude": -123.1053533
      }
    },
    {
      "type": "Feature",
      "geometry": {
        "type": "Point",
        "coordinates": [
          -123.1036098,
          49.2683853
        ]
      },
      "properties": {
        "feature_type": "tree",
        "tree_id": 446,
        "latitude": 49.2683853,
        "longitude": -123.1036098
      }
    },
    {
      "type": "Feature",
      "geometry": {
        "type": "Point",
        "coordinates": [
          -123.1051774,
          49.2681174
        ]
      },
      "properties": {
        "feature_type": "tree",
        "tree_id": 447,
        "latitude": 49.2681174,
        "longitude": -123.1051774
      }
    },
    {
      "type": "Feature",
      "geometry": {
        "type": "Point",
        "coordinates": [
          -123.1054852,
          49.2674666
        ]
      },
      "properties": {
        "feature_type": "tree",
        "tree_id": 448,
        "latitude": 49.2674666,
        "longitude": -123.1054852
      }
    },
    {
      "type": "Feature",
      "geometry": {
        "type": "Point",
        "coordinates": [
          -123.1037302,
          49.2650301
        ]
      },
      "properties": {
        "feature_type": "tree",
        "tree_id": 449,
        "latitude": 49.2650301,
        "longitude": -123.1037302
      }
    },
    {
      "type": "Feature",
      "geometry": {
        "type": "Point",
        "coordinates": [
          -123.1054615,
          49.2682594
        ]
      },
      "properties": {
        "feature_type": "tree",
        "tree_id": 450,
        "latitude": 49.2682594,
        "longitude": -123.1054615
      }
    },
    {
      "type": "Feature",
      "geometry": {
        "type": "Point",
        "coordinates": [
          -123.1013773,
          49.2666663
        ]
      },
      "properties": {
        "feature_type": "tree",
        "tree_id": 451,
        "latitude": 49.2666663,
        "longitude": -123.1013773
      }
    },
    {
      "type": "Feature",
      "geometry": {
        "type": "Point",
        "coordinates": [
          -123.1048785,
          49.2680139
        ]
      },
      "properties": {
        "feature_type": "tree",
        "tree_id": 452,
        "latitude": 49.2680139,
        "longitude": -123.1048785
      }
    },
    {
      "type": "Feature",
      "geometry": {
        "type": "Point",
        "coordinates": [
          -123.104261,
          49.2652073
        ]
      },
      "properties": {
        "feature_type": "tree",
        "tree_id": 453,
        "latitude": 49.2652073,
        "longitude": -123.104261
      }
    },
    {
      "type": "Feature",
      "geometry": {
        "type": "Point",
        "coordinates": [
          -123.1030109,
          49.2648093
        ]
      },
      "properties": {
        "feature_type": "tree",
        "tree_id": 454,
        "latitude": 49.2648093,
        "longitude": -123.1030109
      }
    },
    {
      "type": "Feature",
      "geometry": {
        "type": "Point",
        "coordinates": [
          -123.1064037,
          49.2670278
        ]
      },
      "properties": {
        "feature_type": "tree",
        "tree_id": 455,
        "latitude": 49.2670278,
        "longitude": -123.1064037
      }
    },
    {
      "type": "Feature",
      "geometry": {
        "type": "Point",
        "coordinates": [
          -123.1067946,
          49.2669374
        ]
      },
      "properties": {
        "feature_type": "tree",
        "tree_id": 456,
        "latitude": 49.2669374,
        "longitude": -123.1067946
      }
    },
    {
      "type": "Feature",
      "geometry": {
        "type": "Point",
        "coordinates": [
          -123.104606,
          49.2679114
        ]
      },
      "properties": {
        "feature_type": "tree",
        "tree_id": 457,
        "latitude": 49.2679114,
        "longitude": -123.104606
      }
    },
    {
      "type": "Feature",
      "geometry": {
        "type": "Point",
        "coordinates": [
          -123.1056111,
          49.266104
        ]
      },
      "properties": {
        "feature_type": "tree",
        "tree_id": 458,
        "latitude": 49.266104,
        "longitude": -123.1056111
      }
    },
    {
      "type": "Feature",
      "geometry": {
        "type": "Point",
        "coordinates": [
          -123.1049514,
          49.2647689
        ]
      },
      "properties": {
        "feature_type": "tree",
        "tree_id": 459,
        "latitude": 49.2647689,
        "longitude": -123.1049514
      }
    },
    {
      "type": "Feature",
      "geometry": {
        "type": "Point",
        "coordinates": [
          -123.1048334,
          49.2672411
        ]
      },
      "properties": {
        "feature_type": "tree",
        "tree_id": 460,
        "latitude": 49.2672411,
        "longitude": -123.1048334
      }
    },
    {
      "type": "Feature",
      "geometry": {
        "type": "Point",
        "coordinates": [
          -123.1031761,
          49.2675588
        ]
      },
      "properties": {
        "feature_type": "tree",
        "tree_id": 461,
        "latitude": 49.2675588,
        "longitude": -123.1031761
      }
    },
    {
      "type": "Feature",
      "geometry": {
        "type": "Point",
        "coordinates": [
          -123.1027343,
          49.265725
        ]
      },
      "properties": {
        "feature_type": "tree",
        "tree_id": 462,
        "latitude": 49.265725,
        "longitude": -123.1027343
      }
    },
    {
      "type": "Feature",
      "geometry": {
        "type": "Point",
        "coordinates": [
          -123.1033239,
          49.2664006
        ]
      },
      "properties": {
        "feature_type": "tree",
        "tree_id": 463,
        "latitude": 49.2664006,
        "longitude": -123.1033239
      }
    },
    {
      "type": "Feature",
      "geometry": {
        "type": "Point",
        "coordinates": [
          -123.1067171,
          49.2677951
        ]
      },
      "properties": {
        "feature_type": "tree",
        "tree_id": 464,
        "latitude": 49.2677951,
        "longitude": -123.1067171
      }
    },
    {
      "type": "Feature",
      "geometry": {
        "type": "Point",
        "coordinates": [
          -123.1028841,
          49.2671641
        ]
      },
      "properties": {
        "feature_type": "tree",
        "tree_id": 465,
        "latitude": 49.2671641,
        "longitude": -123.1028841
      }
    },
    {
      "type": "Feature",
      "geometry": {
        "type": "Point",
        "coordinates": [
          -123.1028861,
          49.2676385
        ]
      },
      "properties": {
        "feature_type": "tree",
        "tree_id": 466,
        "latitude": 49.2676385,
        "longitude": -123.1028861
      }
    },
    {
      "type": "Feature",
      "geometry": {
        "type": "Point",
        "coordinates": [
          -123.104014,
          49.2679166
        ]
      },
      "properties": {
        "feature_type": "tree",
        "tree_id": 467,
        "latitude": 49.2679166,
        "longitude": -123.104014
      }
    },
    {
      "type": "Feature",
      "geometry": {
        "type": "Point",
        "coordinates": [
          -123.1054109,
          49.2654889
        ]
      },
      "properties": {
        "feature_type": "tree",
        "tree_id": 468,
        "latitude": 49.2654889,
        "longitude": -123.1054109
      }
    },
    {
      "type": "Feature",
      "geometry": {
        "type": "Point",
        "coordinates": [
          -123.1055126,
          49.2653163
        ]
      },
      "properties": {
        "feature_type": "tree",
        "tree_id": 469,
        "latitude": 49.2653163,
        "longitude": -123.1055126
      }
    },
    {
      "type": "Feature",
      "geometry": {
        "type": "Point",
        "coordinates": [
          -123.1041093,
          49.26652
        ]
      },
      "properties": {
        "feature_type": "tree",
        "tree_id": 470,
        "latitude": 49.26652,
        "longitude": -123.1041093
      }
    },
    {
      "type": "Feature",
      "geometry": {
        "type": "Point",
        "coordinates": [
          -123.1031889,
          49.2651276
        ]
      },
      "properties": {
        "feature_type": "tree",
        "tree_id": 471,
        "latitude": 49.2651276,
        "longitude": -123.1031889
      }
    },
    {
      "type": "Feature",
      "geometry": {
        "type": "Point",
        "coordinates": [
          -123.1025933,
          49.2683225
        ]
      },
      "properties": {
        "feature_type": "tree",
        "tree_id": 472,
        "latitude": 49.2683225,
        "longitude": -123.1025933
      }
    },
    {
      "type": "Feature",
      "geometry": {
        "type": "Point",
        "coordinates": [
          -123.106643,
          49.2661497
        ]
      },
      "properties": {
        "feature_type": "tree",
        "tree_id": 473,
        "latitude": 49.2661497,
        "longitude": -123.106643
      }
    },
    {
      "type": "Feature",
      "geometry": {
        "type": "Point",
        "coordinates": [
          -123.1032036,
          49.264718
        ]
      },
      "properties": {
        "feature_type": "tree",
        "tree_id": 474,
        "latitude": 49.264718,
        "longitude": -123.1032036
      }
    },
    {
      "type": "Feature",
      "geometry": {
        "type": "Point",
        "coordinates": [
          -123.1022681,
          49.26776
        ]
      },
      "properties": {
        "feature_type": "tree",
        "tree_id": 475,
        "latitude": 49.26776,
        "longitude": -123.1022681
      }
    },
    {
      "type": "Feature",
      "geometry": {
        "type": "Point",
        "coordinates": [
          -123.1052786,
          49.265496
        ]
      },
      "properties": {
        "feature_type": "tree",
        "tree_id": 476,
        "latitude": 49.265496,
        "longitude": -123.1052786
      }
    },
    {
      "type": "Feature",
      "geometry": {
        "type": "Point",
        "coordinates": [
          -123.1037126,
          49.2674195
        ]
      },
      "properties": {
        "feature_type": "tree",
        "tree_id": 477,
        "latitude": 49.2674195,
        "longitude": -123.1037126
      }
    },
    {
      "type": "Feature",
      "geometry": {
        "type": "Point",
        "coordinates": [
          -123.1014682,
          49.2667178
        ]
      },
      "properties": {
        "feature_type": "tree",
        "tree_id": 478,
        "latitude": 49.2667178,
        "longitude": -123.1014682
      }
    },
    {
      "type": "Feature",
      "geometry": {
        "type": "Point",
        "coordinates": [
          -123.1047241,
          49.2652457
        ]
      },
      "properties": {
        "feature_type": "tree",
        "tree_id": 479,
        "latitude": 49.2652457,
        "longitude": -123.1047241
      }
    },
    {
      "type": "Feature",
      "geometry": {
        "type": "Point",
        "coordinates": [
          -123.1056335,
          49.2652133
        ]
      },
      "properties": {
        "feature_type": "tree",
        "tree_id": 480,
        "latitude": 49.2652133,
        "longitude": -123.1056335
      }
    },
    {
      "type": "Feature",
      "geometry": {
        "type": "Point",
        "coordinates": [
          -123.1031411,
          49.2674294
        ]
      },
      "properties": {
        "feature_type": "tree",
        "tree_id": 481,
        "latitude": 49.2674294,
        "longitude": -123.1031411
      }
    },
    {
      "type": "Feature",
      "geometry": {
        "type": "Point",
        "coordinates": [
          -123.1054854,
          49.265519
        ]
      },
      "properties": {
        "feature_type": "tree",
        "tree_id": 482,
        "latitude": 49.265519,
        "longitude": -123.1054854
      }
    },
    {
      "type": "Feature",
      "geometry": {
        "type": "Point",
        "coordinates": [
          -123.1048247,
          49.2671302
        ]
      },
      "properties": {
        "feature_type": "tree",
        "tree_id": 483,
        "latitude": 49.2671302,
        "longitude": -123.1048247
      }
    },
    {
      "type": "Feature",
      "geometry": {
        "type": "Point",
        "coordinates": [
          -123.1027215,
          49.2657582
        ]
      },
      "properties": {
        "feature_type": "tree",
        "tree_id": 484,
        "latitude": 49.2657582,
        "longitude": -123.1027215
      }
    },
    {
      "type": "Feature",
      "geometry": {
        "type": "Point",
        "coordinates": [
          -123.1067747,
          49.2662513
        ]
      },
      "properties": {
        "feature_type": "tree",
        "tree_id": 485,
        "latitude": 49.2662513,
        "longitude": -123.1067747
      }
    },
    {
      "type": "Feature",
      "geometry": {
        "type": "Point",
        "coordinates": [
          -123.1048603,
          49.2673369
        ]
      },
      "properties": {
        "feature_type": "tree",
        "tree_id": 486,
        "latitude": 49.2673369,
        "longitude": -123.1048603
      }
    },
    {
      "type": "Feature",
      "geometry": {
        "type": "Point",
        "coordinates": [
          -123.103584,
          49.266865
        ]
      },
      "properties": {
        "feature_type": "tree",
        "tree_id": 487,
        "latitude": 49.266865,
        "longitude": -123.103584
      }
    },
    {
      "type": "Feature",
      "geometry": {
        "type": "Point",
        "coordinates": [
          -123.104721,
          49.2656446
        ]
      },
      "properties": {
        "feature_type": "tree",
        "tree_id": 488,
        "latitude": 49.2656446,
        "longitude": -123.104721
      }
    },
    {
      "type": "Feature",
      "geometry": {
        "type": "Point",
        "coordinates": [
          -123.1044383,
          49.2647363
        ]
      },
      "properties": {
        "feature_type": "tree",
        "tree_id": 489,
        "latitude": 49.2647363,
        "longitude": -123.1044383
      }
    },
    {
      "type": "Feature",
      "geometry": {
        "type": "Point",
        "coordinates": [
          -123.1066475,
          49.2654986
        ]
      },
      "properties": {
        "feature_type": "tree",
        "tree_id": 490,
        "latitude": 49.2654986,
        "longitude": -123.1066475
      }
    },
    {
      "type": "Feature",
      "geometry": {
        "type": "Point",
        "coordinates": [
          -123.1039852,
          49.2681248
        ]
      },
      "properties": {
        "feature_type": "tree",
        "tree_id": 491,
        "latitude": 49.2681248,
        "longitude": -123.1039852
      }
    },
    {
      "type": "Feature",
      "geometry": {
        "type": "Point",
        "coordinates": [
          -123.101855,
          49.2656597
        ]
      },
      "properties": {
        "feature_type": "tree",
        "tree_id": 492,
        "latitude": 49.2656597,
        "longitude": -123.101855
      }
    },
    {
      "type": "Feature",
      "geometry": {
        "type": "Point",
        "coordinates": [
          -123.1047079,
          49.2661489
        ]
      },
      "properties": {
        "feature_type": "tree",
        "tree_id": 493,
        "latitude": 49.2661489,
        "longitude": -123.1047079
      }
    },
    {
      "type": "Feature",
      "geometry": {
        "type": "Point",
        "coordinates": [
          -123.1028662,
          49.2681175
        ]
      },
      "properties": {
        "feature_type": "tree",
        "tree_id": 494,
        "latitude": 49.2681175,
        "longitude": -123.1028662
      }
    },
    {
      "type": "Feature",
      "geometry": {
        "type": "Point",
        "coordinates": [
          -123.1057037,
          49.267166
        ]
      },
      "properties": {
        "feature_type": "tree",
        "tree_id": 495,
        "latitude": 49.267166,
        "longitude": -123.1057037
      }
    },
    {
      "type": "Feature",
      "geometry": {
        "type": "Point",
        "coordinates": [
          -123.1012723,
          49.2666581
        ]
      },
      "properties": {
        "feature_type": "tree",
        "tree_id": 496,
        "latitude": 49.2666581,
        "longitude": -123.1012723
      }
    },
    {
      "type": "Feature",
      "geometry": {
        "type": "Point",
        "coordinates": [
          -123.1047609,
          49.2680271
        ]
      },
      "properties": {
        "feature_type": "tree",
        "tree_id": 497,
        "latitude": 49.2680271,
        "longitude": -123.1047609
      }
    },
    {
      "type": "Feature",
      "geometry": {
        "type": "Point",
        "coordinates": [
          -123.1063026,
          49.2652123
        ]
      },
      "properties": {
        "feature_type": "tree",
        "tree_id": 498,
        "latitude": 49.2652123,
        "longitude": -123.1063026
      }
    },
    {
      "type": "Feature",
      "geometry": {
        "type": "Point",
        "coordinates": [
          -123.1065226,
          49.2674677
        ]
      },
      "properties": {
        "feature_type": "tree",
        "tree_id": 499,
        "latitude": 49.2674677,
        "longitude": -123.1065226
      }
    },
    {
      "type": "Feature",
      "geometry": {
        "type": "Point",
        "coordinates": [
          -123.1057233,
          49.2680991
        ]
      },
      "properties": {
        "feature_type": "tree",
        "tree_id": 500,
        "latitude": 49.2680991,
        "longitude": -123.1057233
      }
    },
    {
      "type": "Feature",
      "geometry": {
        "type": "Point",
        "coordinates": [
          -123.1059668,
          49.2651127
        ]
      },
      "properties": {
        "feature_type": "tree",
        "tree_id": 501,
        "latitude": 49.2651127,
        "longitude": -123.1059668
      }
    },
    {
      "type": "Feature",
      "geometry": {
        "type": "Point",
        "coordinates": [
          -123.1053896,
          49.2654837
        ]
      },
      "properties": {
        "feature_type": "tree",
        "tree_id": 502,
        "latitude": 49.2654837,
        "longitude": -123.1053896
      }
    },
    {
      "type": "Feature",
      "geometry": {
        "type": "Point",
        "coordinates": [
          -123.1055189,
          49.2682534
        ]
      },
      "properties": {
        "feature_type": "tree",
        "tree_id": 503,
        "latitude": 49.2682534,
        "longitude": -123.1055189
      }
    },
    {
      "type": "Feature",
      "geometry": {
        "type": "Point",
        "coordinates": [
          -123.1048911,
          49.2674383
        ]
      },
      "properties": {
        "feature_type": "tree",
        "tree_id": 504,
        "latitude": 49.2674383,
        "longitude": -123.1048911
      }
    },
    {
      "type": "Feature",
      "geometry": {
        "type": "Point",
        "coordinates": [
          -123.1017891,
          49.2659241
        ]
      },
      "properties": {
        "feature_type": "tree",
        "tree_id": 505,
        "latitude": 49.2659241,
        "longitude": -123.1017891
      }
    },
    {
      "type": "Feature",
      "geometry": {
        "type": "Point",
        "coordinates": [
          -123.1032823,
          49.264692
        ]
      },
      "properties": {
        "feature_type": "tree",
        "tree_id": 506,
        "latitude": 49.264692,
        "longitude": -123.1032823
      }
    },
    {
      "type": "Feature",
      "geometry": {
        "type": "Point",
        "coordinates": [
          -123.107083,
          49.2665786
        ]
      },
      "properties": {
        "feature_type": "tree",
        "tree_id": 507,
        "latitude": 49.2665786,
        "longitude": -123.107083
      }
    },
    {
      "type": "Feature",
      "geometry": {
        "type": "Point",
        "coordinates": [
          -123.1050935,
          49.2680402
        ]
      },
      "properties": {
        "feature_type": "tree",
        "tree_id": 508,
        "latitude": 49.2680402,
        "longitude": -123.1050935
      }
    },
    {
      "type": "Feature",
      "geometry": {
        "type": "Point",
        "coordinates": [
          -123.1050934,
          49.2660787
        ]
      },
      "properties": {
        "feature_type": "tree",
        "tree_id": 509,
        "latitude": 49.2660787,
        "longitude": -123.1050934
      }
    },
    {
      "type": "Feature",
      "geometry": {
        "type": "Point",
        "coordinates": [
          -123.1032507,
          49.2669465
        ]
      },
      "properties": {
        "feature_type": "tree",
        "tree_id": 510,
        "latitude": 49.2669465,
        "longitude": -123.1032507
      }
    },
    {
      "type": "Feature",
      "geometry": {
        "type": "Point",
        "coordinates": [
          -123.1024365,
          49.2676669
        ]
      },
      "properties": {
        "feature_type": "tree",
        "tree_id": 511,
        "latitude": 49.2676669,
        "longitude": -123.1024365
      }
    },
    {
      "type": "Feature",
      "geometry": {
        "type": "Point",
        "coordinates": [
          -123.1048165,
          49.2675499
        ]
      },
      "properties": {
        "feature_type": "tree",
        "tree_id": 512,
        "latitude": 49.2675499,
        "longitude": -123.1048165
      }
    },
    {
      "type": "Feature",
      "geometry": {
        "type": "Point",
        "coordinates": [
          -123.1021692,
          49.2653124
        ]
      },
      "properties": {
        "feature_type": "tree",
        "tree_id": 513,
        "latitude": 49.2653124,
        "longitude": -123.1021692
      }
    },
    {
      "type": "Feature",
      "geometry": {
        "type": "Point",
        "coordinates": [
          -123.1040697,
          49.2680882
        ]
      },
      "properties": {
        "feature_type": "tree",
        "tree_id": 514,
        "latitude": 49.2680882,
        "longitude": -123.1040697
      }
    },
    {
      "type": "Feature",
      "geometry": {
        "type": "Point",
        "coordinates": [
          -123.105188,
          49.2680038
        ]
      },
      "properties": {
        "feature_type": "tree",
        "tree_id": 515,
        "latitude": 49.2680038,
        "longitude": -123.105188
      }
    },
    {
      "type": "Feature",
      "geometry": {
        "type": "Point",
        "coordinates": [
          -123.1057717,
          49.268158
        ]
      },
      "properties": {
        "feature_type": "tree",
        "tree_id": 516,
        "latitude": 49.268158,
        "longitude": -123.1057717
      }
    },
    {
      "type": "Feature",
      "geometry": {
        "type": "Point",
        "coordinates": [
          -123.1058955,
          49.2651785
        ]
      },
      "properties": {
        "feature_type": "tree",
        "tree_id": 517,
        "latitude": 49.2651785,
        "longitude": -123.1058955
      }
    },
    {
      "type": "Feature",
      "geometry": {
        "type": "Point",
        "coordinates": [
          -123.1037631,
          49.2683412
        ]
      },
      "properties": {
        "feature_type": "tree",
        "tree_id": 518,
        "latitude": 49.2683412,
        "longitude": -123.1037631
      }
    },
    {
      "type": "Feature",
      "geometry": {
        "type": "Point",
        "coordinates": [
          -123.1049751,
          49.2682489
        ]
      },
      "properties": {
        "feature_type": "tree",
        "tree_id": 519,
        "latitude": 49.2682489,
        "longitude": -123.1049751
      }
    },
    {
      "type": "Feature",
      "geometry": {
        "type": "Point",
        "coordinates": [
          -123.106754,
          49.2676712
        ]
      },
      "properties": {
        "feature_type": "tree",
        "tree_id": 520,
        "latitude": 49.2676712,
        "longitude": -123.106754
      }
    },
    {
      "type": "Feature",
      "geometry": {
        "type": "Point",
        "coordinates": [
          -123.1037998,
          49.2655241
        ]
      },
      "properties": {
        "feature_type": "tree",
        "tree_id": 521,
        "latitude": 49.2655241,
        "longitude": -123.1037998
      }
    },
    {
      "type": "Feature",
      "geometry": {
        "type": "Point",
        "coordinates": [
          -123.1029316,
          49.2683262
        ]
      },
      "properties": {
        "feature_type": "tree",
        "tree_id": 522,
        "latitude": 49.2683262,
        "longitude": -123.1029316
      }
    },
    {
      "type": "Feature",
      "geometry": {
        "type": "Point",
        "coordinates": [
          -123.1059531,
          49.2656599
        ]
      },
      "properties": {
        "feature_type": "tree",
        "tree_id": 523,
        "latitude": 49.2656599,
        "longitude": -123.1059531
      }
    },
    {
      "type": "Feature",
      "geometry": {
        "type": "Point",
        "coordinates": [
          -123.1050562,
          49.2679783
        ]
      },
      "properties": {
        "feature_type": "tree",
        "tree_id": 524,
        "latitude": 49.2679783,
        "longitude": -123.1050562
      }
    },
    {
      "type": "Feature",
      "geometry": {
        "type": "Point",
        "coordinates": [
          -123.1057052,
          49.2651812
        ]
      },
      "properties": {
        "feature_type": "tree",
        "tree_id": 525,
        "latitude": 49.2651812,
        "longitude": -123.1057052
      }
    },
    {
      "type": "Feature",
      "geometry": {
        "type": "Point",
        "coordinates": [
          -123.104674,
          49.264736
        ]
      },
      "properties": {
        "feature_type": "tree",
        "tree_id": 526,
        "latitude": 49.264736,
        "longitude": -123.104674
      }
    },
    {
      "type": "Feature",
      "geometry": {
        "type": "Point",
        "coordinates": [
          -123.1046518,
          49.2650869
        ]
      },
      "properties": {
        "feature_type": "tree",
        "tree_id": 527,
        "latitude": 49.2650869,
        "longitude": -123.1046518
      }
    },
    {
      "type": "Feature",
      "geometry": {
        "type": "Point",
        "coordinates": [
          -123.1017334,
          49.2656614
        ]
      },
      "properties": {
        "feature_type": "tree",
        "tree_id": 528,
        "latitude": 49.2656614,
        "longitude": -123.1017334
      }
    },
    {
      "type": "Feature",
      "geometry": {
        "type": "Point",
        "coordinates": [
          -123.1066481,
          49.2661059
        ]
      },
      "properties": {
        "feature_type": "tree",
        "tree_id": 529,
        "latitude": 49.2661059,
        "longitude": -123.1066481
      }
    },
    {
      "type": "Feature",
      "geometry": {
        "type": "Point",
        "coordinates": [
          -123.1053552,
          49.265654
        ]
      },
      "properties": {
        "feature_type": "tree",
        "tree_id": 530,
        "latitude": 49.265654,
        "longitude": -123.1053552
      }
    },
    {
      "type": "Feature",
      "geometry": {
        "type": "Point",
        "coordinates": [
          -123.1025662,
          49.2655872
        ]
      },
      "properties": {
        "feature_type": "tree",
        "tree_id": 531,
        "latitude": 49.2655872,
        "longitude": -123.1025662
      }
    },
    {
      "type": "Feature",
      "geometry": {
        "type": "Point",
        "coordinates": [
          -123.1042119,
          49.2647129
        ]
      },
      "properties": {
        "feature_type": "tree",
        "tree_id": 532,
        "latitude": 49.2647129,
        "longitude": -123.1042119
      }
    },
    {
      "type": "Feature",
      "geometry": {
        "type": "Point",
        "coordinates": [
          -123.1019621,
          49.2653739
        ]
      },
      "properties": {
        "feature_type": "tree",
        "tree_id": 533,
        "latitude": 49.2653739,
        "longitude": -123.1019621
      }
    },
    {
      "type": "Feature",
      "geometry": {
        "type": "Point",
        "coordinates": [
          -123.1047315,
          49.2654857
        ]
      },
      "properties": {
        "feature_type": "tree",
        "tree_id": 534,
        "latitude": 49.2654857,
        "longitude": -123.1047315
      }
    },
    {
      "type": "Feature",
      "geometry": {
        "type": "Point",
        "coordinates": [
          -123.1025502,
          49.2656465
        ]
      },
      "properties": {
        "feature_type": "tree",
        "tree_id": 535,
        "latitude": 49.2656465,
        "longitude": -123.1025502
      }
    },
    {
      "type": "Feature",
      "geometry": {
        "type": "Point",
        "coordinates": [
          -123.1052637,
          49.2683647
        ]
      },
      "properties": {
        "feature_type": "tree",
        "tree_id": 536,
        "latitude": 49.2683647,
        "longitude": -123.1052637
      }
    },
    {
      "type": "Feature",
      "geometry": {
        "type": "Point",
        "coordinates": [
          -123.1055429,
          49.2673559
        ]
      },
      "properties": {
        "feature_type": "tree",
        "tree_id": 537,
        "latitude": 49.2673559,
        "longitude": -123.1055429
      }
    },
    {
      "type": "Feature",
      "geometry": {
        "type": "Point",
        "coordinates": [
          -123.1035001,
          49.2683742
        ]
      },
      "properties": {
        "feature_type": "tree",
        "tree_id": 538,
        "latitude": 49.2683742,
        "longitude": -123.1035001
      }
    },
    {
      "type": "Feature",
      "geometry": {
        "type": "Point",
        "coordinates": [
          -123.1026513,
          49.2676667
        ]
      },
      "properties": {
        "feature_type": "tree",
        "tree_id": 539,
        "latitude": 49.2676667,
        "longitude": -123.1026513
      }
    },
    {
      "type": "Feature",
      "geometry": {
        "type": "Point",
        "coordinates": [
          -123.1057955,
          49.2681096
        ]
      },
      "properties": {
        "feature_type": "tree",
        "tree_id": 540,
        "latitude": 49.2681096,
        "longitude": -123.1057955
      }
    },
    {
      "type": "Feature",
      "geometry": {
        "type": "Point",
        "coordinates": [
          -123.1034119,
          49.2683172
        ]
      },
      "properties": {
        "feature_type": "tree",
        "tree_id": 541,
        "latitude": 49.2683172,
        "longitude": -123.1034119
      }
    },
    {
      "type": "Feature",
      "geometry": {
        "type": "Point",
        "coordinates": [
          -123.1029172,
          49.2658935
        ]
      },
      "properties": {
        "feature_type": "tree",
        "tree_id": 542,
        "latitude": 49.2658935,
        "longitude": -123.1029172
      }
    },
    {
      "type": "Feature",
      "geometry": {
        "type": "Point",
        "coordinates": [
          -123.1018785,
          49.2654236
        ]
      },
      "properties": {
        "feature_type": "tree",
        "tree_id": 543,
        "latitude": 49.2654236,
        "longitude": -123.1018785
      }
    },
    {
      "type": "Feature",
      "geometry": {
        "type": "Point",
        "coordinates": [
          -123.1057389,
          49.2655503
        ]
      },
      "properties": {
        "feature_type": "tree",
        "tree_id": 544,
        "latitude": 49.2655503,
        "longitude": -123.1057389
      }
    },
    {
      "type": "Feature",
      "geometry": {
        "type": "Point",
        "coordinates": [
          -123.1046642,
          49.2664193
        ]
      },
      "properties": {
        "feature_type": "tree",
        "tree_id": 545,
        "latitude": 49.2664193,
        "longitude": -123.1046642
      }
    },
    {
      "type": "Feature",
      "geometry": {
        "type": "Point",
        "coordinates": [
          -123.1049053,
          49.2651747
        ]
      },
      "properties": {
        "feature_type": "tree",
        "tree_id": 546,
        "latitude": 49.2651747,
        "longitude": -123.1049053
      }
    },
    {
      "type": "Feature",
      "geometry": {
        "type": "Point",
        "coordinates": [
          -123.1038659,
          49.2674147
        ]
      },
      "properties": {
        "feature_type": "tree",
        "tree_id": 547,
        "latitude": 49.2674147,
        "longitude": -123.1038659
      }
    },
    {
      "type": "Feature",
      "geometry": {
        "type": "Point",
        "coordinates": [
          -123.1017466,
          49.2654547
        ]
      },
      "properties": {
        "feature_type": "tree",
        "tree_id": 548,
        "latitude": 49.2654547,
        "longitude": -123.1017466
      }
    },
    {
      "type": "Feature",
      "geometry": {
        "type": "Point",
        "coordinates": [
          -123.1066444,
          49.2658272
        ]
      },
      "properties": {
        "feature_type": "tree",
        "tree_id": 549,
        "latitude": 49.2658272,
        "longitude": -123.1066444
      }
    },
    {
      "type": "Feature",
      "geometry": {
        "type": "Point",
        "coordinates": [
          -123.1056669,
          49.2660806
        ]
      },
      "properties": {
        "feature_type": "tree",
        "tree_id": 550,
        "latitude": 49.2660806,
        "longitude": -123.1056669
      }
    },
    {
      "type": "Feature",
      "geometry": {
        "type": "Point",
        "coordinates": [
          -123.1018667,
          49.2657751
        ]
      },
      "properties": {
        "feature_type": "tree",
        "tree_id": 551,
        "latitude": 49.2657751,
        "longitude": -123.1018667
      }
    },
    {
      "type": "Feature",
      "geometry": {
        "type": "Point",
        "coordinates": [
          -123.1053116,
          49.2651835
        ]
      },
      "properties": {
        "feature_type": "tree",
        "tree_id": 552,
        "latitude": 49.2651835,
        "longitude": -123.1053116
      }
    },
    {
      "type": "Feature",
      "geometry": {
        "type": "Point",
        "coordinates": [
          -123.1044558,
          49.2674406
        ]
      },
      "properties": {
        "feature_type": "tree",
        "tree_id": 553,
        "latitude": 49.2674406,
        "longitude": -123.1044558
      }
    },
    {
      "type": "Feature",
      "geometry": {
        "type": "Point",
        "coordinates": [
          -123.1053257,
          49.2652345
        ]
      },
      "properties": {
        "feature_type": "tree",
        "tree_id": 554,
        "latitude": 49.2652345,
        "longitude": -123.1053257
      }
    },
    {
      "type": "Feature",
      "geometry": {
        "type": "Point",
        "coordinates": [
          -123.1028453,
          49.2681671
        ]
      },
      "properties": {
        "feature_type": "tree",
        "tree_id": 555,
        "latitude": 49.2681671,
        "longitude": -123.1028453
      }
    },
    {
      "type": "Feature",
      "geometry": {
        "type": "Point",
        "coordinates": [
          -123.1045629,
          49.2647221
        ]
      },
      "properties": {
        "feature_type": "tree",
        "tree_id": 556,
        "latitude": 49.2647221,
        "longitude": -123.1045629
      }
    },
    {
      "type": "Feature",
      "geometry": {
        "type": "Point",
        "coordinates": [
          -123.1038174,
          49.2650263
        ]
      },
      "properties": {
        "feature_type": "tree",
        "tree_id": 557,
        "latitude": 49.2650263,
        "longitude": -123.1038174
      }
    },
    {
      "type": "Feature",
      "geometry": {
        "type": "Point",
        "coordinates": [
          -123.1028202,
          49.2650277
        ]
      },
      "properties": {
        "feature_type": "tree",
        "tree_id": 558,
        "latitude": 49.2650277,
        "longitude": -123.1028202
      }
    },
    {
      "type": "Feature",
      "geometry": {
        "type": "Point",
        "coordinates": [
          -123.1033859,
          49.2668522
        ]
      },
      "properties": {
        "feature_type": "tree",
        "tree_id": 559,
        "latitude": 49.2668522,
        "longitude": -123.1033859
      }
    },
    {
      "type": "Feature",
      "geometry": {
        "type": "Point",
        "coordinates": [
          -123.1051607,
          49.2679527
        ]
      },
      "properties": {
        "feature_type": "tree",
        "tree_id": 560,
        "latitude": 49.2679527,
        "longitude": -123.1051607
      }
    },
    {
      "type": "Feature",
      "geometry": {
        "type": "Point",
        "coordinates": [
          -123.1032471,
          49.2650596
        ]
      },
      "properties": {
        "feature_type": "tree",
        "tree_id": 561,
        "latitude": 49.2650596,
        "longitude": -123.1032471
      }
    },
    {
      "type": "Feature",
      "geometry": {
        "type": "Point",
        "coordinates": [
          -123.1065059,
          49.2679108
        ]
      },
      "properties": {
        "feature_type": "tree",
        "tree_id": 562,
        "latitude": 49.2679108,
        "longitude": -123.1065059
      }
    },
    {
      "type": "Feature",
      "geometry": {
        "type": "Point",
        "coordinates": [
          -123.104844,
          49.266134
        ]
      },
      "properties": {
        "feature_type": "tree",
        "tree_id": 563,
        "latitude": 49.266134,
        "longitude": -123.104844
      }
    },
    {
      "type": "Feature",
      "geometry": {
        "type": "Point",
        "coordinates": [
          -123.1040574,
          49.2647179
        ]
      },
      "properties": {
        "feature_type": "tree",
        "tree_id": 564,
        "latitude": 49.2647179,
        "longitude": -123.1040574
      }
    }
  ]
}
