{
  "type": "FeatureCollection",
  "name": "SFU Stadium Mass-Timber Canopy",
  "metadata": {
    "project_name": "SFU Stadium Mass-Timber Canopy",
    "center": {
      "latitude": 49.2791243,
      "longitude": -122.9220615
    },
    "requested_tree_count": 185,
    "generated_tree_count": 185,
    "maximum_search_radius_m": 1200,
    "used_radius_m": 124.98,
    "tree_placement_method": "matern_cluster_process_with_random_thinning",
    "initial_growth_radius_m": 50.0,
    "growth_radius_step_m": 25.0,
    "matern_parent_intensity_per_m2": 0.0044,
    "matern_mean_trees_per_cluster": 5.0,
    "matern_cluster_radius_m": 20.0,
    "forest_area_method": "tree_concave_hull_with_feature_clearances",
    "forest_area_clipped_to_exclusions": true,
    "forest_area_buffer_m": 8.0,
    "forest_hull_ratio": 0.2,
    "forest_area_clearances_m": {
      "blocked_areas": 2.5,
      "footways_paths_and_cycleways": 1.0,
      "road_edge": 1.5,
      "railways": 5.0
    },
    "generated_at": "2026-08-25T19:05:18.687446+00:00",
    "source": "OpenStreetMap contributors, queried through the Overpass API",
    "source_url": "https://www.openstreetmap.org/copyright"
  },
  "features": [
    {
      "type": "Feature",
      "geometry": {
        "type": "Polygon",
        "coordinates": [
          [
            [
              -122.92295610921283,
              49.27921668711208
            ],
            [
              -122.92296914045497,
              49.279180560499256
            ],
            [
              -122.92344415306528,
              49.279244117186515
            ],
            [
              -122.9234465193972,
              49.27924435468475
            ],
            [
              -122.92344891016103,
              49.279244437997235
            ],
            [
              -122.92345130180968,
              49.279244366303416
            ],
            [
              -122.92345367078741,
              49.27924414030942
            ],
            [
              -122.92345599376173,
              49.279243762241116
            ],
            [
              -122.92345824785326,
              49.279243235822136
            ],
            [
              -122.92346041086107,
              49.2792425662373
            ],
            [
              -122.92359061086107,
              49.2791969662373
            ],
            [
              -122.92359253733467,
              49.27919621417807
            ],
            [
              -122.92359434830064,
              49.279195348543865
            ],
            [
              -122.92359602807518,
              49.27919437683148
            ],
            [
              -122.92359756211061,
              49.279193307456396
            ],
            [
              -122.9235989371215,
              49.27919214967992
            ],
            [
              -122.92360014119959,
              49.27919091352893
            ],
            [
              -122.92360116391697,
              49.27918960970909
            ],
            [
              -122.92360199641645,
              49.27918824951209
            ],
            [
              -122.9236026314882,
              49.27918684471788
            ],
            [
              -122.92373985023266,
              49.278821428112785
            ],
            [
              -122.923755095359,
              49.27889132008135
            ],
            [
              -122.92383431734157,
              49.27905193486127
            ],
            [
              -122.9238373184533,
              49.2790593557138
            ],
            [
              -122.92387176733428,
              49.27916766557162
            ],
            [
              -122.92379256204762,
              49.27931533167778
            ],
            [
              -122.92369388607516,
              49.27938481080396
            ],
            [
              -122.9230503290717,
              49.27928700625936
            ],
            [
              -122.92305531378449,
              49.27927344130326
            ],
            [
              -122.92305594057648,
              49.27927126983967
            ],
            [
              -122.92305623760669,
              49.27926906872468
            ],
            [
              -122.92305620200614,
              49.27926685921873
            ],
            [
              -122.92305583411868,
              49.27926466266331
            ],
            [
              -122.92305513749771,
              49.27926250027481
            ],
            [
              -122.92305411887187,
              49.27926039293961
            ],
            [
              -122.92305278807999,
              49.279258361012346
            ],
            [
              -122.9230511579761,
              49.27925642411926
            ],
            [
              -122.92304924430529,
              49.279254600968706
            ],
            [
              -122.9230470655516,
              49.279252909170374
            ],
            [
              -122.92304464275945,
              49.27925136506524
            ],
            [
              -122.92304199933048,
              49.27924998356773
            ],
            [
              -122.92303916079737,
              49.279248778021646
            ],
            [
              -122.92303615457739,
              49.27924776007128
            ],
            [
              -122.9230330097074,
              49.279246939548955
            ],
            [
              -122.92302975656351,
              49.27924632438004
            ],
            [
              -122.92297609341767,
              49.279238017549304
            ],
            [
              -122.92295610921283,
              49.27921668711208
            ]
          ]
        ]
      },
      "properties": {
        "feature_type": "forest_area",
        "patch_id": 1,
        "tree_count": 13
      }
    },
    {
      "type": "Feature",
      "geometry": {
        "type": "Polygon",
        "coordinates": [
          [
            [
              -122.92247280703074,
              49.27907194960719
            ],
            [
              -122.92241343948265,
              49.27906758868783
            ],
            [
              -122.92168358010285,
              49.2789586582596
            ],
            [
              -122.92168307136264,
              49.27895858609052
            ],
            [
              -122.92146868702818,
              49.27892975077068
            ],
            [
              -122.92140739503704,
              49.27891996188009
            ],
            [
              -122.92140407412477,
              49.27891954298189
            ],
            [
              -122.92140070626235,
              49.27891933847507
            ],
            [
              -122.9213973238908,
              49.27891935032955
            ],
            [
              -122.92139395959093,
              49.27891957843116
            ],
            [
              -122.9213935069317,
              49.27891963882788
            ],
            [
              -122.92139237225226,
              49.27891948621018
            ],
            [
              -122.92106028264081,
              49.27887480217806
            ],
            [
              -122.92105961843555,
              49.27887329614519
            ],
            [
              -122.92105774461152,
              49.278870220615104
            ],
            [
              -122.92105541772216,
              49.278867279714134
            ],
            [
              -122.92105266017668,
              49.278864501764765
            ],
            [
              -122.92104949853179,
              49.278861913520174
            ],
            [
              -122.9210459632358,
              49.27885953990656
            ],
            [
              -122.92104208833558,
              49.27885740378313
            ],
            [
              -122.92103791114855,
              49.278855525721916
            ],
            [
              -122.92086707542684,
              49.2787865292099
            ],
            [
              -122.92086009518057,
              49.278758309923724
            ],
            [
              -122.92088784985707,
              49.2785079273103
            ],
            [
              -122.92089926838086,
              49.278412410452425
            ],
            [
              -122.92092559808272,
              49.278448282797655
            ],
            [
              -122.9209780134296,
              49.27856221200446
            ],
            [
              -122.92097887224084,
              49.27856379248475
            ],
            [
              -122.92097996437865,
              49.278565310438864
            ],
            [
              -122.92098127932513,
              49.27856675124807
            ],
            [
              -122.92098280441664,
              49.27856810103659
            ],
            [
              -122.92098452496572,
              49.27856934680522
            ],
            [
              -122.92098642440253,
              49.27857047655654
            ],
            [
              -122.92098848443446,
              49.27857147941041
            ],
            [
              -122.92099068522228,
              49.27857234570881
            ],
            [
              -122.92099300557119,
              49.27857306710881
            ],
            [
              -122.92099542313497,
              49.27857363666293
            ],
            [
              -122.92099791463114,
              49.27857404888606
            ],
            [
              -122.92100045606527,
              49.27857429980825
            ],
            [
              -122.92100302296193,
              49.278574387013
            ],
            [
              -122.92100559060052,
              49.27857430966048
            ],
            [
              -122.92100813425324,
              49.27857406849562
            ],
            [
              -122.92101062942336,
              49.278573665840995
            ],
            [
              -122.92101305208102,
              49.27857310557437
            ],
            [
              -122.92101537889471,
              49.278572393091416
            ],
            [
              -122.9210175874559,
              49.27857153525375
            ],
            [
              -122.921019656495,
              49.2785705403228
            ],
            [
              -122.921021566086,
              49.278569417880306
            ],
            [
              -122.92102329783849,
              49.278568178736
            ],
            [
              -122.92102483507475,
              49.27856683482352
            ],
            [
              -122.92102616299036,
              49.27856539908549
            ],
            [
              -122.92102726879676,
              49.278563885348824
            ],
            [
              -122.92102814184445,
              49.27856230819165
            ],
            [
              -122.92102877372548,
              49.278560682802855
            ],
            [
              -122.9210291583545,
              49.27855902483582
            ],
            [
              -122.92102929202733,
              49.27855735025768
            ],
            [
              -122.9210291734566,
              49.27855567519552
            ],
            [
              -122.92102880378424,
              49.27855401578112
            ],
            [
              -122.92102818657038,
              49.278552387995546
            ],
            [
              -122.92097518657039,
              49.27843718799554
            ],
            [
              -122.92097452838387,
              49.27843593575771
            ],
            [
              -122.92097372357189,
              49.27843472051926
            ],
            [
              -122.92087799388011,
              49.278304295626086
            ],
            [
              -122.92099442378841,
              49.278184144001315
            ],
            [
              -122.92099999829057,
              49.27817891845945
            ],
            [
              -122.92100625907831,
              49.27817403486864
            ],
            [
              -122.92101315712705,
              49.27816953146946
            ],
            [
              -122.92102063842218,
              49.2781654435254
            ],
            [
              -122.92102864438202,
              49.27816180304679
            ],
            [
              -122.9213179532676,
              49.27804229622755
            ],
            [
              -122.92132802026123,
              49.278038604668524
            ],
            [
              -122.92133862379868,
              49.278035620123134
            ],
            [
              -122.92134964760751,
              49.27803337531824
            ],
            [
              -122.92155099126579,
              49.277999811260365
            ],
            [
              -122.92156064352307,
              49.27799849899286
            ],
            [
              -122.92192621643092,
              49.27795982989334
            ],
            [
              -122.92193658146608,
              49.27795905960274
            ],
            [
              -122.9219470116947,
              49.27795893167581
            ],
            [
              -122.921957413787,
              49.277959447257224
            ],
            [
              -122.92196769466497,
              49.27796060173356
            ],
            [
              -122.92197776233523,
              49.27796238477456
            ],
            [
              -122.9219875267122,
              49.27796478042555
            ],
            [
              -122.92199690042413,
              49.27796776725023
            ],
            [
              -122.92200579959498,
              49.27797131852247
            ],
            [
              -122.92201414459491,
              49.27797540246545
            ],
            [
              -122.92202186075276,
              49.277979982536024
            ],
            [
              -122.92202887902432,
              49.27798501775167
            ],
            [
              -122.92215730849287,
              49.27808640538686
            ],
            [
              -122.92240800269344,
              49.278039091864166
            ],
            [
              -122.92241757477926,
              49.27803758389052
            ],
            [
              -122.9224273148979,
              49.27803663895633
            ],
            [
              -122.92263035819734,
              49.27802295139184
            ],
            [
              -122.92264222347141,
              49.27802257116107
            ],
            [
              -122.92265408259854,
              49.278023025738776
            ],
            [
              -122.9226657979718,
              49.278024309850295
            ],
            [
              -122.92267723365237,
              49.27802640859549
            ],
            [
              -122.9226882569468,
              49.27802929762165
            ],
            [
              -122.92300915781158,
              49.278126805185686
            ],
            [
              -122.9230173210331,
              49.27812956129238
            ],
            [
              -122.9230251040915,
              49.27813275129965
            ],
            [
              -122.92323138138568,
              49.27822533623952
            ],
            [
              -122.92324056014556,
              49.27822993703862
            ],
            [
              -122.92324894915086,
              49.27823514012607
            ],
            [
              -122.92349528602888,
              49.27840484935452
            ],
            [
              -122.92355381538687,
              49.27843510541562
            ],
            [
              -122.92356134764124,
              49.2784393748577
            ],
            [
              -122.92356825753726,
              49.27844407096716
            ],
            [
              -122.92357448850795,
              49.278449155299924
            ],
            [
              -122.9235799895443,
              49.27845458623376
            ],
            [
              -122.92363657432922,
              49.278516354746486
            ],
            [
              -122.92364179848441,
              49.27852277288498
            ],
            [
              -122.92364600355693,
              49.27852950208183
            ],
            [
              -122.92364750676171,
              49.27853283630062
            ],
            [
              -122.9236268540508,
              49.27852955535156
            ],
            [
              -122.92362353147304,
              49.27852913902442
            ],
            [
              -122.9236201623315,
              49.27852893723959
            ],
            [
              -122.9236167790966,
              49.27852895194181
            ],
            [
              -122.92361341437459,
              49.27852918298936
            ],
            [
              -122.92361010059331,
              49.27852962815552
            ],
            [
              -122.92360686968965,
              49.27853028314994
            ],
            [
              -122.92360375280175,
              49.27853114166006
            ],
            [
              -122.92360077996894,
              49.2785321954119
            ],
            [
              -122.92359797984216,
              49.27853343424982
            ],
            [
              -122.92359537940791,
              49.278534846234415
            ],
            [
              -122.92359300372814,
              49.27853641775753
            ],
            [
              -122.9235908756987,
              49.27853813367346
            ],
            [
              -122.92358901582865,
              49.2785399774449
            ],
            [
              -122.92358744204269,
              49.27854193130233
            ],
            [
              -122.92358616950834,
              49.27854397641526
            ],
            [
              -122.92358521048976,
              49.2785460930737
            ],
            [
              -122.92355371048976,
              49.2786306930737
            ],
            [
              -122.92355307370482,
              49.27863286330709
            ],
            [
              -122.92355276654591,
              49.278635063837804
            ],
            [
              -122.9235527919799,
              49.278637273410915
            ],
            [
              -122.92355314976112,
              49.27863947068415
            ],
            [
              -122.92355383643374,
              49.278641634434024
            ],
            [
              -122.9235548453652,
              49.278643743760874
            ],
            [
              -122.92355616681022,
              49.27864577829071
            ],
            [
              -122.92355778800497,
              49.278647718371985
            ],
            [
              -122.9235596932903,
              49.27864954526545
            ],
            [
              -122.92356186426308,
              49.27865124132514
            ],
            [
              -122.92356427995385,
              49.278652790168806
            ],
            [
              -122.92356691702945,
              49.27865417683615
            ],
            [
              -122.92356975001836,
              49.27865538793335
            ],
            [
              -122.92357275155672,
              49.27865641176241
            ],
            [
              -122.92357589265265,
              49.27865723843417
            ],
            [
              -122.9235791429663,
              49.27865785996379
            ],
            [
              -122.92359435840906,
              49.278660246699914
            ],
            [
              -122.92362857395551,
              49.2786657331578
            ],
            [
              -122.92362866761505,
              49.278665748085494
            ],
            [
              -122.92363876761505,
              49.2786673480855
            ],
            [
              -122.92364208767226,
              49.278667762740454
            ],
            [
              -122.92364545402768,
              49.27866796321112
            ],
            [
              -122.92364883429443,
              49.278667947568806
            ],
            [
              -122.92365219595182,
              49.27866771596402
            ],
            [
              -122.92365550665816,
              49.278667270624965
            ],
            [
              -122.923658734562,
              49.27866661583613
            ],
            [
              -122.92366184860845,
              49.27866575789709
            ],
            [
              -122.92366481883806,
              49.27866470506186
            ],
            [
              -122.92366761667498,
              49.278663467459495
            ],
            [
              -122.92367021520191,
              49.278662056996666
            ],
            [
              -122.92367258941908,
              49.278660487243094
            ],
            [
              -122.92367471648474,
              49.278658773300975
            ],
            [
              -122.9236765759349,
              49.278656931659725
            ],
            [
              -122.92367814988029,
              49.278654980037324
            ],
            [
              -122.92367942317833,
              49.278652937209834
            ],
            [
              -122.92368038357895,
              49.2786508228308
            ],
            [
              -122.92368583860643,
              49.27863621854838
            ],
            [
              -122.92371806940623,
              49.278723836018365
            ],
            [
              -122.92372001427763,
              49.27873048928316
            ],
            [
              -122.9237216955902,
              49.2787381973364
            ],
            [
              -122.9237137885841,
              49.278758714873156
            ],
            [
              -122.9237123794755,
              49.278760059315964
            ],
            [
              -122.9237111436465,
              49.278761529629
            ],
            [
              -122.92371013467806,
              49.278763071885784
            ],
            [
              -122.9237093622871,
              49.27876467123355
            ],
            [
              -122.92370883391216,
              49.27876631226971
            ],
            [
              -122.92370855464179,
              49.27876797919018
            ],
            [
              -122.92370852716552,
              49.2787696559416
            ],
            [
              -122.92370875174794,
              49.27877132637595
            ],
            [
              -122.9237088545945,
              49.278771683598265
            ],
            [
              -122.92355832452635,
              49.27917254855789
            ],
            [
              -122.92348140915882,
              49.27919948665896
            ],
            [
              -122.92348148357895,
              49.27919932283079
            ],
            [
              -122.92351308357895,
              49.2791147228308
            ],
            [
              -122.92351372079966,
              49.27911256203451
            ],
            [
              -122.9235140311904,
              49.279110370950306
            ],
            [
              -122.92351401177802,
              49.27910817056575
            ],
            [
              -122.9235136627485,
              49.27910598195747
            ],
            [
              -122.92351298744505,
              49.2791038260893
            ],
            [
              -122.92351199233613,
              49.27910172361147
            ],
            [
              -122.92351068695352,
              49.279099694662804
            ],
            [
              -122.92350908380097,
              49.27909775867782
            ],
            [
              -122.92350719823445,
              49.279095934200576
            ],
            [
              -122.92350504831509,
              49.27909423870703
            ],
            [
              -122.92350265463612,
              49.27909268843767
            ],
            [
              -122.9235000401257,
              49.279091298241916
            ],
            [
              -122.92349722982719,
              49.279090081435925
            ],
            [
              -122.92349425065936,
              49.27908904967501
            ],
            [
              -122.92349113115851,
              49.279088212842005
            ],
            [
              -122.92348790120515,
              49.27908757895263
            ],
            [
              -122.92347740120516,
              49.27908587895262
            ],
            [
              -122.92347714047277,
              49.27908583744123
            ],
            [
              -122.92344277719005,
              49.27908045884046
            ],
            [
              -122.92342811363518,
              49.2790780809667
            ],
            [
              -122.92342478552679,
              49.27907765348588
            ],
            [
              -122.92342140912268,
              49.279077441511156
            ],
            [
              -122.9234180171307,
              49.279077447095965
            ],
            [
              -122.92341464240971,
              49.27907767018622
            ],
            [
              -122.92341131765124,
              49.27907810862079
            ],
            [
              -122.92340807506287,
              49.27907875815248
            ],
            [
              -122.92340494605612,
              49.27907961248916
            ],
            [
              -122.92340196094229,
              49.27908066335472
            ],
            [
              -122.9233991486387,
              49.27908190056922
            ],
            [
              -122.92339653638867,
              49.27908331214753
            ],
            [
              -122.92339414949755,
              49.27908488441544
            ],
            [
              -122.9233920110876,
              49.2790866021421
            ],
            [
              -122.92339014187398,
              49.27908844868757
            ],
            [
              -122.92338855996411,
              49.279090406164016
            ],
            [
              -122.92338728068226,
              49.27909245560901
            ],
            [
              -122.92338631642104,
              49.279094577169204
            ],
            [
              -122.92335471642104,
              49.279179177169205
            ],
            [
              -122.92335407786962,
              49.27918134408285
            ],
            [
              -122.92335376799679,
              49.27918354139561
            ],
            [
              -122.92335378978738,
              49.27918574794205
            ],
            [
              -122.9233541430315,
              49.279187942467786
            ],
            [
              -122.92335482432658,
              49.27919010383424
            ],
            [
              -122.92335582711006,
              49.27919221122222
            ],
            [
              -122.92335714172275,
              49.27919424433249
            ],
            [
              -122.92335875550171,
              49.27919618358128
            ],
            [
              -122.92336065290239,
              49.27919801028894
            ],
            [
              -122.9233628156482,
              49.279199706859856
            ],
            [
              -122.92336522290668,
              49.27920125695195
            ],
            [
              -122.92336564867686,
              49.279201481886574
            ],
            [
              -122.92296378105407,
              49.27914771199865
            ],
            [
              -122.92296214229532,
              49.27914701960026
            ],
            [
              -122.92295985830503,
              49.27914625040242
            ],
            [
              -122.92295746974332,
              49.2791456309557
            ],
            [
              -122.92295499961337,
              49.27914516722573
            ],
            [
              -122.92295247170385,
              49.279144863678454
            ],
            [
              -122.92294991035992,
              49.279144723237216
            ],
            [
              -122.92294734024874,
              49.27914474725454
            ],
            [
              -122.92294478612186,
              49.279144935499126
            ],
            [
              -122.92294395151298,
              49.27914505193352
            ],
            [
              -122.92282772616963,
              49.27912942036044
            ],
            [
              -122.92247608272183,
              49.27907693809822
            ],
            [
              -122.92247280703074,
              49.27907194960719
            ]
          ],
          [
            [
              -122.92294155431952,
              49.27896529274399
            ],
            [
              -122.92294451711741,
              49.27896422572776
            ],
            [
              -122.92294730521017,
              49.27896297428025
            ],
            [
              -122.92294989171192,
              49.27896155046929
            ],
            [
              -122.92295225168077,
              49.278959968024836
            ],
            [
              -122.92295436235932,
              49.27895824220655
            ],
            [
              -122.92295620339407,
              49.27895638965666
            ],
            [
              -122.92295775703175,
              49.278954428239516
            ],
            [
              -122.92295900829049,
              49.27895237686923
            ],
            [
              -122.92295994510427,
              49.27895025532737
            ],
            [
              -122.92311424510427,
              49.278522955327375
            ],
            [
              -122.92311485746912,
              49.27852078879487
            ],
            [
              -122.92311514186862,
              49.27851859356525
            ],
            [
              -122.92311509557211,
              49.278516390716156
            ],
            [
              -122.92311471902411,
              49.2785142013984
            ],
            [
              -122.92311401584007,
              49.27851204663287
            ],
            [
              -122.92311299277165,
              49.278509947108695
            ],
            [
              -122.92311165964192,
              49.27850792298461
            ],
            [
              -122.92311002925102,
              49.278505993695376
            ],
            [
              -122.92310811725328,
              49.2785041777652
            ],
            [
              -122.92310594200684,
              49.278502492629876
            ],
            [
              -122.9231035243975,
              49.27850095446933
            ],
            [
              -122.92310088763813,
              49.278499578052326
            ],
            [
              -122.92309805704573,
              49.278498376594634
            ],
            [
              -122.92309505979844,
              49.27849736163213
            ],
            [
              -122.92309192467454,
              49.27849654291004
            ],
            [
              -122.92308868177614,
              49.27849592828939
            ],
            [
              -122.92305806192735,
              49.27849117259539
            ],
            [
              -122.92307850969415,
              49.27843565242188
            ],
            [
              -122.92307913805409,
              49.27843348175488
            ],
            [
              -122.92307943685367,
              49.27843128133738
            ],
            [
              -122.92307940320832,
              49.27842907241167
            ],
            [
              -122.92307903744288,
              49.27842687630217
            ],
            [
              -122.92307834308832,
              49.27842471420958
            ],
            [
              -122.9230773268478,
              49.27842260700621
            ],
            [
              -122.92307599853184,
              49.27842057503449
            ],
            [
              -122.92307437096368,
              49.27841863791057
            ],
            [
              -122.92307245985546,
              49.27841681433497
            ],
            [
              -122.92307028365656,
              49.278415121912026
            ],
            [
              -122.92306786337545,
              49.27841357697999
            ],
            [
              -122.92306522237693,
              49.27841219445326
            ],
            [
              -122.92306238615657,
              49.27841098767839
            ],
            [
              -122.92305938209454,
              49.2784099683053
            ],
            [
              -122.92305623919128,
              49.278409146174766
            ],
            [
              -122.92305298778766,
              49.27840852922343
            ],
            [
              -122.92171418778766,
              49.27820042922343
            ],
            [
              -122.92171085718952,
              49.27820002322188
            ],
            [
              -122.92170748157628,
              49.27819983254157
            ],
            [
              -122.92170409357566,
              49.27819985902557
            ],
            [
              -122.92170072593517,
              49.2782001024179
            ],
            [
              -122.92169741120549,
              49.27820056036598
            ],
            [
              -122.92169418142589,
              49.27820122844343
            ],
            [
              -122.92169106781455,
              49.278202100192786
            ],
            [
              -122.92168810046677,
              49.278203167187954
            ],
            [
              -122.92168530806414,
              49.27820441911565
            ],
            [
              -122.92168271759725,
              49.27820584387509
            ],
            [
              -122.92168035410484,
              49.27820742769494
            ],
            [
              -122.92167824043179,
              49.27820915526642
            ],
            [
              -122.92167639700828,
              49.278211009891294
            ],
            [
              -122.92167484165235,
              49.27821297364328
            ],
            [
              -122.92167358939763,
              49.27821502754128
            ],
            [
              -122.92167265234808,
              49.27821715173288
            ],
            [
              -122.92165255838833,
              49.27827287808987
            ],
            [
              -122.92161618177613,
              49.27826722828939
            ],
            [
              -122.92161285614738,
              49.278266823129165
            ],
            [
              -122.92160948564954,
              49.27826663264061
            ],
            [
              -122.92160610276251,
              49.278266658659376
            ],
            [
              -122.92160274008556,
              49.278266900934725
            ],
            [
              -122.92159943002322,
              49.27826735713197
            ],
            [
              -122.921596204473,
              49.27826802285496
            ],
            [
              -122.92159309451802,
              49.27826889168843
            ],
            [
              -122.92159013012741,
              49.27826995525984
            ],
            [
              -122.92158733986761,
              49.27827120332005
            ],
            [
              -122.92158475062706,
              49.27827262384211
            ],
            [
              -122.92158238735702,
              49.278274203137116
            ],
            [
              -122.92158027283122,
              49.278275925986144
            ],
            [
              -122.92157842742634,
              49.27827777578691
            ],
            [
              -122.92157686892567,
              49.27827973471377
            ],
            [
              -122.92157561234775,
              49.27828178388946
            ],
            [
              -122.92157466980163,
              49.27828390356705
            ],
            [
              -122.92141866980164,
              49.27871230356705
            ],
            [
              -122.9214180502639,
              49.278714473830625
            ],
            [
              -122.92141775996444,
              49.278716673269564
            ],
            [
              -122.92141780170209,
              49.27871888067902
            ],
            [
              -122.92141817507444,
              49.27872107477733
            ],
            [
              -122.92141887648177,
              49.27872323441114
            ],
            [
              -122.92141989916183,
              49.27872533875937
            ],
            [
              -122.92142123325493,
              49.27872736753397
            ],
            [
              -122.92142286589905,
              49.27872930117546
            ],
            [
              -122.92142478135383,
              49.27873112104159
            ],
            [
              -122.92142696115235,
              49.27873280958697
            ],
            [
              -122.92142938427912,
              49.27873435053231
            ],
            [
              -122.9214320273727,
              49.27873572902133
            ],
            [
              -122.92143486495101,
              49.27873693176398
            ],
            [
              -122.92143786965687,
              49.27873794716459
            ],
            [
              -122.92144101252187,
              49.27873876543368
            ],
            [
              -122.92144426324558,
              49.27873937868228
            ],
            [
              -122.92148223259808,
              49.278745240725854
            ],
            [
              -122.92146225234808,
              49.27880065173288
            ],
            [
              -122.92146164079158,
              49.27880281967716
            ],
            [
              -122.92146135760218,
              49.27880501627082
            ],
            [
              -122.92146140550214,
              49.27880722039835
            ],
            [
              -122.92146178403102,
              49.278809410871816
            ],
            [
              -122.92146248955005,
              49.27881156663453
            ],
            [
              -122.92146351527722,
              49.278813666963494
            ],
            [
              -122.92146485135235,
              49.27881569166858
            ],
            [
              -122.92146648493198,
              49.2788176212866
            ],
            [
              -122.92146840031276,
              49.27881943726845
            ],
            [
              -122.92147057908242,
              49.27882112215738
            ],
            [
              -122.9214730002968,
              49.27882265975682
            ],
            [
              -122.92147564068115,
              49.278824035286064
            ],
            [
              -122.92147847485387,
              49.27882523552237
            ],
            [
              -122.92148147557049,
              49.27882624892804
            ],
            [
              -122.92148461398561,
              49.278827065761384
            ],
            [
              -122.92148785993012,
              49.27882767817031
            ],
            [
              -122.92282285993012,
              49.27903387817031
            ],
            [
              -122.92282617820864,
              49.27903427991547
            ],
            [
              -122.92282954080994,
              49.27903446799714
            ],
            [
              -122.92283291548684,
              49.279034440611625
            ],
            [
              -122.9228362698763,
              49.27903419802154
            ],
            [
              -122.92283957180986,
              49.279033742553324
            ],
            [
              -122.92284278962212,
              49.27903307857489
            ],
            [
              -122.92284589245438,
              49.27903221245378
            ],
            [
              -122.92284885055062,
              49.279031152496046
            ],
            [
              -122.9228516355428,
              49.27902990886664
            ],
            [
              -122.92285422072295,
              49.27902849349193
            ],
            [
              -122.92285658129933,
              49.279026919945295
            ],
            [
              -122.92285869463407,
              49.27902520331698
            ],
            [
              -122.9228605404604,
              49.27902336006939
            ],
            [
              -122.92286210107692,
              49.27902140787919
            ],
            [
              -122.92286336151734,
              49.2790193654678
            ],
            [
              -122.92286430969415,
              49.27901725242188
            ],
            [
              -122.9228847426026,
              49.27896177259198
            ],
            [
              -122.92291846324557,
              49.278966978682284
            ],
            [
              -122.92292179084953,
              49.27896738102993
            ],
            [
              -122.92292516289999,
              49.2789675685194
            ],
            [
              -122.92292854687993,
              49.27896753934272
            ],
            [
              -122.92293191015729,
              49.27896729378125
            ],
            [
              -122.92293522029966,
              49.27896683420296
            ],
            [
              -122.92293844538702,
              49.278966165039606
            ],
            [
              -122.92294155431952,
              49.27896529274399
            ]
          ]
        ]
      },
      "properties": {
        "feature_type": "forest_area",
        "patch_id": 2,
        "tree_count": 149
      }
    },
    {
      "type": "Feature",
      "geometry": {
        "type": "Polygon",
        "coordinates": [
          [
            [
              -122.92264971507136,
              49.28007724854374
            ],
            [
              -122.92264886529401,
              49.280078638061994
            ],
            [
              -122.92264585140481,
              49.280077848925174
            ],
            [
              -122.92264260333984,
              49.28007723164332
            ],
            [
              -122.92234610775863,
              49.28003105021036
            ],
            [
              -122.92234963879456,
              49.280021380604296
            ],
            [
              -122.92259364085261,
              49.28005929704532
            ],
            [
              -122.92259435601194,
              49.28006038694295
            ],
            [
              -122.92259559427127,
              49.280061856385494
            ],
            [
              -122.92259704734698,
              49.280063239573145
            ],
            [
              -122.92259870124514,
              49.280064523185054
            ],
            [
              -122.92260054003779,
              49.28006569485934
            ],
            [
              -122.92260254601636,
              49.280066743312126
            ],
            [
              -122.9226046998622,
              49.28006765844626
            ],
            [
              -122.92260698083258,
              49.280068431448484
            ],
            [
              -122.92260936696051,
              49.280069054874375
            ],
            [
              -122.92261183526628,
              49.280069522719984
            ],
            [
              -122.92265048549142,
              49.28007552416382
            ],
            [
              -122.92264971507136,
              49.28007724854374
            ]
          ]
        ]
      },
      "properties": {
        "feature_type": "forest_area",
        "patch_id": 3,
        "tree_count": 1
      }
    },
    {
      "type": "Feature",
      "geometry": {
        "type": "Polygon",
        "coordinates": [
          [
            [
              -122.92151317009208,
              49.28025171611938
            ],
            [
              -122.92150240827544,
              49.280252661691094
            ],
            [
              -122.92149155608352,
              49.28025291222061
            ],
            [
              -122.92148071873214,
              49.280252465278984
            ],
            [
              -122.92147000129327,
              49.28025132519945
            ],
            [
              -122.92145950767627,
              49.28024950303549
            ],
            [
              -122.9214493396205,
              49.280247016453636
            ],
            [
              -122.92143959570882,
              49.280243889562165
            ],
            [
              -122.92143037041193,
              49.280240152677415
            ],
            [
              -122.92142175317232,
              49.28023584202979
            ],
            [
              -122.92141382753724,
              49.28023099941255
            ],
            [
              -122.92140667034846,
              49.28022567177659
            ],
            [
              -122.9214003509975,
              49.28021991077523
            ],
            [
              -122.9213949307527,
              49.2802137722634
            ],
            [
              -122.92139046216523,
              49.280207315756165
            ],
            [
              -122.92137986527031,
              49.2801897457632
            ],
            [
              -122.92144040118086,
              49.2801991690606
            ],
            [
              -122.92144372824957,
              49.28019957548051
            ],
            [
              -122.92144710038488,
              49.28019976701743
            ],
            [
              -122.92145048505706,
              49.28019974182367
            ],
            [
              -122.9214538496155,
              49.28019950014228
            ],
            [
              -122.9214571616036,
              49.28019904430465
            ],
            [
              -122.92146038907188,
              49.280198378708086
            ],
            [
              -122.9214635008862,
              49.28019750977334
            ],
            [
              -122.92146646702808,
              49.28019644588267
            ],
            [
              -122.92146925888429,
              49.28019519729905
            ],
            [
              -122.92147184952287,
              49.28019377606707
            ],
            [
              -122.92147421395292,
              49.28019219589681
            ],
            [
              -122.9214763293657,
              49.28019047203156
            ],
            [
              -122.92147817535464,
              49.2801886211008
            ],
            [
              -122.92147973411218,
              49.28018666095973
            ],
            [
              -122.92148099060161,
              49.280184610517075
            ],
            [
              -122.92148193270204,
              49.280182489552686
            ],
            [
              -122.92148396556202,
              49.28017689918777
            ],
            [
              -122.92161537354427,
              49.2801973756677
            ],
            [
              -122.92160135090282,
              49.28023495887338
            ],
            [
              -122.92160086628117,
              49.28023660564682
            ],
            [
              -122.9216006314154,
              49.280238275479185
            ],
            [
              -122.9216006485674,
              49.28023995228908
            ],
            [
              -122.92160083755803,
              49.28024112389762
            ],
            [
              -122.92151317009208,
              49.28025171611938
            ]
          ]
        ]
      },
      "properties": {
        "feature_type": "forest_area",
        "patch_id": 4,
        "tree_count": 1
      }
    },
    {
      "type": "Feature",
      "geometry": {
        "type": "Polygon",
        "coordinates": [
          [
            [
              -122.92084123531188,
              49.27979695620066
            ],
            [
              -122.92080770580249,
              49.27979173202695
            ],
            [
              -122.92080438058777,
              49.27979132530905
            ],
            [
              -122.92080101026758,
              49.279791133245894
            ],
            [
              -122.92079762732071,
              49.279791157688344
            ],
            [
              -122.92079426434766,
              49.27979139840086
            ],
            [
              -122.92079095375642,
              49.27979185306376
            ],
            [
              -122.92078772745019,
              49.27979251729559
            ],
            [
              -122.92078461651997,
              49.279793384695346
            ],
            [
              -122.92078165094487,
              49.27979444690414
            ],
            [
              -122.9207788593033,
              49.27979569368578
            ],
            [
              -122.92077626849749,
              49.27979711302538
            ],
            [
              -122.92077390349428,
              49.27979869124518
            ],
            [
              -122.92077178708455,
              49.27980041313635
            ],
            [
              -122.92076993966349,
              49.2798022621055
            ],
            [
              -122.92076837903419,
              49.279804220334654
            ],
            [
              -122.92076712023596,
              49.27980626895294
            ],
            [
              -122.92076617539949,
              49.27980838821839
            ],
            [
              -122.9207455913666,
              49.27986473925889
            ],
            [
              -122.92074130751857,
              49.27986514330969
            ],
            [
              -122.92073054839003,
              49.279865465586326
            ],
            [
              -122.92071979238321,
              49.279865101653755
            ],
            [
              -122.92070914208814,
              49.27986405498313
            ],
            [
              -122.92069869908657,
              49.27986233555752
            ],
            [
              -122.9206885629831,
              49.27985995977668
            ],
            [
              -122.92067883045516,
              49.27985695030065
            ],
            [
              -122.92066959433089,
              49.279853335833586
            ],
            [
              -122.92066094270378,
              49.27984915085002
            ],
            [
              -122.92065295809242,
              49.279844435266014
            ],
            [
              -122.92064571665347,
              49.279839234058485
            ],
            [
              -122.92063928745526,
              49.27983359683616
            ],
            [
              -122.92063373181901,
              49.279827577366476
            ],
            [
              -122.92062910273398,
              49.279821233062684
            ],
            [
              -122.92062544435205,
              49.27981462443632
            ],
            [
              -122.9206227915666,
              49.27980781451996
            ],
            [
              -122.92062116967972,
              49.27980086826612
            ],
            [
              -122.92061459988848,
              49.27975912298706
            ],
            [
              -122.9208389979876,
              49.279794068563426
            ],
            [
              -122.92083962785054,
              49.2797941455596
            ],
            [
              -122.92084022716853,
              49.279794244573814
            ],
            [
              -122.92084165589044,
              49.27979443138821
            ],
            [
              -122.92084123531188,
              49.27979695620066
            ]
          ]
        ]
      },
      "properties": {
        "feature_type": "forest_area",
        "patch_id": 5,
        "tree_count": 1
      }
    },
    {
      "type": "Feature",
      "geometry": {
        "type": "Polygon",
        "coordinates": [
          [
            [
              -122.92078739612099,
              49.278480738873355
            ],
            [
              -122.92078476147938,
              49.27850277785954
            ],
            [
              -122.92078473962665,
              49.27850296756007
            ],
            [
              -122.92075653962665,
              49.278757367560075
            ],
            [
              -122.92075645479227,
              49.27876128004677
            ],
            [
              -122.92075706519233,
              49.27876517260947
            ],
            [
              -122.92076876519234,
              49.27881247260947
            ],
            [
              -122.92076977863762,
              49.278815611871465
            ],
            [
              -122.92077124473785,
              49.278818674107555
            ],
            [
              -122.92077315022595,
              49.27882163160686
            ],
            [
              -122.92077547785873,
              49.27882445760626
            ],
            [
              -122.92077820657286,
              49.278827126532654
            ],
            [
              -122.9207813116756,
              49.27882961423429
            ],
            [
              -122.92078476506813,
              49.27883189819938
            ],
            [
              -122.92078853549992,
              49.278833957759794
            ],
            [
              -122.92079258885146,
              49.278835774278086
            ],
            [
              -122.92098348885145,
              49.278912874278085
            ],
            [
              -122.92098792809674,
              49.27891447619032
            ],
            [
              -122.9209925866479,
              49.2789157865263
            ],
            [
              -122.92099741964053,
              49.27891679266676
            ],
            [
              -122.9210023805303,
              49.278917484922026
            ],
            [
              -122.9210074215411,
              49.2789178566253
            ],
            [
              -122.92101249412525,
              49.27891790419687
            ],
            [
              -122.921017549431,
              49.27891762717859
            ],
            [
              -122.92102253877299,
              49.278917028238325
            ],
            [
              -122.92102741410112,
              49.27891611314417
            ],
            [
              -122.92103212846331,
              49.27891489070899
            ],
            [
              -122.92103663645769,
              49.2789133727055
            ],
            [
              -122.9210408946698,
              49.27891157375292
            ],
            [
              -122.92104486209074,
              49.27890951117613
            ],
            [
              -122.92104850051207,
              49.27890720483888
            ],
            [
              -122.92105054033757,
              49.2789056300539
            ],
            [
              -122.92135826261884,
              49.278947035360815
            ],
            [
              -122.92133389505997,
              49.27901369000647
            ],
            [
              -122.9213337781088,
              49.279013785262514
            ],
            [
              -122.92133237561657,
              49.27901519049652
            ],
            [
              -122.92133119100951,
              49.27901667864475
            ],
            [
              -122.92133023569606,
              49.279018235375524
            ],
            [
              -122.92132951887639,
              49.27901984569667
            ],
            [
              -122.92130567952496,
              49.27908522452001
            ],
            [
              -122.92111645824083,
              49.279055876272395
            ],
            [
              -122.92111388740466,
              49.27905556505135
            ],
            [
              -122.92111128181391,
              49.279055422599725
            ],
            [
              -122.9211086674352,
              49.27905545033715
            ],
            [
              -122.92110607032281,
              49.27905564798719
            ],
            [
              -122.92110351635888,
              49.27905601358013
            ],
            [
              -122.92110103099557,
              49.27905654347256
            ],
            [
              -122.9210986390014,
              49.2790572323837
            ],
            [
              -122.92109636421436,
              49.27905807344804
            ],
            [
              -122.9210942293044,
              49.27905905828375
            ],
            [
              -122.9210922555475,
              49.279060177076204
            ],
            [
              -122.92109046261363,
              49.279061418675795
            ],
            [
              -122.92108886837072,
              49.27906277070906
            ],
            [
              -122.92108748870656,
              49.27906421970197
            ],
            [
              -122.92108633737055,
              49.27906575121424
            ],
            [
              -122.92108542583662,
              49.2790673499832
            ],
            [
              -122.92108476318889,
              49.27906900007592
            ],
            [
              -122.92102876175876,
              49.279243581715505
            ],
            [
              -122.92102776029829,
              49.279246321740814
            ],
            [
              -122.92095142493444,
              49.279268703235445
            ],
            [
              -122.9207105251235,
              49.27932315455635
            ],
            [
              -122.92070903181478,
              49.27932352575143
            ],
            [
              -122.92070246946794,
              49.279325308359084
            ],
            [
              -122.92069858018813,
              49.279316703993466
            ],
            [
              -122.92070496926821,
              49.27930542114991
            ],
            [
              -122.92070580348093,
              49.27930366148451
            ],
            [
              -122.92070634251193,
              49.27930185346377
            ],
            [
              -122.92071444251194,
              49.27926385346377
            ],
            [
              -122.920714670987,
              49.279262186597535
            ],
            [
              -122.92071464842124,
              49.27926051314523
            ],
            [
              -122.92071437503112,
              49.27925884915917
            ],
            [
              -122.92065550719214,
              49.27901429818735
            ],
            [
              -122.9206502843867,
              49.278976851657724
            ],
            [
              -122.92065025042785,
              49.278976624936924
            ],
            [
              -122.92064414948237,
              49.27893851904145
            ],
            [
              -122.92064014948237,
              49.278913619041454
            ],
            [
              -122.92063985712628,
              49.27891229873747
            ],
            [
              -122.9206394077778,
              49.278910997336006
            ],
            [
              -122.92062363106463,
              49.27887240073414
            ],
            [
              -122.92062466962105,
              49.27885562405365
            ],
            [
              -122.92068367990174,
              49.278692134934246
            ],
            [
              -122.92073721592361,
              49.278565722130274
            ],
            [
              -122.92076824303294,
              49.278494869877605
            ],
            [
              -122.92078739612099,
              49.278480738873355
            ]
          ]
        ]
      },
      "properties": {
        "feature_type": "forest_area",
        "patch_id": 6,
        "tree_count": 17
      }
    },
    {
      "type": "Feature",
      "geometry": {
        "type": "Polygon",
        "coordinates": [
          [
            [
              -122.92101242276718,
              49.279288285677005
            ],
            [
              -122.92097298287968,
              49.27939619436923
            ],
            [
              -122.92092372933273,
              49.27938857180081
            ],
            [
              -122.9209237293104,
              49.279388571796595
            ],
            [
              -122.92092372928815,
              49.27938857179391
            ],
            [
              -122.92092372769066,
              49.279388571546676
            ],
            [
              -122.92073436400648,
              49.279359357624735
            ],
            [
              -122.92072888821288,
              49.279355171189515
            ],
            [
              -122.9209696748765,
              49.27930074544364
            ],
            [
              -122.92097183709048,
              49.27930018537931
            ],
            [
              -122.92101242276718,
              49.279288285677005
            ]
          ]
        ]
      },
      "properties": {
        "feature_type": "forest_area",
        "patch_id": 7,
        "tree_count": 1
      }
    },
    {
      "type": "Feature",
      "geometry": {
        "type": "Polygon",
        "coordinates": [
          [
            [
              -122.92058826413756,
              49.278918510742685
            ],
            [
              -122.9205920500441,
              49.27894207801087
            ],
            [
              -122.9205981314344,
              49.278980061776515
            ],
            [
              -122.92060341561331,
              49.27901794834228
            ],
            [
              -122.92060362496888,
              49.27901905084083
            ],
            [
              -122.92066202343996,
              49.279261651947024
            ],
            [
              -122.92065484806572,
              49.27929531419653
            ],
            [
              -122.92064686440338,
              49.279309413004505
            ],
            [
              -122.9205790632947,
              49.27903229076727
            ],
            [
              -122.9205611866207,
              49.27891951874881
            ],
            [
              -122.92056506927534,
              49.27891576834003
            ],
            [
              -122.92056912414517,
              49.278910877856966
            ],
            [
              -122.92057242471068,
              49.27890575163876
            ],
            [
              -122.92057493918558,
              49.27890043905369
            ],
            [
              -122.92057784624245,
              49.278893024106445
            ],
            [
              -122.92058826413756,
              49.278918510742685
            ]
          ]
        ]
      },
      "properties": {
        "feature_type": "forest_area",
        "patch_id": 8,
        "tree_count": 2
      }
    },
    {
      "type": "Feature",
      "geometry": {
        "type": "Point",
        "coordinates": [
          -122.9232142,
          49.2784975
        ]
      },
      "properties": {
        "feature_type": "tree",
        "tree_id": 1,
        "latitude": 49.2784975,
        "longitude": -122.9232142
      }
    },
    {
      "type": "Feature",
      "geometry": {
        "type": "Point",
        "coordinates": [
          -122.9231968,
          49.2786517
        ]
      },
      "properties": {
        "feature_type": "tree",
        "tree_id": 2,
        "latitude": 49.2786517,
        "longitude": -122.9231968
      }
    },
    {
      "type": "Feature",
      "geometry": {
        "type": "Point",
        "coordinates": [
          -122.9210335,
          49.2785151
        ]
      },
      "properties": {
        "feature_type": "tree",
        "tree_id": 3,
        "latitude": 49.2785151,
        "longitude": -122.9210335
      }
    },
    {
      "type": "Feature",
      "geometry": {
        "type": "Point",
        "coordinates": [
          -122.9226417,
          49.2780945
        ]
      },
      "properties": {
        "feature_type": "tree",
        "tree_id": 4,
        "latitude": 49.2780945,
        "longitude": -122.9226417
      }
    },
    {
      "type": "Feature",
      "geometry": {
        "type": "Point",
        "coordinates": [
          -122.9237293,
          49.279074
        ]
      },
      "properties": {
        "feature_type": "tree",
        "tree_id": 5,
        "latitude": 49.279074,
        "longitude": -122.9237293
      }
    },
    {
      "type": "Feature",
      "geometry": {
        "type": "Point",
        "coordinates": [
          -122.9211365,
          49.2785486
        ]
      },
      "properties": {
        "feature_type": "tree",
        "tree_id": 6,
        "latitude": 49.2785486,
        "longitude": -122.9211365
      }
    },
    {
      "type": "Feature",
      "geometry": {
        "type": "Point",
        "coordinates": [
          -122.923277,
          49.2790468
        ]
      },
      "properties": {
        "feature_type": "tree",
        "tree_id": 7,
        "latitude": 49.2790468,
        "longitude": -122.923277
      }
    },
    {
      "type": "Feature",
      "geometry": {
        "type": "Point",
        "coordinates": [
          -122.923112,
          49.2789853
        ]
      },
      "properties": {
        "feature_type": "tree",
        "tree_id": 8,
        "latitude": 49.2789853,
        "longitude": -122.923112
      }
    },
    {
      "type": "Feature",
      "geometry": {
        "type": "Point",
        "coordinates": [
          -122.9212749,
          49.2788795
        ]
      },
      "properties": {
        "feature_type": "tree",
        "tree_id": 9,
        "latitude": 49.2788795,
        "longitude": -122.9212749
      }
    },
    {
      "type": "Feature",
      "geometry": {
        "type": "Point",
        "coordinates": [
          -122.9211562,
          49.2787512
        ]
      },
      "properties": {
        "feature_type": "tree",
        "tree_id": 10,
        "latitude": 49.2787512,
        "longitude": -122.9211562
      }
    },
    {
      "type": "Feature",
      "geometry": {
        "type": "Point",
        "coordinates": [
          -122.9206731,
          49.2788603
        ]
      },
      "properties": {
        "feature_type": "tree",
        "tree_id": 11,
        "latitude": 49.2788603,
        "longitude": -122.9206731
      }
    },
    {
      "type": "Feature",
      "geometry": {
        "type": "Point",
        "coordinates": [
          -122.9231436,
          49.2785059
        ]
      },
      "properties": {
        "feature_type": "tree",
        "tree_id": 12,
        "latitude": 49.2785059,
        "longitude": -122.9231436
      }
    },
    {
      "type": "Feature",
      "geometry": {
        "type": "Point",
        "coordinates": [
          -122.9215391,
          49.2789339
        ]
      },
      "properties": {
        "feature_type": "tree",
        "tree_id": 13,
        "latitude": 49.2789339,
        "longitude": -122.9215391
      }
    },
    {
      "type": "Feature",
      "geometry": {
        "type": "Point",
        "coordinates": [
          -122.9213301,
          49.2781438
        ]
      },
      "properties": {
        "feature_type": "tree",
        "tree_id": 14,
        "latitude": 49.2781438,
        "longitude": -122.9213301
      }
    },
    {
      "type": "Feature",
      "geometry": {
        "type": "Point",
        "coordinates": [
          -122.9225298,
          49.2781505
        ]
      },
      "properties": {
        "feature_type": "tree",
        "tree_id": 15,
        "latitude": 49.2781505,
        "longitude": -122.9225298
      }
    },
    {
      "type": "Feature",
      "geometry": {
        "type": "Point",
        "coordinates": [
          -122.9206523,
          49.2789853
        ]
      },
      "properties": {
        "feature_type": "tree",
        "tree_id": 16,
        "latitude": 49.2789853,
        "longitude": -122.9206523
      }
    },
    {
      "type": "Feature",
      "geometry": {
        "type": "Point",
        "coordinates": [
          -122.9213555,
          49.2787238
        ]
      },
      "properties": {
        "feature_type": "tree",
        "tree_id": 17,
        "latitude": 49.2787238,
        "longitude": -122.9213555
      }
    },
    {
      "type": "Feature",
      "geometry": {
        "type": "Point",
        "coordinates": [
          -122.9216032,
          49.2788861
        ]
      },
      "properties": {
        "feature_type": "tree",
        "tree_id": 18,
        "latitude": 49.2788861,
        "longitude": -122.9216032
      }
    },
    {
      "type": "Feature",
      "geometry": {
        "type": "Point",
        "coordinates": [
          -122.9235657,
          49.2786695
        ]
      },
      "properties": {
        "feature_type": "tree",
        "tree_id": 19,
        "latitude": 49.2786695,
        "longitude": -122.9235657
      }
    },
    {
      "type": "Feature",
      "geometry": {
        "type": "Point",
        "coordinates": [
          -122.9209309,
          49.2792489
        ]
      },
      "properties": {
        "feature_type": "tree",
        "tree_id": 20,
        "latitude": 49.2792489,
        "longitude": -122.9209309
      }
    },
    {
      "type": "Feature",
      "geometry": {
        "type": "Point",
        "coordinates": [
          -122.9206034,
          49.2790692
        ]
      },
      "properties": {
        "feature_type": "tree",
        "tree_id": 21,
        "latitude": 49.2790692,
        "longitude": -122.9206034
      }
    },
    {
      "type": "Feature",
      "geometry": {
        "type": "Point",
        "coordinates": [
          -122.9231606,
          49.278845
        ]
      },
      "properties": {
        "feature_type": "tree",
        "tree_id": 22,
        "latitude": 49.278845,
        "longitude": -122.9231606
      }
    },
    {
      "type": "Feature",
      "geometry": {
        "type": "Point",
        "coordinates": [
          -122.923272,
          49.2789101
        ]
      },
      "properties": {
        "feature_type": "tree",
        "tree_id": 23,
        "latitude": 49.2789101,
        "longitude": -122.923272
      }
    },
    {
      "type": "Feature",
      "geometry": {
        "type": "Point",
        "coordinates": [
          -122.9235328,
          49.2788319
        ]
      },
      "properties": {
        "feature_type": "tree",
        "tree_id": 24,
        "latitude": 49.2788319,
        "longitude": -122.9235328
      }
    },
    {
      "type": "Feature",
      "geometry": {
        "type": "Point",
        "coordinates": [
          -122.9230917,
          49.2783748
        ]
      },
      "properties": {
        "feature_type": "tree",
        "tree_id": 25,
        "latitude": 49.2783748,
        "longitude": -122.9230917
      }
    },
    {
      "type": "Feature",
      "geometry": {
        "type": "Point",
        "coordinates": [
          -122.9228399,
          49.2790702
        ]
      },
      "properties": {
        "feature_type": "tree",
        "tree_id": 26,
        "latitude": 49.2790702,
        "longitude": -122.9228399
      }
    },
    {
      "type": "Feature",
      "geometry": {
        "type": "Point",
        "coordinates": [
          -122.9231396,
          49.2787237
        ]
      },
      "properties": {
        "feature_type": "tree",
        "tree_id": 27,
        "latitude": 49.2787237,
        "longitude": -122.9231396
      }
    },
    {
      "type": "Feature",
      "geometry": {
        "type": "Point",
        "coordinates": [
          -122.9218479,
          49.278897
        ]
      },
      "properties": {
        "feature_type": "tree",
        "tree_id": 28,
        "latitude": 49.278897,
        "longitude": -122.9218479
      }
    },
    {
      "type": "Feature",
      "geometry": {
        "type": "Point",
        "coordinates": [
          -122.9231325,
          49.279158
        ]
      },
      "properties": {
        "feature_type": "tree",
        "tree_id": 29,
        "latitude": 49.279158,
        "longitude": -122.9231325
      }
    },
    {
      "type": "Feature",
      "geometry": {
        "type": "Point",
        "coordinates": [
          -122.9221527,
          49.2790265
        ]
      },
      "properties": {
        "feature_type": "tree",
        "tree_id": 30,
        "latitude": 49.2790265,
        "longitude": -122.9221527
      }
    },
    {
      "type": "Feature",
      "geometry": {
        "type": "Point",
        "coordinates": [
          -122.923344,
          49.2788018
        ]
      },
      "properties": {
        "feature_type": "tree",
        "tree_id": 31,
        "latitude": 49.2788018,
        "longitude": -122.923344
      }
    },
    {
      "type": "Feature",
      "geometry": {
        "type": "Point",
        "coordinates": [
          -122.9210685,
          49.2787411
        ]
      },
      "properties": {
        "feature_type": "tree",
        "tree_id": 32,
        "latitude": 49.2787411,
        "longitude": -122.9210685
      }
    },
    {
      "type": "Feature",
      "geometry": {
        "type": "Point",
        "coordinates": [
          -122.9232028,
          49.2784953
        ]
      },
      "properties": {
        "feature_type": "tree",
        "tree_id": 33,
        "latitude": 49.2784953,
        "longitude": -122.9232028
      }
    },
    {
      "type": "Feature",
      "geometry": {
        "type": "Point",
        "coordinates": [
          -122.9208941,
          49.2788966
        ]
      },
      "properties": {
        "feature_type": "tree",
        "tree_id": 34,
        "latitude": 49.2788966,
        "longitude": -122.9208941
      }
    },
    {
      "type": "Feature",
      "geometry": {
        "type": "Point",
        "coordinates": [
          -122.9232356,
          49.2784309
        ]
      },
      "properties": {
        "feature_type": "tree",
        "tree_id": 35,
        "latitude": 49.2784309,
        "longitude": -122.9232356
      }
    },
    {
      "type": "Feature",
      "geometry": {
        "type": "Point",
        "coordinates": [
          -122.9227446,
          49.2782319
        ]
      },
      "properties": {
        "feature_type": "tree",
        "tree_id": 36,
        "latitude": 49.2782319,
        "longitude": -122.9227446
      }
    },
    {
      "type": "Feature",
      "geometry": {
        "type": "Point",
        "coordinates": [
          -122.9212547,
          49.2783148
        ]
      },
      "properties": {
        "feature_type": "tree",
        "tree_id": 37,
        "latitude": 49.2783148,
        "longitude": -122.9212547
      }
    },
    {
      "type": "Feature",
      "geometry": {
        "type": "Point",
        "coordinates": [
          -122.9232305,
          49.2790071
        ]
      },
      "properties": {
        "feature_type": "tree",
        "tree_id": 38,
        "latitude": 49.2790071,
        "longitude": -122.9232305
      }
    },
    {
      "type": "Feature",
      "geometry": {
        "type": "Point",
        "coordinates": [
          -122.9237675,
          49.279194
        ]
      },
      "properties": {
        "feature_type": "tree",
        "tree_id": 39,
        "latitude": 49.279194,
        "longitude": -122.9237675
      }
    },
    {
      "type": "Feature",
      "geometry": {
        "type": "Point",
        "coordinates": [
          -122.9214948,
          49.2788337
        ]
      },
      "properties": {
        "feature_type": "tree",
        "tree_id": 40,
        "latitude": 49.2788337,
        "longitude": -122.9214948
      }
    },
    {
      "type": "Feature",
      "geometry": {
        "type": "Point",
        "coordinates": [
          -122.9228952,
          49.278235
        ]
      },
      "properties": {
        "feature_type": "tree",
        "tree_id": 41,
        "latitude": 49.278235,
        "longitude": -122.9228952
      }
    },
    {
      "type": "Feature",
      "geometry": {
        "type": "Point",
        "coordinates": [
          -122.9213382,
          49.2786857
        ]
      },
      "properties": {
        "feature_type": "tree",
        "tree_id": 42,
        "latitude": 49.2786857,
        "longitude": -122.9213382
      }
    },
    {
      "type": "Feature",
      "geometry": {
        "type": "Point",
        "coordinates": [
          -122.9208634,
          49.2792303
        ]
      },
      "properties": {
        "feature_type": "tree",
        "tree_id": 43,
        "latitude": 49.2792303,
        "longitude": -122.9208634
      }
    },
    {
      "type": "Feature",
      "geometry": {
        "type": "Point",
        "coordinates": [
          -122.92317,
          49.2788515
        ]
      },
      "properties": {
        "feature_type": "tree",
        "tree_id": 44,
        "latitude": 49.2788515,
        "longitude": -122.92317
      }
    },
    {
      "type": "Feature",
      "geometry": {
        "type": "Point",
        "coordinates": [
          -122.9218365,
          49.2781414
        ]
      },
      "properties": {
        "feature_type": "tree",
        "tree_id": 45,
        "latitude": 49.2781414,
        "longitude": -122.9218365
      }
    },
    {
      "type": "Feature",
      "geometry": {
        "type": "Point",
        "coordinates": [
          -122.9235373,
          49.2787148
        ]
      },
      "properties": {
        "feature_type": "tree",
        "tree_id": 46,
        "latitude": 49.2787148,
        "longitude": -122.9235373
      }
    },
    {
      "type": "Feature",
      "geometry": {
        "type": "Point",
        "coordinates": [
          -122.923617,
          49.2793208
        ]
      },
      "properties": {
        "feature_type": "tree",
        "tree_id": 47,
        "latitude": 49.2793208,
        "longitude": -122.923617
      }
    },
    {
      "type": "Feature",
      "geometry": {
        "type": "Point",
        "coordinates": [
          -122.9231806,
          49.2786641
        ]
      },
      "properties": {
        "feature_type": "tree",
        "tree_id": 48,
        "latitude": 49.2786641,
        "longitude": -122.9231806
      }
    },
    {
      "type": "Feature",
      "geometry": {
        "type": "Point",
        "coordinates": [
          -122.9209199,
          49.2786444
        ]
      },
      "properties": {
        "feature_type": "tree",
        "tree_id": 49,
        "latitude": 49.2786444,
        "longitude": -122.9209199
      }
    },
    {
      "type": "Feature",
      "geometry": {
        "type": "Point",
        "coordinates": [
          -122.9233158,
          49.2790547
        ]
      },
      "properties": {
        "feature_type": "tree",
        "tree_id": 50,
        "latitude": 49.2790547,
        "longitude": -122.9233158
      }
    },
    {
      "type": "Feature",
      "geometry": {
        "type": "Point",
        "coordinates": [
          -122.9208969,
          49.2786708
        ]
      },
      "properties": {
        "feature_type": "tree",
        "tree_id": 51,
        "latitude": 49.2786708,
        "longitude": -122.9208969
      }
    },
    {
      "type": "Feature",
      "geometry": {
        "type": "Point",
        "coordinates": [
          -122.9215551,
          49.2782981
        ]
      },
      "properties": {
        "feature_type": "tree",
        "tree_id": 52,
        "latitude": 49.2782981,
        "longitude": -122.9215551
      }
    },
    {
      "type": "Feature",
      "geometry": {
        "type": "Point",
        "coordinates": [
          -122.9210499,
          49.2787984
        ]
      },
      "properties": {
        "feature_type": "tree",
        "tree_id": 53,
        "latitude": 49.2787984,
        "longitude": -122.9210499
      }
    },
    {
      "type": "Feature",
      "geometry": {
        "type": "Point",
        "coordinates": [
          -122.9230761,
          49.2788515
        ]
      },
      "properties": {
        "feature_type": "tree",
        "tree_id": 54,
        "latitude": 49.2788515,
        "longitude": -122.9230761
      }
    },
    {
      "type": "Feature",
      "geometry": {
        "type": "Point",
        "coordinates": [
          -122.9228123,
          49.2782481
        ]
      },
      "properties": {
        "feature_type": "tree",
        "tree_id": 55,
        "latitude": 49.2782481,
        "longitude": -122.9228123
      }
    },
    {
      "type": "Feature",
      "geometry": {
        "type": "Point",
        "coordinates": [
          -122.9221946,
          49.2789791
        ]
      },
      "properties": {
        "feature_type": "tree",
        "tree_id": 56,
        "latitude": 49.2789791,
        "longitude": -122.9221946
      }
    },
    {
      "type": "Feature",
      "geometry": {
        "type": "Point",
        "coordinates": [
          -122.9234748,
          49.2786901
        ]
      },
      "properties": {
        "feature_type": "tree",
        "tree_id": 57,
        "latitude": 49.2786901,
        "longitude": -122.9234748
      }
    },
    {
      "type": "Feature",
      "geometry": {
        "type": "Point",
        "coordinates": [
          -122.920697,
          49.2791618
        ]
      },
      "properties": {
        "feature_type": "tree",
        "tree_id": 58,
        "latitude": 49.2791618,
        "longitude": -122.920697
      }
    },
    {
      "type": "Feature",
      "geometry": {
        "type": "Point",
        "coordinates": [
          -122.923157,
          49.2783735
        ]
      },
      "properties": {
        "feature_type": "tree",
        "tree_id": 59,
        "latitude": 49.2783735,
        "longitude": -122.923157
      }
    },
    {
      "type": "Feature",
      "geometry": {
        "type": "Point",
        "coordinates": [
          -122.9232682,
          49.2791534
        ]
      },
      "properties": {
        "feature_type": "tree",
        "tree_id": 60,
        "latitude": 49.2791534,
        "longitude": -122.9232682
      }
    },
    {
      "type": "Feature",
      "geometry": {
        "type": "Point",
        "coordinates": [
          -122.9210218,
          49.278824
        ]
      },
      "properties": {
        "feature_type": "tree",
        "tree_id": 61,
        "latitude": 49.278824,
        "longitude": -122.9210218
      }
    },
    {
      "type": "Feature",
      "geometry": {
        "type": "Point",
        "coordinates": [
          -122.9207452,
          49.2786666
        ]
      },
      "properties": {
        "feature_type": "tree",
        "tree_id": 62,
        "latitude": 49.2786666,
        "longitude": -122.9207452
      }
    },
    {
      "type": "Feature",
      "geometry": {
        "type": "Point",
        "coordinates": [
          -122.9212172,
          49.2789298
        ]
      },
      "properties": {
        "feature_type": "tree",
        "tree_id": 63,
        "latitude": 49.2789298,
        "longitude": -122.9212172
      }
    },
    {
      "type": "Feature",
      "geometry": {
        "type": "Point",
        "coordinates": [
          -122.9233028,
          49.278402
        ]
      },
      "properties": {
        "feature_type": "tree",
        "tree_id": 64,
        "latitude": 49.278402,
        "longitude": -122.9233028
      }
    },
    {
      "type": "Feature",
      "geometry": {
        "type": "Point",
        "coordinates": [
          -122.9235616,
          49.2788253
        ]
      },
      "properties": {
        "feature_type": "tree",
        "tree_id": 65,
        "latitude": 49.2788253,
        "longitude": -122.9235616
      }
    },
    {
      "type": "Feature",
      "geometry": {
        "type": "Point",
        "coordinates": [
          -122.9207294,
          49.2787916
        ]
      },
      "properties": {
        "feature_type": "tree",
        "tree_id": 66,
        "latitude": 49.2787916,
        "longitude": -122.9207294
      }
    },
    {
      "type": "Feature",
      "geometry": {
        "type": "Point",
        "coordinates": [
          -122.9221289,
          49.2782023
        ]
      },
      "properties": {
        "feature_type": "tree",
        "tree_id": 67,
        "latitude": 49.2782023,
        "longitude": -122.9221289
      }
    },
    {
      "type": "Feature",
      "geometry": {
        "type": "Point",
        "coordinates": [
          -122.9233181,
          49.2787066
        ]
      },
      "properties": {
        "feature_type": "tree",
        "tree_id": 68,
        "latitude": 49.2787066,
        "longitude": -122.9233181
      }
    },
    {
      "type": "Feature",
      "geometry": {
        "type": "Point",
        "coordinates": [
          -122.9214931,
          49.280181
        ]
      },
      "properties": {
        "feature_type": "tree",
        "tree_id": 69,
        "latitude": 49.280181,
        "longitude": -122.9214931
      }
    },
    {
      "type": "Feature",
      "geometry": {
        "type": "Point",
        "coordinates": [
          -122.9209322,
          49.2791971
        ]
      },
      "properties": {
        "feature_type": "tree",
        "tree_id": 70,
        "latitude": 49.2791971,
        "longitude": -122.9209322
      }
    },
    {
      "type": "Feature",
      "geometry": {
        "type": "Point",
        "coordinates": [
          -122.9235275,
          49.2793132
        ]
      },
      "properties": {
        "feature_type": "tree",
        "tree_id": 71,
        "latitude": 49.2793132,
        "longitude": -122.9235275
      }
    },
    {
      "type": "Feature",
      "geometry": {
        "type": "Point",
        "coordinates": [
          -122.9209815,
          49.2784461
        ]
      },
      "properties": {
        "feature_type": "tree",
        "tree_id": 72,
        "latitude": 49.2784461,
        "longitude": -122.9209815
      }
    },
    {
      "type": "Feature",
      "geometry": {
        "type": "Point",
        "coordinates": [
          -122.9231106,
          49.2792088
        ]
      },
      "properties": {
        "feature_type": "tree",
        "tree_id": 73,
        "latitude": 49.2792088,
        "longitude": -122.9231106
      }
    },
    {
      "type": "Feature",
      "geometry": {
        "type": "Point",
        "coordinates": [
          -122.9210272,
          49.2782901
        ]
      },
      "properties": {
        "feature_type": "tree",
        "tree_id": 74,
        "latitude": 49.2782901,
        "longitude": -122.9210272
      }
    },
    {
      "type": "Feature",
      "geometry": {
        "type": "Point",
        "coordinates": [
          -122.9213479,
          49.2781957
        ]
      },
      "properties": {
        "feature_type": "tree",
        "tree_id": 75,
        "latitude": 49.2781957,
        "longitude": -122.9213479
      }
    },
    {
      "type": "Feature",
      "geometry": {
        "type": "Point",
        "coordinates": [
          -122.9207333,
          49.2789919
        ]
      },
      "properties": {
        "feature_type": "tree",
        "tree_id": 76,
        "latitude": 49.2789919,
        "longitude": -122.9207333
      }
    },
    {
      "type": "Feature",
      "geometry": {
        "type": "Point",
        "coordinates": [
          -122.9234066,
          49.2784991
        ]
      },
      "properties": {
        "feature_type": "tree",
        "tree_id": 77,
        "latitude": 49.2784991,
        "longitude": -122.9234066
      }
    },
    {
      "type": "Feature",
      "geometry": {
        "type": "Point",
        "coordinates": [
          -122.9231368,
          49.2784039
        ]
      },
      "properties": {
        "feature_type": "tree",
        "tree_id": 78,
        "latitude": 49.2784039,
        "longitude": -122.9231368
      }
    },
    {
      "type": "Feature",
      "geometry": {
        "type": "Point",
        "coordinates": [
          -122.923289,
          49.2785048
        ]
      },
      "properties": {
        "feature_type": "tree",
        "tree_id": 79,
        "latitude": 49.2785048,
        "longitude": -122.923289
      }
    },
    {
      "type": "Feature",
      "geometry": {
        "type": "Point",
        "coordinates": [
          -122.9215783,
          49.2780695
        ]
      },
      "properties": {
        "feature_type": "tree",
        "tree_id": 80,
        "latitude": 49.2780695,
        "longitude": -122.9215783
      }
    },
    {
      "type": "Feature",
      "geometry": {
        "type": "Point",
        "coordinates": [
          -122.9214608,
          49.2788481
        ]
      },
      "properties": {
        "feature_type": "tree",
        "tree_id": 81,
        "latitude": 49.2788481,
        "longitude": -122.9214608
      }
    },
    {
      "type": "Feature",
      "geometry": {
        "type": "Point",
        "coordinates": [
          -122.9210887,
          49.2788144
        ]
      },
      "properties": {
        "feature_type": "tree",
        "tree_id": 82,
        "latitude": 49.2788144,
        "longitude": -122.9210887
      }
    },
    {
      "type": "Feature",
      "geometry": {
        "type": "Point",
        "coordinates": [
          -122.9207309,
          49.2797935
        ]
      },
      "properties": {
        "feature_type": "tree",
        "tree_id": 83,
        "latitude": 49.2797935,
        "longitude": -122.9207309
      }
    },
    {
      "type": "Feature",
      "geometry": {
        "type": "Point",
        "coordinates": [
          -122.9215974,
          49.2782511
        ]
      },
      "properties": {
        "feature_type": "tree",
        "tree_id": 84,
        "latitude": 49.2782511,
        "longitude": -122.9215974
      }
    },
    {
      "type": "Feature",
      "geometry": {
        "type": "Point",
        "coordinates": [
          -122.9231265,
          49.2789609
        ]
      },
      "properties": {
        "feature_type": "tree",
        "tree_id": 85,
        "latitude": 49.2789609,
        "longitude": -122.9231265
      }
    },
    {
      "type": "Feature",
      "geometry": {
        "type": "Point",
        "coordinates": [
          -122.9215212,
          49.2783093
        ]
      },
      "properties": {
        "feature_type": "tree",
        "tree_id": 86,
        "latitude": 49.2783093,
        "longitude": -122.9215212
      }
    },
    {
      "type": "Feature",
      "geometry": {
        "type": "Point",
        "coordinates": [
          -122.9232333,
          49.2789823
        ]
      },
      "properties": {
        "feature_type": "tree",
        "tree_id": 87,
        "latitude": 49.2789823,
        "longitude": -122.9232333
      }
    },
    {
      "type": "Feature",
      "geometry": {
        "type": "Point",
        "coordinates": [
          -122.9236673,
          49.2791383
        ]
      },
      "properties": {
        "feature_type": "tree",
        "tree_id": 88,
        "latitude": 49.2791383,
        "longitude": -122.9236673
      }
    },
    {
      "type": "Feature",
      "geometry": {
        "type": "Point",
        "coordinates": [
          -122.9215221,
          49.2784099
        ]
      },
      "properties": {
        "feature_type": "tree",
        "tree_id": 89,
        "latitude": 49.2784099,
        "longitude": -122.9215221
      }
    },
    {
      "type": "Feature",
      "geometry": {
        "type": "Point",
        "coordinates": [
          -122.9236472,
          49.2789075
        ]
      },
      "properties": {
        "feature_type": "tree",
        "tree_id": 90,
        "latitude": 49.2789075,
        "longitude": -122.9236472
      }
    },
    {
      "type": "Feature",
      "geometry": {
        "type": "Point",
        "coordinates": [
          -122.9218118,
          49.2780749
        ]
      },
      "properties": {
        "feature_type": "tree",
        "tree_id": 91,
        "latitude": 49.2780749,
        "longitude": -122.9218118
      }
    },
    {
      "type": "Feature",
      "geometry": {
        "type": "Point",
        "coordinates": [
          -122.9231766,
          49.2783953
        ]
      },
      "properties": {
        "feature_type": "tree",
        "tree_id": 92,
        "latitude": 49.2783953,
        "longitude": -122.9231766
      }
    },
    {
      "type": "Feature",
      "geometry": {
        "type": "Point",
        "coordinates": [
          -122.9225454,
          49.2800538
        ]
      },
      "properties": {
        "feature_type": "tree",
        "tree_id": 93,
        "latitude": 49.2800538,
        "longitude": -122.9225454
      }
    },
    {
      "type": "Feature",
      "geometry": {
        "type": "Point",
        "coordinates": [
          -122.9219676,
          49.2789783
        ]
      },
      "properties": {
        "feature_type": "tree",
        "tree_id": 94,
        "latitude": 49.2789783,
        "longitude": -122.9219676
      }
    },
    {
      "type": "Feature",
      "geometry": {
        "type": "Point",
        "coordinates": [
          -122.9216841,
          49.2789244
        ]
      },
      "properties": {
        "feature_type": "tree",
        "tree_id": 95,
        "latitude": 49.2789244,
        "longitude": -122.9216841
      }
    },
    {
      "type": "Feature",
      "geometry": {
        "type": "Point",
        "coordinates": [
          -122.9231689,
          49.2782846
        ]
      },
      "properties": {
        "feature_type": "tree",
        "tree_id": 96,
        "latitude": 49.2782846,
        "longitude": -122.9231689
      }
    },
    {
      "type": "Feature",
      "geometry": {
        "type": "Point",
        "coordinates": [
          -122.9234354,
          49.2788447
        ]
      },
      "properties": {
        "feature_type": "tree",
        "tree_id": 97,
        "latitude": 49.2788447,
        "longitude": -122.9234354
      }
    },
    {
      "type": "Feature",
      "geometry": {
        "type": "Point",
        "coordinates": [
          -122.9211173,
          49.2785757
        ]
      },
      "properties": {
        "feature_type": "tree",
        "tree_id": 98,
        "latitude": 49.2785757,
        "longitude": -122.9211173
      }
    },
    {
      "type": "Feature",
      "geometry": {
        "type": "Point",
        "coordinates": [
          -122.9225489,
          49.2790051
        ]
      },
      "properties": {
        "feature_type": "tree",
        "tree_id": 99,
        "latitude": 49.2790051,
        "longitude": -122.9225489
      }
    },
    {
      "type": "Feature",
      "geometry": {
        "type": "Point",
        "coordinates": [
          -122.9232915,
          49.2791458
        ]
      },
      "properties": {
        "feature_type": "tree",
        "tree_id": 100,
        "latitude": 49.2791458,
        "longitude": -122.9232915
      }
    },
    {
      "type": "Feature",
      "geometry": {
        "type": "Point",
        "coordinates": [
          -122.9226467,
          49.2783107
        ]
      },
      "properties": {
        "feature_type": "tree",
        "tree_id": 101,
        "latitude": 49.2783107,
        "longitude": -122.9226467
      }
    },
    {
      "type": "Feature",
      "geometry": {
        "type": "Point",
        "coordinates": [
          -122.9233222,
          49.2786743
        ]
      },
      "properties": {
        "feature_type": "tree",
        "tree_id": 102,
        "latitude": 49.2786743,
        "longitude": -122.9233222
      }
    },
    {
      "type": "Feature",
      "geometry": {
        "type": "Point",
        "coordinates": [
          -122.9231159,
          49.2788315
        ]
      },
      "properties": {
        "feature_type": "tree",
        "tree_id": 103,
        "latitude": 49.2788315,
        "longitude": -122.9231159
      }
    },
    {
      "type": "Feature",
      "geometry": {
        "type": "Point",
        "coordinates": [
          -122.9216844,
          49.2781769
        ]
      },
      "properties": {
        "feature_type": "tree",
        "tree_id": 104,
        "latitude": 49.2781769,
        "longitude": -122.9216844
      }
    },
    {
      "type": "Feature",
      "geometry": {
        "type": "Point",
        "coordinates": [
          -122.9232048,
          49.2789288
        ]
      },
      "properties": {
        "feature_type": "tree",
        "tree_id": 105,
        "latitude": 49.2789288,
        "longitude": -122.9232048
      }
    },
    {
      "type": "Feature",
      "geometry": {
        "type": "Point",
        "coordinates": [
          -122.9234853,
          49.2784915
        ]
      },
      "properties": {
        "feature_type": "tree",
        "tree_id": 106,
        "latitude": 49.2784915,
        "longitude": -122.9234853
      }
    },
    {
      "type": "Feature",
      "geometry": {
        "type": "Point",
        "coordinates": [
          -122.9230024,
          49.2791281
        ]
      },
      "properties": {
        "feature_type": "tree",
        "tree_id": 107,
        "latitude": 49.2791281,
        "longitude": -122.9230024
      }
    },
    {
      "type": "Feature",
      "geometry": {
        "type": "Point",
        "coordinates": [
          -122.9213782,
          49.2785157
        ]
      },
      "properties": {
        "feature_type": "tree",
        "tree_id": 108,
        "latitude": 49.2785157,
        "longitude": -122.9213782
      }
    },
    {
      "type": "Feature",
      "geometry": {
        "type": "Point",
        "coordinates": [
          -122.9208053,
          49.279347
        ]
      },
      "properties": {
        "feature_type": "tree",
        "tree_id": 109,
        "latitude": 49.279347,
        "longitude": -122.9208053
      }
    },
    {
      "type": "Feature",
      "geometry": {
        "type": "Point",
        "coordinates": [
          -122.9206465,
          49.2788336
        ]
      },
      "properties": {
        "feature_type": "tree",
        "tree_id": 110,
        "latitude": 49.2788336,
        "longitude": -122.9206465
      }
    },
    {
      "type": "Feature",
      "geometry": {
        "type": "Point",
        "coordinates": [
          -122.9214175,
          49.2782989
        ]
      },
      "properties": {
        "feature_type": "tree",
        "tree_id": 111,
        "latitude": 49.2782989,
        "longitude": -122.9214175
      }
    },
    {
      "type": "Feature",
      "geometry": {
        "type": "Point",
        "coordinates": [
          -122.9232709,
          49.2793098
        ]
      },
      "properties": {
        "feature_type": "tree",
        "tree_id": 112,
        "latitude": 49.2793098,
        "longitude": -122.9232709
      }
    },
    {
      "type": "Feature",
      "geometry": {
        "type": "Point",
        "coordinates": [
          -122.9232317,
          49.2789027
        ]
      },
      "properties": {
        "feature_type": "tree",
        "tree_id": 113,
        "latitude": 49.2789027,
        "longitude": -122.9232317
      }
    },
    {
      "type": "Feature",
      "geometry": {
        "type": "Point",
        "coordinates": [
          -122.9210692,
          49.2786
        ]
      },
      "properties": {
        "feature_type": "tree",
        "tree_id": 114,
        "latitude": 49.2786,
        "longitude": -122.9210692
      }
    },
    {
      "type": "Feature",
      "geometry": {
        "type": "Point",
        "coordinates": [
          -122.9231588,
          49.2785295
        ]
      },
      "properties": {
        "feature_type": "tree",
        "tree_id": 115,
        "latitude": 49.2785295,
        "longitude": -122.9231588
      }
    },
    {
      "type": "Feature",
      "geometry": {
        "type": "Point",
        "coordinates": [
          -122.9231744,
          49.2790442
        ]
      },
      "properties": {
        "feature_type": "tree",
        "tree_id": 116,
        "latitude": 49.2790442,
        "longitude": -122.9231744
      }
    },
    {
      "type": "Feature",
      "geometry": {
        "type": "Point",
        "coordinates": [
          -122.9210475,
          49.2782862
        ]
      },
      "properties": {
        "feature_type": "tree",
        "tree_id": 117,
        "latitude": 49.2782862,
        "longitude": -122.9210475
      }
    },
    {
      "type": "Feature",
      "geometry": {
        "type": "Point",
        "coordinates": [
          -122.923668,
          49.2793266
        ]
      },
      "properties": {
        "feature_type": "tree",
        "tree_id": 118,
        "latitude": 49.2793266,
        "longitude": -122.923668
      }
    },
    {
      "type": "Feature",
      "geometry": {
        "type": "Point",
        "coordinates": [
          -122.9233357,
          49.2791062
        ]
      },
      "properties": {
        "feature_type": "tree",
        "tree_id": 119,
        "latitude": 49.2791062,
        "longitude": -122.9233357
      }
    },
    {
      "type": "Feature",
      "geometry": {
        "type": "Point",
        "coordinates": [
          -122.9213315,
          49.2782778
        ]
      },
      "properties": {
        "feature_type": "tree",
        "tree_id": 120,
        "latitude": 49.2782778,
        "longitude": -122.9213315
      }
    },
    {
      "type": "Feature",
      "geometry": {
        "type": "Point",
        "coordinates": [
          -122.9225965,
          49.2790777
        ]
      },
      "properties": {
        "feature_type": "tree",
        "tree_id": 121,
        "latitude": 49.2790777,
        "longitude": -122.9225965
      }
    },
    {
      "type": "Feature",
      "geometry": {
        "type": "Point",
        "coordinates": [
          -122.9231664,
          49.2788621
        ]
      },
      "properties": {
        "feature_type": "tree",
        "tree_id": 122,
        "latitude": 49.2788621,
        "longitude": -122.9231664
      }
    },
    {
      "type": "Feature",
      "geometry": {
        "type": "Point",
        "coordinates": [
          -122.9231311,
          49.278875
        ]
      },
      "properties": {
        "feature_type": "tree",
        "tree_id": 123,
        "latitude": 49.278875,
        "longitude": -122.9231311
      }
    },
    {
      "type": "Feature",
      "geometry": {
        "type": "Point",
        "coordinates": [
          -122.9206496,
          49.279277
        ]
      },
      "properties": {
        "feature_type": "tree",
        "tree_id": 124,
        "latitude": 49.279277,
        "longitude": -122.9206496
      }
    },
    {
      "type": "Feature",
      "geometry": {
        "type": "Point",
        "coordinates": [
          -122.9235849,
          49.2790396
        ]
      },
      "properties": {
        "feature_type": "tree",
        "tree_id": 125,
        "latitude": 49.2790396,
        "longitude": -122.9235849
      }
    },
    {
      "type": "Feature",
      "geometry": {
        "type": "Point",
        "coordinates": [
          -122.9224387,
          49.2781082
        ]
      },
      "properties": {
        "feature_type": "tree",
        "tree_id": 126,
        "latitude": 49.2781082,
        "longitude": -122.9224387
      }
    },
    {
      "type": "Feature",
      "geometry": {
        "type": "Point",
        "coordinates": [
          -122.9232439,
          49.2791799
        ]
      },
      "properties": {
        "feature_type": "tree",
        "tree_id": 127,
        "latitude": 49.2791799,
        "longitude": -122.9232439
      }
    },
    {
      "type": "Feature",
      "geometry": {
        "type": "Point",
        "coordinates": [
          -122.9214811,
          49.2785347
        ]
      },
      "properties": {
        "feature_type": "tree",
        "tree_id": 128,
        "latitude": 49.2785347,
        "longitude": -122.9214811
      }
    },
    {
      "type": "Feature",
      "geometry": {
        "type": "Point",
        "coordinates": [
          -122.9231672,
          49.2783469
        ]
      },
      "properties": {
        "feature_type": "tree",
        "tree_id": 129,
        "latitude": 49.2783469,
        "longitude": -122.9231672
      }
    },
    {
      "type": "Feature",
      "geometry": {
        "type": "Point",
        "coordinates": [
          -122.9231665,
          49.2783662
        ]
      },
      "properties": {
        "feature_type": "tree",
        "tree_id": 130,
        "latitude": 49.2783662,
        "longitude": -122.9231665
      }
    },
    {
      "type": "Feature",
      "geometry": {
        "type": "Point",
        "coordinates": [
          -122.9231576,
          49.279151
        ]
      },
      "properties": {
        "feature_type": "tree",
        "tree_id": 131,
        "latitude": 49.279151,
        "longitude": -122.9231576
      }
    },
    {
      "type": "Feature",
      "geometry": {
        "type": "Point",
        "coordinates": [
          -122.923507,
          49.2791641
        ]
      },
      "properties": {
        "feature_type": "tree",
        "tree_id": 132,
        "latitude": 49.2791641,
        "longitude": -122.923507
      }
    },
    {
      "type": "Feature",
      "geometry": {
        "type": "Point",
        "coordinates": [
          -122.9231865,
          49.2784932
        ]
      },
      "properties": {
        "feature_type": "tree",
        "tree_id": 133,
        "latitude": 49.2784932,
        "longitude": -122.9231865
      }
    },
    {
      "type": "Feature",
      "geometry": {
        "type": "Point",
        "coordinates": [
          -122.9219439,
          49.2780308
        ]
      },
      "properties": {
        "feature_type": "tree",
        "tree_id": 134,
        "latitude": 49.2780308,
        "longitude": -122.9219439
      }
    },
    {
      "type": "Feature",
      "geometry": {
        "type": "Point",
        "coordinates": [
          -122.9211793,
          49.2783355
        ]
      },
      "properties": {
        "feature_type": "tree",
        "tree_id": 135,
        "latitude": 49.2783355,
        "longitude": -122.9211793
      }
    },
    {
      "type": "Feature",
      "geometry": {
        "type": "Point",
        "coordinates": [
          -122.9226197,
          49.2781776
        ]
      },
      "properties": {
        "feature_type": "tree",
        "tree_id": 136,
        "latitude": 49.2781776,
        "longitude": -122.9226197
      }
    },
    {
      "type": "Feature",
      "geometry": {
        "type": "Point",
        "coordinates": [
          -122.9214166,
          49.2788379
        ]
      },
      "properties": {
        "feature_type": "tree",
        "tree_id": 137,
        "latitude": 49.2788379,
        "longitude": -122.9214166
      }
    },
    {
      "type": "Feature",
      "geometry": {
        "type": "Point",
        "coordinates": [
          -122.9216582,
          49.2788757
        ]
      },
      "properties": {
        "feature_type": "tree",
        "tree_id": 138,
        "latitude": 49.2788757,
        "longitude": -122.9216582
      }
    },
    {
      "type": "Feature",
      "geometry": {
        "type": "Point",
        "coordinates": [
          -122.9207605,
          49.2786092
        ]
      },
      "properties": {
        "feature_type": "tree",
        "tree_id": 139,
        "latitude": 49.2786092,
        "longitude": -122.9207605
      }
    },
    {
      "type": "Feature",
      "geometry": {
        "type": "Point",
        "coordinates": [
          -122.9213875,
          49.2782469
        ]
      },
      "properties": {
        "feature_type": "tree",
        "tree_id": 140,
        "latitude": 49.2782469,
        "longitude": -122.9213875
      }
    },
    {
      "type": "Feature",
      "geometry": {
        "type": "Point",
        "coordinates": [
          -122.923282,
          49.2784341
        ]
      },
      "properties": {
        "feature_type": "tree",
        "tree_id": 141,
        "latitude": 49.2784341,
        "longitude": -122.923282
      }
    },
    {
      "type": "Feature",
      "geometry": {
        "type": "Point",
        "coordinates": [
          -122.9233083,
          49.2784328
        ]
      },
      "properties": {
        "feature_type": "tree",
        "tree_id": 142,
        "latitude": 49.2784328,
        "longitude": -122.9233083
      }
    },
    {
      "type": "Feature",
      "geometry": {
        "type": "Point",
        "coordinates": [
          -122.923183,
          49.2789123
        ]
      },
      "properties": {
        "feature_type": "tree",
        "tree_id": 143,
        "latitude": 49.2789123,
        "longitude": -122.923183
      }
    },
    {
      "type": "Feature",
      "geometry": {
        "type": "Point",
        "coordinates": [
          -122.9212588,
          49.2788622
        ]
      },
      "properties": {
        "feature_type": "tree",
        "tree_id": 144,
        "latitude": 49.2788622,
        "longitude": -122.9212588
      }
    },
    {
      "type": "Feature",
      "geometry": {
        "type": "Point",
        "coordinates": [
          -122.9206908,
          49.2790129
        ]
      },
      "properties": {
        "feature_type": "tree",
        "tree_id": 145,
        "latitude": 49.2790129,
        "longitude": -122.9206908
      }
    },
    {
      "type": "Feature",
      "geometry": {
        "type": "Point",
        "coordinates": [
          -122.9235533,
          49.279162
        ]
      },
      "properties": {
        "feature_type": "tree",
        "tree_id": 146,
        "latitude": 49.279162,
        "longitude": -122.9235533
      }
    },
    {
      "type": "Feature",
      "geometry": {
        "type": "Point",
        "coordinates": [
          -122.9229626,
          49.278192
        ]
      },
      "properties": {
        "feature_type": "tree",
        "tree_id": 147,
        "latitude": 49.278192,
        "longitude": -122.9229626
      }
    },
    {
      "type": "Feature",
      "geometry": {
        "type": "Point",
        "coordinates": [
          -122.9232389,
          49.2787441
        ]
      },
      "properties": {
        "feature_type": "tree",
        "tree_id": 148,
        "latitude": 49.2787441,
        "longitude": -122.9232389
      }
    },
    {
      "type": "Feature",
      "geometry": {
        "type": "Point",
        "coordinates": [
          -122.9231557,
          49.278572
        ]
      },
      "properties": {
        "feature_type": "tree",
        "tree_id": 149,
        "latitude": 49.278572,
        "longitude": -122.9231557
      }
    },
    {
      "type": "Feature",
      "geometry": {
        "type": "Point",
        "coordinates": [
          -122.9221184,
          49.2781686
        ]
      },
      "properties": {
        "feature_type": "tree",
        "tree_id": 150,
        "latitude": 49.2781686,
        "longitude": -122.9221184
      }
    },
    {
      "type": "Feature",
      "geometry": {
        "type": "Point",
        "coordinates": [
          -122.9235419,
          49.2785533
        ]
      },
      "properties": {
        "feature_type": "tree",
        "tree_id": 151,
        "latitude": 49.2785533,
        "longitude": -122.9235419
      }
    },
    {
      "type": "Feature",
      "geometry": {
        "type": "Point",
        "coordinates": [
          -122.9212435,
          49.2784472
        ]
      },
      "properties": {
        "feature_type": "tree",
        "tree_id": 152,
        "latitude": 49.2784472,
        "longitude": -122.9212435
      }
    },
    {
      "type": "Feature",
      "geometry": {
        "type": "Point",
        "coordinates": [
          -122.9232032,
          49.2786663
        ]
      },
      "properties": {
        "feature_type": "tree",
        "tree_id": 153,
        "latitude": 49.2786663,
        "longitude": -122.9232032
      }
    },
    {
      "type": "Feature",
      "geometry": {
        "type": "Point",
        "coordinates": [
          -122.9210876,
          49.2782226
        ]
      },
      "properties": {
        "feature_type": "tree",
        "tree_id": 154,
        "latitude": 49.2782226,
        "longitude": -122.9210876
      }
    },
    {
      "type": "Feature",
      "geometry": {
        "type": "Point",
        "coordinates": [
          -122.9231266,
          49.27846
        ]
      },
      "properties": {
        "feature_type": "tree",
        "tree_id": 155,
        "latitude": 49.27846,
        "longitude": -122.9231266
      }
    },
    {
      "type": "Feature",
      "geometry": {
        "type": "Point",
        "coordinates": [
          -122.9234715,
          49.2792857
        ]
      },
      "properties": {
        "feature_type": "tree",
        "tree_id": 156,
        "latitude": 49.2792857,
        "longitude": -122.9234715
      }
    },
    {
      "type": "Feature",
      "geometry": {
        "type": "Point",
        "coordinates": [
          -122.921377,
          49.2781031
        ]
      },
      "properties": {
        "feature_type": "tree",
        "tree_id": 157,
        "latitude": 49.2781031,
        "longitude": -122.921377
      }
    },
    {
      "type": "Feature",
      "geometry": {
        "type": "Point",
        "coordinates": [
          -122.9236483,
          49.2791921
        ]
      },
      "properties": {
        "feature_type": "tree",
        "tree_id": 158,
        "latitude": 49.2791921,
        "longitude": -122.9236483
      }
    },
    {
      "type": "Feature",
      "geometry": {
        "type": "Point",
        "coordinates": [
          -122.9209922,
          49.2791603
        ]
      },
      "properties": {
        "feature_type": "tree",
        "tree_id": 159,
        "latitude": 49.2791603,
        "longitude": -122.9209922
      }
    },
    {
      "type": "Feature",
      "geometry": {
        "type": "Point",
        "coordinates": [
          -122.9235777,
          49.2787578
        ]
      },
      "properties": {
        "feature_type": "tree",
        "tree_id": 160,
        "latitude": 49.2787578,
        "longitude": -122.9235777
      }
    },
    {
      "type": "Feature",
      "geometry": {
        "type": "Point",
        "coordinates": [
          -122.9212289,
          49.2784735
        ]
      },
      "properties": {
        "feature_type": "tree",
        "tree_id": 161,
        "latitude": 49.2784735,
        "longitude": -122.9212289
      }
    },
    {
      "type": "Feature",
      "geometry": {
        "type": "Point",
        "coordinates": [
          -122.920867,
          49.2792617
        ]
      },
      "properties": {
        "feature_type": "tree",
        "tree_id": 162,
        "latitude": 49.2792617,
        "longitude": -122.920867
      }
    },
    {
      "type": "Feature",
      "geometry": {
        "type": "Point",
        "coordinates": [
          -122.9215002,
          49.2788498
        ]
      },
      "properties": {
        "feature_type": "tree",
        "tree_id": 163,
        "latitude": 49.2788498,
        "longitude": -122.9215002
      }
    },
    {
      "type": "Feature",
      "geometry": {
        "type": "Point",
        "coordinates": [
          -122.9235536,
          49.2788605
        ]
      },
      "properties": {
        "feature_type": "tree",
        "tree_id": 164,
        "latitude": 49.2788605,
        "longitude": -122.9235536
      }
    },
    {
      "type": "Feature",
      "geometry": {
        "type": "Point",
        "coordinates": [
          -122.923149,
          49.2789715
        ]
      },
      "properties": {
        "feature_type": "tree",
        "tree_id": 165,
        "latitude": 49.2789715,
        "longitude": -122.923149
      }
    },
    {
      "type": "Feature",
      "geometry": {
        "type": "Point",
        "coordinates": [
          -122.9232957,
          49.278718
        ]
      },
      "properties": {
        "feature_type": "tree",
        "tree_id": 166,
        "latitude": 49.278718,
        "longitude": -122.9232957
      }
    },
    {
      "type": "Feature",
      "geometry": {
        "type": "Point",
        "coordinates": [
          -122.9213173,
          49.2787328
        ]
      },
      "properties": {
        "feature_type": "tree",
        "tree_id": 167,
        "latitude": 49.2787328,
        "longitude": -122.9213173
      }
    },
    {
      "type": "Feature",
      "geometry": {
        "type": "Point",
        "coordinates": [
          -122.9232796,
          49.278379
        ]
      },
      "properties": {
        "feature_type": "tree",
        "tree_id": 168,
        "latitude": 49.278379,
        "longitude": -122.9232796
      }
    },
    {
      "type": "Feature",
      "geometry": {
        "type": "Point",
        "coordinates": [
          -122.9236108,
          49.2787406
        ]
      },
      "properties": {
        "feature_type": "tree",
        "tree_id": 169,
        "latitude": 49.2787406,
        "longitude": -122.9236108
      }
    },
    {
      "type": "Feature",
      "geometry": {
        "type": "Point",
        "coordinates": [
          -122.921506,
          49.2789238
        ]
      },
      "properties": {
        "feature_type": "tree",
        "tree_id": 170,
        "latitude": 49.2789238,
        "longitude": -122.921506
      }
    },
    {
      "type": "Feature",
      "geometry": {
        "type": "Point",
        "coordinates": [
          -122.9236941,
          49.2791233
        ]
      },
      "properties": {
        "feature_type": "tree",
        "tree_id": 171,
        "latitude": 49.2791233,
        "longitude": -122.9236941
      }
    },
    {
      "type": "Feature",
      "geometry": {
        "type": "Point",
        "coordinates": [
          -122.9218699,
          49.2782221
        ]
      },
      "properties": {
        "feature_type": "tree",
        "tree_id": 172,
        "latitude": 49.2782221,
        "longitude": -122.9218699
      }
    },
    {
      "type": "Feature",
      "geometry": {
        "type": "Point",
        "coordinates": [
          -122.921331,
          49.2784851
        ]
      },
      "properties": {
        "feature_type": "tree",
        "tree_id": 173,
        "latitude": 49.2784851,
        "longitude": -122.921331
      }
    },
    {
      "type": "Feature",
      "geometry": {
        "type": "Point",
        "coordinates": [
          -122.9231185,
          49.2792521
        ]
      },
      "properties": {
        "feature_type": "tree",
        "tree_id": 174,
        "latitude": 49.2792521,
        "longitude": -122.9231185
      }
    },
    {
      "type": "Feature",
      "geometry": {
        "type": "Point",
        "coordinates": [
          -122.9209031,
          49.2786805
        ]
      },
      "properties": {
        "feature_type": "tree",
        "tree_id": 175,
        "latitude": 49.2786805,
        "longitude": -122.9209031
      }
    },
    {
      "type": "Feature",
      "geometry": {
        "type": "Point",
        "coordinates": [
          -122.9214056,
          49.2781981
        ]
      },
      "properties": {
        "feature_type": "tree",
        "tree_id": 176,
        "latitude": 49.2781981,
        "longitude": -122.9214056
      }
    },
    {
      "type": "Feature",
      "geometry": {
        "type": "Point",
        "coordinates": [
          -122.9237022,
          49.2793624
        ]
      },
      "properties": {
        "feature_type": "tree",
        "tree_id": 177,
        "latitude": 49.2793624,
        "longitude": -122.9237022
      }
    },
    {
      "type": "Feature",
      "geometry": {
        "type": "Point",
        "coordinates": [
          -122.9210812,
          49.2784488
        ]
      },
      "properties": {
        "feature_type": "tree",
        "tree_id": 178,
        "latitude": 49.2784488,
        "longitude": -122.9210812
      }
    },
    {
      "type": "Feature",
      "geometry": {
        "type": "Point",
        "coordinates": [
          -122.9209579,
          49.2783565
        ]
      },
      "properties": {
        "feature_type": "tree",
        "tree_id": 179,
        "latitude": 49.2783565,
        "longitude": -122.9209579
      }
    },
    {
      "type": "Feature",
      "geometry": {
        "type": "Point",
        "coordinates": [
          -122.9210489,
          49.2789485
        ]
      },
      "properties": {
        "feature_type": "tree",
        "tree_id": 180,
        "latitude": 49.2789485,
        "longitude": -122.9210489
      }
    },
    {
      "type": "Feature",
      "geometry": {
        "type": "Point",
        "coordinates": [
          -122.9230527,
          49.2791247
        ]
      },
      "properties": {
        "feature_type": "tree",
        "tree_id": 181,
        "latitude": 49.2791247,
        "longitude": -122.9230527
      }
    },
    {
      "type": "Feature",
      "geometry": {
        "type": "Point",
        "coordinates": [
          -122.9232114,
          49.2785287
        ]
      },
      "properties": {
        "feature_type": "tree",
        "tree_id": 182,
        "latitude": 49.2785287,
        "longitude": -122.9232114
      }
    },
    {
      "type": "Feature",
      "geometry": {
        "type": "Point",
        "coordinates": [
          -122.9232317,
          49.2785163
        ]
      },
      "properties": {
        "feature_type": "tree",
        "tree_id": 183,
        "latitude": 49.2785163,
        "longitude": -122.9232317
      }
    },
    {
      "type": "Feature",
      "geometry": {
        "type": "Point",
        "coordinates": [
          -122.921447,
          49.2788788
        ]
      },
      "properties": {
        "feature_type": "tree",
        "tree_id": 184,
        "latitude": 49.2788788,
        "longitude": -122.921447
      }
    },
    {
      "type": "Feature",
      "geometry": {
        "type": "Point",
        "coordinates": [
          -122.9234206,
          49.278458
        ]
      },
      "properties": {
        "feature_type": "tree",
        "tree_id": 185,
        "latitude": 49.278458,
        "longitude": -122.9234206
      }
    }
  ]
}
